﻿<?xml version="1.0" encoding="utf-8"?>
<GingerRepositoryItem><Header ItemGuid="7cf6d66c-2660-497f-b77a-c24a9efb7f35" ItemType="BusinessFlow" CreatedBy="christian.poblete" Created="202102021544" GingerVersion="3.6.0.0" Version="43" LastUpdateBy="christian.poblete" LastUpdate="202102092005" />
<BusinessFlow Elapsed="4187" Guid="7cf6d66c-2660-497f-b77a-c24a9efb7f35" Name="MCO Login" ParentGuid="00000000-0000-0000-0000-000000000000" Source="Ginger" Status="Unknown">
<Activities>
<Activity ActionRunOption="StopActionsRunOnFailure" Active="True" ActivitiesGroupID="MCO Login" ActivityName="MCO Login" AutomationStatus="Automated" Description="Open browser and login to MCO" ErrorHandlerMappingType="AllAvailableHandlers" Guid="6ccf58ad-e2c3-4dcc-8950-09c2d77812e3" ParentGuid="00000000-0000-0000-0000-000000000000" PercentAutomated="69%" TargetApplication="MyWebApp">
<Acts>
<ActGenElement Description="Click gwt-debug-DisclaimerAccept_Copy" GenElementAction="CloseBrowser" Guid="62bca155-551f-45ea-a912-4d89828cfda9" MaxNumberOfRetries="2" ParentGuid="00000000-0000-0000-0000-000000000000" Platform="NA" RetryMechanismInterval="5" StatusConverter="AlwaysPass" TakeScreenShot="True" WaitVE="0" WindowsToCapture="OnlyActiveWindow">
<InputValues>
<ActInputValue Guid="2005a776-2bbc-4aa9-8646-4bbfb3d96402" Param="LocateBy" ParentGuid="00000000-0000-0000-0000-000000000000" Value="ByTitle" />
<ActInputValue Guid="d4f3095b-1a84-4e85-8f92-f1e0005a9b15" Param="LocateValue" ParentGuid="00000000-0000-0000-0000-000000000000" Value="Dashboard" />
<ActInputValue Guid="cb8b9a30-2f68-43a6-8c46-3cf7bbe82fd3" Param="Value" ParentGuid="00000000-0000-0000-0000-000000000000" />
<ActInputValue Guid="7e612724-cbdb-4911-ac41-c6981ae240f2" Param="Xoffset" ParentGuid="00000000-0000-0000-0000-000000000000" />
<ActInputValue Guid="77df4a34-b54e-4022-a85a-e0603db96e34" Param="Yoffset" ParentGuid="00000000-0000-0000-0000-000000000000" />
</InputValues>
</ActGenElement>
<ActGenElement Description="Click gwt-debug-DisclaimerAccept_Copy_Copy" GenElementAction="CloseBrowser" Guid="a3e1e8a7-bc34-4a10-9424-96750b0ed8c0" MaxNumberOfRetries="2" ParentGuid="00000000-0000-0000-0000-000000000000" Platform="NA" RetryMechanismInterval="5" StatusConverter="AlwaysPass" TakeScreenShot="True" WaitVE="0" WindowsToCapture="OnlyActiveWindow">
<InputValues>
<ActInputValue Guid="2005a776-2bbc-4aa9-8646-4bbfb3d96402" Param="LocateBy" ParentGuid="00000000-0000-0000-0000-000000000000" Value="ByTitle" />
<ActInputValue Guid="d4f3095b-1a84-4e85-8f92-f1e0005a9b15" Param="LocateValue" ParentGuid="00000000-0000-0000-0000-000000000000" Value="Amdocs MCO" />
<ActInputValue Guid="cb8b9a30-2f68-43a6-8c46-3cf7bbe82fd3" Param="Value" ParentGuid="00000000-0000-0000-0000-000000000000" />
<ActInputValue Guid="7e612724-cbdb-4911-ac41-c6981ae240f2" Param="Xoffset" ParentGuid="00000000-0000-0000-0000-000000000000" />
<ActInputValue Guid="77df4a34-b54e-4022-a85a-e0603db96e34" Param="Yoffset" ParentGuid="00000000-0000-0000-0000-000000000000" />
</InputValues>
</ActGenElement>
<ActGenElement Description="Click gwt-debug-DisclaimerAccept_Copy_Copy_Copy" GenElementAction="StartBrowser" Guid="7adea722-c210-4045-95af-910f0c5e4fbf" MaxNumberOfRetries="2" ParentGuid="00000000-0000-0000-0000-000000000000" Platform="NA" RetryMechanismInterval="5" StatusConverter="AlwaysPass" TakeScreenShot="True" WaitVE="0" WindowsToCapture="OnlyActiveWindow">
<InputValues>
<ActInputValue Guid="2005a776-2bbc-4aa9-8646-4bbfb3d96402" Param="LocateBy" ParentGuid="00000000-0000-0000-0000-000000000000" Value="NA" />
<ActInputValue Guid="d4f3095b-1a84-4e85-8f92-f1e0005a9b15" Param="LocateValue" ParentGuid="00000000-0000-0000-0000-000000000000" />
<ActInputValue Guid="cb8b9a30-2f68-43a6-8c46-3cf7bbe82fd3" Param="Value" ParentGuid="00000000-0000-0000-0000-000000000000" />
<ActInputValue Guid="7e612724-cbdb-4911-ac41-c6981ae240f2" Param="Xoffset" ParentGuid="00000000-0000-0000-0000-000000000000" />
<ActInputValue Guid="77df4a34-b54e-4022-a85a-e0603db96e34" Param="Yoffset" ParentGuid="00000000-0000-0000-0000-000000000000" />
</InputValues>
</ActGenElement>
<ActGenElement Active="True" Description="Validate if MCO session is open" EnableRetryMechanism="True" GenElementAction="Visible" Guid="145ea101-5f85-4dcb-a17a-af4273ecea68" MaxNumberOfRetries="3" ParentGuid="00000000-0000-0000-0000-000000000000" Platform="NA" RetryMechanismInterval="2" StatusConverter="IgnoreFail" TakeScreenShot="True" WaitVE="0" WindowsToCapture="OnlyActiveWindow">
<FlowControls>
<FlowControl Active="True" BusinessFlowControlAction="GoToBusinessFlow" FlowControlAction="GoToAction" Guid="ee461b24-73f7-49e3-a310-28f3dbc4cc21" Operator="ActionPassed" ParentGuid="00000000-0000-0000-0000-000000000000" Value="507d8360-c1f2-47e8-8eb5-fe444637d93e#GUID_NAME#Goto App URL - MCO" />
</FlowControls>

<InputValues>
<ActInputValue Guid="8e74da6a-60fd-41f5-8779-f8aee975dd87" Param="LocateBy" ParentGuid="00000000-0000-0000-0000-000000000000" Value="ByXPath" />
<ActInputValue Guid="e29169ba-f88b-48cd-8d02-a34d152f1b5d" Param="LocateValue" ParentGuid="00000000-0000-0000-0000-000000000000" Value="/html[1]/body[1]/div[3]/div[2]/div[1]/div[2]/div[1]/div[1]/div[1]/div[1]/div[2]/div[1]/div[1]/div[2]/div[1]/div[1]/div[1]/div[1]" />
<ActInputValue Guid="8f667374-835c-4003-8362-1651c8100fd2" Param="Value" ParentGuid="00000000-0000-0000-0000-000000000000" />
<ActInputValue Guid="a7bcd937-c472-4961-9542-d7c12d7cf468" Param="Xoffset" ParentGuid="00000000-0000-0000-0000-000000000000" />
<ActInputValue Guid="2f88ef6c-fe1a-4d3e-99d7-49abf3aafc3b" Param="Yoffset" ParentGuid="00000000-0000-0000-0000-000000000000" />
</InputValues>

<ReturnValues>
<ActReturnValue Active="True" Guid="499cae8d-f149-4abc-8192-0a7011a832ee" mExpected="False" Operator="Equals" Param="Actual" ParentGuid="00000000-0000-0000-0000-000000000000" StoreTo="None" />
</ReturnValues>
</ActGenElement>
<ActGenElement Active="True" Description="Click  Webelement ▾" GenElementAction="Click" Guid="f06cedf6-06a4-442e-be3f-f60fc27a8e03" MaxNumberOfRetries="2" ParentGuid="00000000-0000-0000-0000-000000000000" Platform="NA" RetryMechanismInterval="5" StatusConverter="None" TakeScreenShot="True" WaitVE="0" WindowsToCapture="OnlyActiveWindow">
<InputValues>
<ActInputValue Guid="528ea483-cc0d-4d50-8fa8-73f1be4fc33c" Param="LocateBy" ParentGuid="00000000-0000-0000-0000-000000000000" Value="ByXPath" />
<ActInputValue Guid="7c192850-97c9-4a72-8ea5-deccc299945c" Param="LocateValue" ParentGuid="00000000-0000-0000-0000-000000000000" Value="/html[1]/body[1]/div[3]/div[2]/div[1]/div[2]/div[1]/div[1]/div[1]/div[1]/div[2]/div[1]/div[1]/div[2]/div[1]/div[1]/div[1]/div[1]" />
<ActInputValue Guid="6bf938a2-a91a-45a9-99d0-f5340d54c1ef" Param="Value" ParentGuid="00000000-0000-0000-0000-000000000000" />
<ActInputValue Guid="0226eceb-3cb8-4636-ba1c-c788103b9221" Param="Xoffset" ParentGuid="00000000-0000-0000-0000-000000000000" />
<ActInputValue Guid="46f6371a-f29b-4168-a793-5241431b6da3" Param="Yoffset" ParentGuid="00000000-0000-0000-0000-000000000000" />
</InputValues>
</ActGenElement>
<ActGenElement Active="True" Description="Click  Webelement Logout" GenElementAction="Click" Guid="338b8abc-6e00-4aa1-a591-a6de0cb755a0" MaxNumberOfRetries="2" ParentGuid="00000000-0000-0000-0000-000000000000" Platform="NA" RetryMechanismInterval="5" StatusConverter="None" TakeScreenShot="True" WaitVE="0" WindowsToCapture="OnlyActiveWindow">
<InputValues>
<ActInputValue Guid="8750df36-6339-4490-a8cf-f5c335cdbb16" Param="LocateBy" ParentGuid="00000000-0000-0000-0000-000000000000" Value="ByID" />
<ActInputValue Guid="af300349-88fb-411e-981b-f8fa3c2d8712" Param="LocateValue" ParentGuid="00000000-0000-0000-0000-000000000000" Value="gwt-debug-MenuUserMyLogout" />
<ActInputValue Guid="eef4526c-f7e3-42d1-85e3-a2e2effedf77" Param="Value" ParentGuid="00000000-0000-0000-0000-000000000000" />
<ActInputValue Guid="5c02bbfa-a9cb-4c3a-991a-e3545215f8b6" Param="Xoffset" ParentGuid="00000000-0000-0000-0000-000000000000" />
<ActInputValue Guid="d83e36a2-6d16-4dfe-8aa9-aa8e7954aed0" Param="Yoffset" ParentGuid="00000000-0000-0000-0000-000000000000" />
</InputValues>
</ActGenElement>
<ActGotoURL Active="True" Description="Goto App URL - MCO" EnableRetryMechanism="True" Guid="507d8360-c1f2-47e8-8eb5-fe444637d93e" MaxNumberOfRetries="5" ParentGuid="00000000-0000-0000-0000-000000000000" Platform="NA" RetryMechanismInterval="2" StatusConverter="None" TakeScreenShot="True" WaitVE="0" WindowsToCapture="OnlyActiveWindow">
<InputValues>
<ActInputValue Guid="c2de3804-7b84-4ed1-b82c-ee569603cffb" Param="Value" ParentGuid="00000000-0000-0000-0000-000000000000" Value="{Var Name=MCO URL}" />
</InputValues>
</ActGotoURL>
<ActBrowserElement Active="True" Description="Browser Action" Guid="a535a946-1c8d-4583-986a-ef71744bfd84" ImplicitWait="60" MaxNumberOfRetries="2" ParentGuid="00000000-0000-0000-0000-000000000000" Platform="Web" RetryMechanismInterval="5" StatusConverter="None" TakeScreenShot="True" WaitVE="0" WindowsToCapture="OnlyActiveWindow">
<InputValues>
<ActInputValue Guid="9d0dc1c4-2bc8-44e4-8b71-f695802da26d" Param="ControlAction" ParentGuid="00000000-0000-0000-0000-000000000000" Value="SwitchWindow" />
<ActInputValue Guid="8b3ae63a-f9db-4751-b547-2195245d8c50" Param="Value" ParentGuid="00000000-0000-0000-0000-000000000000" />
<ActInputValue Guid="0cc51abf-d323-475e-a97a-c1e9d6ad82b0" Param="LocateValue" ParentGuid="00000000-0000-0000-0000-000000000000" Value="Amdocs MCO" />
<ActInputValue Guid="8ab809fb-6dc0-420d-b0fb-c21421d7ee6e" Param="GotoURLType" ParentGuid="00000000-0000-0000-0000-000000000000" Value="Current" />
<ActInputValue Guid="f59a51b4-0091-4ac6-a86b-e4ae46341e04" Param="URLSrc" ParentGuid="00000000-0000-0000-0000-000000000000" Value="Static" />
<ActInputValue Guid="de8a841d-899d-4016-b879-9572b7cfdcb5" Param="LocateBy" ParentGuid="00000000-0000-0000-0000-000000000000" Value="ByTitle" />
<ActInputValue Guid="5bca96fb-8d18-4b91-b6d4-c5aeda2f5b9d" Param="PomGUID" ParentGuid="00000000-0000-0000-0000-000000000000" />
</InputValues>
</ActBrowserElement>
<ActBrowserElement Active="True" Description="Browser Action" Guid="91f45511-eebf-4347-838c-0f9c6289f571" ImplicitWait="60" MaxNumberOfRetries="2" ParentGuid="00000000-0000-0000-0000-000000000000" Platform="Web" RetryMechanismInterval="5" StatusConverter="None" TakeScreenShot="True" WaitVE="2" WindowsToCapture="OnlyActiveWindow">
<InputValues>
<ActInputValue Guid="3ff4e190-f4d4-4535-8a06-26b6ae6f4af7" Param="ControlAction" ParentGuid="00000000-0000-0000-0000-000000000000" Value="Maximize" />
<ActInputValue Guid="2d48802f-5184-4d22-9e5d-620ecc1c4a07" Param="Value" ParentGuid="00000000-0000-0000-0000-000000000000" />
<ActInputValue Guid="14a1837d-66f2-4c39-89fd-c9d827ebc39d" Param="LocateValue" ParentGuid="00000000-0000-0000-0000-000000000000" />
<ActInputValue Guid="22fd128f-2364-4ff6-bba8-817627849d1d" Param="GotoURLType" ParentGuid="00000000-0000-0000-0000-000000000000" Value="Current" />
<ActInputValue Guid="3a1855ff-ee9c-4005-89d5-cae36a53ae7a" Param="URLSrc" ParentGuid="00000000-0000-0000-0000-000000000000" Value="Static" />
<ActInputValue Guid="252a03e2-23ad-41e0-8b54-7d0715e4f1ae" Param="LocateBy" ParentGuid="00000000-0000-0000-0000-000000000000" Value="NA" />
<ActInputValue Guid="98ff6789-0ecc-4d41-ae3a-6410f0536de3" Param="PomGUID" ParentGuid="00000000-0000-0000-0000-000000000000" />
</InputValues>
</ActBrowserElement>
<ActGenElement Active="True" Description="Click gwt-debug-DisclaimerAccept" EnableRetryMechanism="True" GenElementAction="Click" Guid="1bd13741-3261-4fb5-ac96-c0f313a55c38" MaxNumberOfRetries="5" ParentGuid="00000000-0000-0000-0000-000000000000" Platform="NA" RetryMechanismInterval="3" StatusConverter="None" TakeScreenShot="True" WaitVE="0" WindowsToCapture="OnlyActiveWindow">
<InputValues>
<ActInputValue Guid="2005a776-2bbc-4aa9-8646-4bbfb3d96402" Param="LocateBy" ParentGuid="00000000-0000-0000-0000-000000000000" Value="ByID" />
<ActInputValue Guid="d4f3095b-1a84-4e85-8f92-f1e0005a9b15" Param="LocateValue" ParentGuid="00000000-0000-0000-0000-000000000000" Value="gwt-debug-DisclaimerAccept" />
<ActInputValue Guid="cb8b9a30-2f68-43a6-8c46-3cf7bbe82fd3" Param="Value" ParentGuid="00000000-0000-0000-0000-000000000000" />
<ActInputValue Guid="7e612724-cbdb-4911-ac41-c6981ae240f2" Param="Xoffset" ParentGuid="00000000-0000-0000-0000-000000000000" />
<ActInputValue Guid="77df4a34-b54e-4022-a85a-e0603db96e34" Param="Yoffset" ParentGuid="00000000-0000-0000-0000-000000000000" />
</InputValues>
</ActGenElement>
<ActTextBox Active="True" Description="Enter value User ID" EnableRetryMechanism="True" Guid="05166ab8-a4c2-42db-b96c-0151c434a223" MaxNumberOfRetries="4" ParentGuid="00000000-0000-0000-0000-000000000000" Platform="NA" RetryMechanismInterval="3" StatusConverter="None" TakeScreenShot="True" TextBoxAction="SetValue" WaitVE="0" WindowsToCapture="OnlyActiveWindow">
<InputValues>
<ActInputValue Guid="97ef2654-84b4-4adf-89a1-9c2db52f9845" Param="LocateBy" ParentGuid="00000000-0000-0000-0000-000000000000" Value="ByID" />
<ActInputValue Guid="47290bd0-362e-4b99-bdfc-e05677fecf2f" Param="LocateValue" ParentGuid="00000000-0000-0000-0000-000000000000" Value="gwt-debug-McoAuthenticationRequestDTO-email" />
<ActInputValue Guid="3a383ca5-8515-41b0-b830-6ca1e8a8d5f0" Param="Value" ParentGuid="00000000-0000-0000-0000-000000000000" Value="root" />
</InputValues>
</ActTextBox>
<ActTextBox Active="True" Description="Enter value Password" Guid="7c6a7ac3-fbf1-4408-9236-8637cc2e79de" MaxNumberOfRetries="2" ParentGuid="00000000-0000-0000-0000-000000000000" Platform="NA" RetryMechanismInterval="5" StatusConverter="None" TakeScreenShot="True" TextBoxAction="SetValue" WaitVE="0" WindowsToCapture="OnlyActiveWindow">
<InputValues>
<ActInputValue Guid="cf4668ea-0044-4d96-a4eb-a2571f5e8278" Param="LocateBy" ParentGuid="00000000-0000-0000-0000-000000000000" Value="ByID" />
<ActInputValue Guid="982ec7c6-7b17-4338-888e-4a8153cfc40c" Param="LocateValue" ParentGuid="00000000-0000-0000-0000-000000000000" Value="gwt-debug-McoAuthenticationRequestDTO-password" />
<ActInputValue Guid="d5a490c5-50de-4652-9a24-c1c48dd448c5" Param="Value" ParentGuid="00000000-0000-0000-0000-000000000000" Value="root" />
</InputValues>
</ActTextBox>
<ActGenElement Description="Click  Webelement Login" GenElementAction="Click" Guid="5d253dc3-c740-4aca-a376-26194fe2ec55" MaxNumberOfRetries="2" ParentGuid="00000000-0000-0000-0000-000000000000" Platform="NA" RetryMechanismInterval="5" StatusConverter="None" TakeScreenShot="True" WaitVE="0" WindowsToCapture="OnlyActiveWindow">
<InputValues>
<ActInputValue Guid="918d2ebb-0f25-4a29-9a98-1f9890bfc195" Param="LocateBy" ParentGuid="00000000-0000-0000-0000-000000000000" Value="ByLinkText" />
<ActInputValue Guid="1b6e91a2-73ed-4052-9e53-e20efed533fd" Param="LocateValue" ParentGuid="00000000-0000-0000-0000-000000000000" Value="Login" />
<ActInputValue Guid="e5c1dde4-64af-475d-8522-3b5d9b7ff09b" Param="Value" ParentGuid="00000000-0000-0000-0000-000000000000" />
<ActInputValue Guid="80adb1e5-4504-475a-9a99-e14891251269" Param="Xoffset" ParentGuid="00000000-0000-0000-0000-000000000000" />
<ActInputValue Guid="5cde765e-a138-438e-b582-0a3ece61caf1" Param="Yoffset" ParentGuid="00000000-0000-0000-0000-000000000000" />
</InputValues>
</ActGenElement>
<ActGenElement Description="Click gwt-debug-Criteria_Submit" GenElementAction="Click" Guid="ca909900-e1c1-4eb9-9902-21339ed57155" MaxNumberOfRetries="2" ParentGuid="00000000-0000-0000-0000-000000000000" Platform="NA" RetryMechanismInterval="5" StatusConverter="None" TakeScreenShot="True" WaitVE="0" WindowsToCapture="OnlyActiveWindow">
<InputValues>
<ActInputValue Guid="4806b4fe-4202-4f50-ad86-a90c548bb555" Param="LocateBy" ParentGuid="00000000-0000-0000-0000-000000000000" Value="ByID" />
<ActInputValue Guid="ccf5baee-c989-4203-8143-01405b0a6b8d" Param="LocateValue" ParentGuid="00000000-0000-0000-0000-000000000000" Value="gwt-debug-Criteria_Submit" />
<ActInputValue Guid="3f952914-1050-4955-9ab5-d7db0d082b2a" Param="Value" ParentGuid="00000000-0000-0000-0000-000000000000" />
<ActInputValue Guid="7f8b71c4-d6b3-4be7-b9c5-c05d794f1c33" Param="Xoffset" ParentGuid="00000000-0000-0000-0000-000000000000" />
<ActInputValue Guid="2504d003-4adc-4dc1-9967-8ce02aa3941a" Param="Yoffset" ParentGuid="00000000-0000-0000-0000-000000000000" />
</InputValues>
</ActGenElement>
<ActSendKeys Active="True" Description="Send Keys Action - Enter" Guid="2be23828-210d-4e88-846f-426d6401a020" MaxNumberOfRetries="2" ParentGuid="00000000-0000-0000-0000-000000000000" Platform="NA" RetryMechanismInterval="5" StatusConverter="None" TakeScreenShot="True" WaitVE="0" WindowsToCapture="OnlyActiveWindow">
<InputValues>
<ActInputValue Guid="cb4f3650-beb4-4e18-a430-a5d9131c24b2" Param="LocateBy" ParentGuid="00000000-0000-0000-0000-000000000000" Value="ByTitle" />
<ActInputValue Guid="bf5dfafd-5026-4d68-bc85-8a0b4c15b73a" Param="LocateValue" ParentGuid="00000000-0000-0000-0000-000000000000" Value="Amdocs MCO" />
<ActInputValue Guid="3f2fe5e7-236c-4a53-a6f7-10b0ce4c1f16" Param="Value" ParentGuid="00000000-0000-0000-0000-000000000000" Value="{ENTER}" />
</InputValues>
</ActSendKeys>
<ActGenElement Active="True" Description="Is Visible Dashboard" EnableRetryMechanism="True" GenElementAction="Visible" Guid="956805cd-b6b8-41d3-a096-f16b59e0dec1" MaxNumberOfRetries="5" ParentGuid="00000000-0000-0000-0000-000000000000" Platform="NA" RetryMechanismInterval="2" StatusConverter="None" TakeScreenShot="True" WaitVE="0" WindowsToCapture="OnlyActiveWindow">
<InputValues>
<ActInputValue Guid="d497aa36-bd69-4a25-99d5-678f6beeda3b" Param="LocateBy" ParentGuid="00000000-0000-0000-0000-000000000000" Value="ByLinkText" />
<ActInputValue Guid="22fef22d-212c-4003-9bbf-955ed9d42ef5" Param="LocateValue" ParentGuid="00000000-0000-0000-0000-000000000000" Value="Dashboard" />
<ActInputValue Guid="65fa98a2-c3f9-4bb4-aad8-e5850f6b3b3a" Param="Value" ParentGuid="00000000-0000-0000-0000-000000000000" />
<ActInputValue Guid="f3783563-d012-491d-bad4-83d4c24604f1" Param="Xoffset" ParentGuid="00000000-0000-0000-0000-000000000000" />
<ActInputValue Guid="18e3aef4-fe96-4d87-8941-3bbf7440dd3c" Param="Yoffset" ParentGuid="00000000-0000-0000-0000-000000000000" />
</InputValues>

<ReturnValues>
<ActReturnValue Active="True" Guid="18e3da54-e5aa-4d65-843d-1fd66989fc94" mExpected="True" Operator="Equals" Param="Actual" ParentGuid="00000000-0000-0000-0000-000000000000" StoreTo="None" />
</ReturnValues>
</ActGenElement>
</Acts>

<Variables>
<VariableString Guid="cd49c9e7-090b-4ea3-8618-7a252c44ad9e" InitialStringValue="http://dt01mco:9001/mco/" MappedOutputType="None" Name="MCO URL" ParentGuid="00000000-0000-0000-0000-000000000000" SetAsInputValue="False" SetAsOutputValue="False" />
</Variables>
</Activity>
</Activities>

<ActivitiesGroups>
<ActivitiesGroup Guid="1afe8994-3e35-43a0-a48e-09fd490bdc9a" Name="MCO Login" ParentGuid="00000000-0000-0000-0000-000000000000">
<ActivitiesIdentifiers>
<ActivityIdentifiers ActivityAutomationStatus="Automated" ActivityDescription="Open browser and login to MCO" ActivityGuid="6ccf58ad-e2c3-4dcc-8950-09c2d77812e3" ActivityName="MCO Login" Guid="45bb2a13-f6d0-4834-b441-676a28325a6e" ParentGuid="00000000-0000-0000-0000-000000000000" />
</ActivitiesIdentifiers>
</ActivitiesGroup>
</ActivitiesGroups>

<TargetApplications>
<TargetApplication AppName="MyWebApp" Guid="d1df1f64-078b-4e4c-ad85-1c097457f6b0" LastExecutingAgentName="Web Chrome" ParentGuid="00000000-0000-0000-0000-000000000000" />
</TargetApplications>
</BusinessFlow></GingerRepositoryItem>