﻿<?xml version="1.0" encoding="utf-8"?>
<GingerRepositoryItem><Header ItemGuid="1175ac47-bea5-4e4b-8816-f9e4e8159e52" ItemType="BusinessFlow" CreatedBy="christian.poblete" Created="202102041809" GingerVersion="3.6.0.0" Version="9" LastUpdateBy="christian.poblete" LastUpdate="202102241317" />
<BusinessFlow Guid="1175ac47-bea5-4e4b-8816-f9e4e8159e52" Name="MCO - Templates - Tenant Cease" ParentGuid="00000000-0000-0000-0000-000000000000" Source="Ginger" Status="Unknown">
<Activities>
<Activity ActionRunOption="StopActionsRunOnFailure" Active="True" ActivitiesGroupID="MCO - Templates - Tenant Cease" ActivityName="MCO - Templates - Tenant Cease" AutomationStatus="Development" ErrorHandlerMappingType="AllAvailableHandlers" Guid="09389798-0b02-486f-ba39-87c7c623fb5e" ParentGuid="00000000-0000-0000-0000-000000000000" PercentAutomated="76%" TargetApplication="MyWebApp">
<Acts>
<ActGenElement Active="True" Description="Click  Webelement Templates" GenElementAction="Click" Guid="25822157-0a1f-4d64-8415-02399563343e" MaxNumberOfRetries="2" ParentGuid="00000000-0000-0000-0000-000000000000" Platform="NA" RetryMechanismInterval="5" StatusConverter="None" TakeScreenShot="True" WaitVE="0" WindowsToCapture="OnlyActiveWindow">
<InputValues>
<ActInputValue Guid="4924a21f-f253-420c-81f8-04bd78d97b5a" Param="LocateBy" ParentGuid="00000000-0000-0000-0000-000000000000" Value="ByXPath" />
<ActInputValue Guid="e7ebcc56-a8b7-44cb-accb-621124556dfa" Param="LocateValue" ParentGuid="00000000-0000-0000-0000-000000000000" Value="/html[1]/body[1]/div[3]/div[2]/div[1]/div[2]/div[1]/div[1]/div[1]/div[1]/div[2]/div[1]/div[1]/div[1]/div[2]/div[1]/div[1]/div[1]" />
<ActInputValue Guid="3f9ba368-0879-4dcb-9e7b-315844018295" Param="Value" ParentGuid="00000000-0000-0000-0000-000000000000" />
<ActInputValue Guid="7f673a8f-1750-48e6-ab68-aa5f30089cdc" Param="Xoffset" ParentGuid="00000000-0000-0000-0000-000000000000" />
<ActInputValue Guid="ac3dad08-15f5-41bd-81d4-e57fd29bfa0f" Param="Yoffset" ParentGuid="00000000-0000-0000-0000-000000000000" />
</InputValues>
</ActGenElement>
<ActGenElement Active="True" Description="Click  Webelement Tenant Cease by xpath" GenElementAction="Click" Guid="376f89bf-935b-432e-95c3-df284a278ee4" MaxNumberOfRetries="2" ParentGuid="00000000-0000-0000-0000-000000000000" Platform="NA" RetryMechanismInterval="5" StatusConverter="None" TakeScreenShot="True" WaitVE="0" WindowsToCapture="OnlyActiveWindow">
<InputValues>
<ActInputValue Guid="6d757635-9175-458d-80bb-fec5e565981c" Param="LocateBy" ParentGuid="00000000-0000-0000-0000-000000000000" Value="ByXPath" />
<ActInputValue Guid="33279a7d-cbe4-4b56-a035-0360cef8889a" Param="LocateValue" ParentGuid="00000000-0000-0000-0000-000000000000" Value="/html[1]/body[1]/div[3]/div[2]/div[1]/div[2]/div[1]/div[1]/div[1]/div[1]/div[3]/div[2]/div[1]/div[1]/div[2]/table[1]/tbody[1]/tr[3]/td[1]/div[1]/div[1]/div[1]/div[1]/div[3]/div[1]/table[1]/tbody[1]/tr[15]/td[1]/div[1]/div[1]" />
<ActInputValue Guid="541efe77-5cc7-412e-9fc8-4bce00877c32" Param="Value" ParentGuid="00000000-0000-0000-0000-000000000000" />
<ActInputValue Guid="c83125b0-273c-4de2-9b7e-5553be2e040e" Param="Xoffset" ParentGuid="00000000-0000-0000-0000-000000000000" />
<ActInputValue Guid="567bd2eb-1e10-4d09-ba9f-c0bb290aed5c" Param="Yoffset" ParentGuid="00000000-0000-0000-0000-000000000000" />
</InputValues>
</ActGenElement>
<ActGenElement Description="Click  Webelement Tenant Cease" GenElementAction="Click" Guid="cceef95e-f48e-444b-bbde-05b476969a91" MaxNumberOfRetries="2" ParentGuid="00000000-0000-0000-0000-000000000000" Platform="NA" RetryMechanismInterval="5" StatusConverter="None" TakeScreenShot="True" WaitVE="0" WindowsToCapture="OnlyActiveWindow">
<InputValues>
<ActInputValue Guid="6d757635-9175-458d-80bb-fec5e565981c" Param="LocateBy" ParentGuid="00000000-0000-0000-0000-000000000000" Value="ByLinkText" />
<ActInputValue Guid="33279a7d-cbe4-4b56-a035-0360cef8889a" Param="LocateValue" ParentGuid="00000000-0000-0000-0000-000000000000" Value="Tenant Cease" />
<ActInputValue Guid="541efe77-5cc7-412e-9fc8-4bce00877c32" Param="Value" ParentGuid="00000000-0000-0000-0000-000000000000" />
<ActInputValue Guid="c83125b0-273c-4de2-9b7e-5553be2e040e" Param="Xoffset" ParentGuid="00000000-0000-0000-0000-000000000000" />
<ActInputValue Guid="567bd2eb-1e10-4d09-ba9f-c0bb290aed5c" Param="Yoffset" ParentGuid="00000000-0000-0000-0000-000000000000" />
</InputValues>
</ActGenElement>
<ActGenElement Active="True" Description="Click  Webelement 1" GenElementAction="Click" Guid="4b2fb647-7b73-493b-a639-8b9f717ee671" MaxNumberOfRetries="2" ParentGuid="00000000-0000-0000-0000-000000000000" Platform="NA" RetryMechanismInterval="5" StatusConverter="None" TakeScreenShot="True" WaitVE="0" WindowsToCapture="OnlyActiveWindow">
<InputValues>
<ActInputValue Guid="a2558829-c0af-4f36-b078-c09f32ba0dd4" Param="LocateBy" ParentGuid="00000000-0000-0000-0000-000000000000" Value="ByID" />
<ActInputValue Guid="f3810e4b-3001-42ae-9ef6-a7a076e64db7" Param="LocateValue" ParentGuid="00000000-0000-0000-0000-000000000000" Value="gwt-debug-ProcessTemplateDTO-processes" />
<ActInputValue Guid="1a32f313-e4b9-4643-856d-ea97de10e08b" Param="Value" ParentGuid="00000000-0000-0000-0000-000000000000" />
<ActInputValue Guid="67780822-201b-4b59-a172-f7c0f1ad5f7d" Param="Xoffset" ParentGuid="00000000-0000-0000-0000-000000000000" />
<ActInputValue Guid="0c00dabb-c4d1-45da-a3a2-44a604a96d05" Param="Yoffset" ParentGuid="00000000-0000-0000-0000-000000000000" />
</InputValues>
</ActGenElement>
<ActGenElement Description="Click  Webelement Tenant Cease_Copy" GenElementAction="Click" Guid="269b1f97-449a-4b05-9c5d-4aa84f222333" MaxNumberOfRetries="2" ParentGuid="00000000-0000-0000-0000-000000000000" Platform="NA" RetryMechanismInterval="5" StatusConverter="None" TakeScreenShot="True" WaitVE="0" WindowsToCapture="OnlyActiveWindow">
<InputValues>
<ActInputValue Guid="a28273a0-2887-44e3-87a1-63b2e6f46efc" Param="LocateBy" ParentGuid="00000000-0000-0000-0000-000000000000" Value="ByLinkText" />
<ActInputValue Guid="a95b0412-be3c-4659-af59-d3cc09747ac3" Param="LocateValue" ParentGuid="00000000-0000-0000-0000-000000000000" Value="Tenant Cease" />
<ActInputValue Guid="f2cb00f6-d714-48ca-8c3b-9f43c7cdbdf5" Param="Value" ParentGuid="00000000-0000-0000-0000-000000000000" />
<ActInputValue Guid="a4e3ae6a-094a-42d3-a079-29dd1d202f6c" Param="Xoffset" ParentGuid="00000000-0000-0000-0000-000000000000" />
<ActInputValue Guid="032ec718-3e6f-43dd-9002-3928805eba53" Param="Yoffset" ParentGuid="00000000-0000-0000-0000-000000000000" />
</InputValues>
</ActGenElement>
<ActGenElement Active="True" Description="Click  Webelement Tenant Ceaseby xpath" GenElementAction="Click" Guid="67887360-57aa-4c8b-add2-8d82d8a3160d" MaxNumberOfRetries="2" ParentGuid="00000000-0000-0000-0000-000000000000" Platform="NA" RetryMechanismInterval="5" StatusConverter="None" TakeScreenShot="True" WaitVE="0" WindowsToCapture="OnlyActiveWindow">
<InputValues>
<ActInputValue Guid="a28273a0-2887-44e3-87a1-63b2e6f46efc" Param="LocateBy" ParentGuid="00000000-0000-0000-0000-000000000000" Value="ByXPath" />
<ActInputValue Guid="a95b0412-be3c-4659-af59-d3cc09747ac3" Param="LocateValue" ParentGuid="00000000-0000-0000-0000-000000000000" Value="/html[1]/body[1]/div[3]/div[2]/div[1]/div[2]/div[1]/div[1]/div[1]/div[1]/div[3]/div[2]/div[1]/div[1]/div[2]/table[1]/tbody[1]/tr[3]/td[1]/div[1]/div[1]/div[1]/div[1]/div[3]/div[1]/table[1]/tbody[1]/tr[2]/td[2]/div[1]" />
<ActInputValue Guid="ef16c0fb-5577-4131-9a6c-6b4cf47bb112" Param="Value" ParentGuid="00000000-0000-0000-0000-000000000000" />
<ActInputValue Guid="b8550802-2e20-4d5c-8b7f-71fdfca6ad7a" Param="Xoffset" ParentGuid="00000000-0000-0000-0000-000000000000" />
<ActInputValue Guid="9481fc08-e0d3-480c-8cd0-2834b1e4873c" Param="Yoffset" ParentGuid="00000000-0000-0000-0000-000000000000" />
</InputValues>
</ActGenElement>
<ActGenElement Description="Click  Webelement Execute Now" GenElementAction="Click" Guid="9823c0f3-de49-40b6-b2cc-5fb9ca365ab5" MaxNumberOfRetries="2" ParentGuid="00000000-0000-0000-0000-000000000000" Platform="NA" RetryMechanismInterval="5" StatusConverter="None" TakeScreenShot="True" WaitVE="0" WindowsToCapture="OnlyActiveWindow">
<InputValues>
<ActInputValue Guid="995dc5dd-5710-40a6-b069-e651e90651ca" Param="LocateBy" ParentGuid="00000000-0000-0000-0000-000000000000" Value="ByLinkText" />
<ActInputValue Guid="c148b339-2f0c-4286-b46d-1c1419873802" Param="LocateValue" ParentGuid="00000000-0000-0000-0000-000000000000" Value="Execute Now" />
<ActInputValue Guid="960d1d9b-1fb2-4c8d-807e-ae8f94213a9a" Param="Value" ParentGuid="00000000-0000-0000-0000-000000000000" />
<ActInputValue Guid="8fdc55f5-a822-41c8-aa1d-3235a2ae3d16" Param="Xoffset" ParentGuid="00000000-0000-0000-0000-000000000000" />
<ActInputValue Guid="b155c5be-764d-40be-b7a3-70516f3e6d8a" Param="Yoffset" ParentGuid="00000000-0000-0000-0000-000000000000" />
</InputValues>
</ActGenElement>
<ActGenElement Active="True" Description="Click  Webelement Execute Now_ by xpath" GenElementAction="Click" Guid="7f130500-90f0-4513-ac7d-e845ea7ab983" MaxNumberOfRetries="2" ParentGuid="00000000-0000-0000-0000-000000000000" Platform="NA" RetryMechanismInterval="5" StatusConverter="None" TakeScreenShot="True" WaitVE="0" WindowsToCapture="OnlyActiveWindow">
<InputValues>
<ActInputValue Guid="995dc5dd-5710-40a6-b069-e651e90651ca" Param="LocateBy" ParentGuid="00000000-0000-0000-0000-000000000000" Value="ByXPath" />
<ActInputValue Guid="c148b339-2f0c-4286-b46d-1c1419873802" Param="LocateValue" ParentGuid="00000000-0000-0000-0000-000000000000" Value="/html[1]/body[1]/div[3]/div[2]/div[1]/div[2]/div[1]/div[1]/div[1]/div[1]/div[3]/div[2]/div[1]/div[1]/div[2]/table[1]/tbody[1]/tr[2]/td[1]/div[1]/div[1]/div[1]/div[3]/div[1]/div[1]/div[1]" />
<ActInputValue Guid="960d1d9b-1fb2-4c8d-807e-ae8f94213a9a" Param="Value" ParentGuid="00000000-0000-0000-0000-000000000000" />
<ActInputValue Guid="8fdc55f5-a822-41c8-aa1d-3235a2ae3d16" Param="Xoffset" ParentGuid="00000000-0000-0000-0000-000000000000" />
<ActInputValue Guid="b155c5be-764d-40be-b7a3-70516f3e6d8a" Param="Yoffset" ParentGuid="00000000-0000-0000-0000-000000000000" />
</InputValues>
</ActGenElement>
<ActGenElement Description="Click  Webelement Populate" GenElementAction="Click" Guid="7c624dc8-b4e3-4673-9329-e791ab1c666a" MaxNumberOfRetries="2" ParentGuid="00000000-0000-0000-0000-000000000000" Platform="NA" RetryMechanismInterval="5" StatusConverter="None" TakeScreenShot="True" WindowsToCapture="OnlyActiveWindow">
<InputValues>
<ActInputValue Guid="8e74da6a-60fd-41f5-8779-f8aee975dd87" Param="LocateBy" ParentGuid="00000000-0000-0000-0000-000000000000" Value="ByLinkText" />
<ActInputValue Guid="e29169ba-f88b-48cd-8d02-a34d152f1b5d" Param="LocateValue" ParentGuid="00000000-0000-0000-0000-000000000000" Value="Populate" />
<ActInputValue Guid="8f667374-835c-4003-8362-1651c8100fd2" Param="Value" ParentGuid="00000000-0000-0000-0000-000000000000" />
<ActInputValue Guid="a7bcd937-c472-4961-9542-d7c12d7cf468" Param="Xoffset" ParentGuid="00000000-0000-0000-0000-000000000000" />
<ActInputValue Guid="2f88ef6c-fe1a-4d3e-99d7-49abf3aafc3b" Param="Yoffset" ParentGuid="00000000-0000-0000-0000-000000000000" />
</InputValues>
</ActGenElement>
<ActGenElement Active="True" Description="Click  Webelement Populate_xpath" GenElementAction="Click" Guid="bb2f52f6-e968-4b82-9780-d6117f9ce49e" MaxNumberOfRetries="2" ParentGuid="00000000-0000-0000-0000-000000000000" Platform="NA" RetryMechanismInterval="5" StatusConverter="None" TakeScreenShot="True" WaitVE="0" WindowsToCapture="OnlyActiveWindow">
<InputValues>
<ActInputValue Guid="8e74da6a-60fd-41f5-8779-f8aee975dd87" Param="LocateBy" ParentGuid="00000000-0000-0000-0000-000000000000" Value="ByXPath" />
<ActInputValue Guid="e29169ba-f88b-48cd-8d02-a34d152f1b5d" Param="LocateValue" ParentGuid="00000000-0000-0000-0000-000000000000" Value="/html[1]/body[1]/div[3]/div[2]/div[1]/div[2]/div[1]/div[1]/div[1]/div[1]/div[3]/div[2]/div[1]/div[1]/div[2]/table[1]/tbody[1]/tr[2]/td[1]/div[1]/div[1]/div[1]/div[3]/div[1]/div[1]/div[1]" />
<ActInputValue Guid="8f667374-835c-4003-8362-1651c8100fd2" Param="Value" ParentGuid="00000000-0000-0000-0000-000000000000" />
<ActInputValue Guid="a7bcd937-c472-4961-9542-d7c12d7cf468" Param="Xoffset" ParentGuid="00000000-0000-0000-0000-000000000000" />
<ActInputValue Guid="2f88ef6c-fe1a-4d3e-99d7-49abf3aafc3b" Param="Yoffset" ParentGuid="00000000-0000-0000-0000-000000000000" />
</InputValues>
</ActGenElement>
<ActGenElement Active="True" Description="get Population status" EnableRetryMechanism="True" GenElementAction="GetValue" Guid="900af40c-eb60-4c25-b8ce-f9be0011119f" MaxNumberOfRetries="3" ParentGuid="00000000-0000-0000-0000-000000000000" Platform="NA" RetryMechanismInterval="5" StatusConverter="IgnoreFail" TakeScreenShot="True" WaitVE="0" WindowsToCapture="OnlyActiveWindow">
<FlowControls>
<FlowControl Active="True" BusinessFlowControlAction="GoToBusinessFlow" FlowControlAction="GoToNextActivity" Guid="46e8b8d0-d8c2-4db9-aa24-ab4d42af7ef3" Operator="ActionFailed" ParentGuid="00000000-0000-0000-0000-000000000000" />
</FlowControls>

<InputValues>
<ActInputValue Guid="714a48fb-4e8b-4473-967a-d91e2262d36e" Param="LocateBy" ParentGuid="00000000-0000-0000-0000-000000000000" Value="ByID" />
<ActInputValue Guid="753e5009-584d-4f8b-9697-442d865b7a6c" Param="LocateValue" ParentGuid="00000000-0000-0000-0000-000000000000" Value="gwt-debug-ExecutionDTO-status" />
<ActInputValue Guid="de294f9a-28ec-4aa1-a459-c8b7b5f04a81" Param="Value" ParentGuid="00000000-0000-0000-0000-000000000000" />
<ActInputValue Guid="0a88e165-33d2-49e5-92ae-77b03d5dc8b1" Param="Xoffset" ParentGuid="00000000-0000-0000-0000-000000000000" />
<ActInputValue Guid="e5f5b513-ec4f-430a-b939-a1d9fcca0d03" Param="Yoffset" ParentGuid="00000000-0000-0000-0000-000000000000" />
</InputValues>

<ReturnValues>
<ActReturnValue Active="True" Guid="8755502d-7b0d-4cf5-971f-92b6c6c2ee96" mExpected="Populated" Operator="Equals" Param="Actual" ParentGuid="00000000-0000-0000-0000-000000000000" StoreTo="None" />
</ReturnValues>
</ActGenElement>
<ActGenElement Active="True" Description="Validate Approve button exist" EnableRetryMechanism="True" GenElementAction="Visible" Guid="14e558b9-1309-4707-b093-c2fc752371cb" MaxNumberOfRetries="4" ParentGuid="00000000-0000-0000-0000-000000000000" Platform="NA" RetryMechanismInterval="4" StatusConverter="None" TakeScreenShot="True" WaitVE="0" WindowsToCapture="OnlyActiveWindow">
<FlowControls>
<FlowControl Active="True" BusinessFlowControlAction="GoToBusinessFlow" FlowControlAction="GoToNextActivity" Guid="fe4b8f6d-f7e7-4bb3-9b6b-077738f4bd5d" Operator="ActionFailed" ParentGuid="00000000-0000-0000-0000-000000000000" />
</FlowControls>

<InputValues>
<ActInputValue Guid="8e74da6a-60fd-41f5-8779-f8aee975dd87" Param="LocateBy" ParentGuid="00000000-0000-0000-0000-000000000000" Value="ByXPath" />
<ActInputValue Guid="e29169ba-f88b-48cd-8d02-a34d152f1b5d" Param="LocateValue" ParentGuid="00000000-0000-0000-0000-000000000000" Value="/html[1]/body[1]/div[3]/div[2]/div[1]/div[2]/div[1]/div[1]/div[1]/div[1]/div[3]/div[2]/div[1]/div[1]/div[2]/table[1]/tbody[1]/tr[2]/td[1]/div[1]/div[1]/div[1]/div[13]/div[1]/div[1]/div[1]" />
<ActInputValue Guid="8f667374-835c-4003-8362-1651c8100fd2" Param="Value" ParentGuid="00000000-0000-0000-0000-000000000000" />
<ActInputValue Guid="a7bcd937-c472-4961-9542-d7c12d7cf468" Param="Xoffset" ParentGuid="00000000-0000-0000-0000-000000000000" />
<ActInputValue Guid="2f88ef6c-fe1a-4d3e-99d7-49abf3aafc3b" Param="Yoffset" ParentGuid="00000000-0000-0000-0000-000000000000" />
</InputValues>

<ReturnValues>
<ActReturnValue Active="True" Guid="499cae8d-f149-4abc-8192-0a7011a832ee" mExpected="True" Operator="Equals" Param="Actual" ParentGuid="00000000-0000-0000-0000-000000000000" StoreTo="None" />
</ReturnValues>
</ActGenElement>
<ActGenElement Active="True" Description="Click  Webelement Approve_xpath" GenElementAction="Click" Guid="2f90c42e-eaf0-472d-a8a7-46d2dfb84ee8" MaxNumberOfRetries="2" ParentGuid="00000000-0000-0000-0000-000000000000" Platform="NA" RetryMechanismInterval="5" StatusConverter="None" TakeScreenShot="True" WaitVE="0" WindowsToCapture="OnlyActiveWindow">
<InputValues>
<ActInputValue Guid="8e74da6a-60fd-41f5-8779-f8aee975dd87" Param="LocateBy" ParentGuid="00000000-0000-0000-0000-000000000000" Value="ByXPath" />
<ActInputValue Guid="e29169ba-f88b-48cd-8d02-a34d152f1b5d" Param="LocateValue" ParentGuid="00000000-0000-0000-0000-000000000000" Value="/html[1]/body[1]/div[3]/div[2]/div[1]/div[2]/div[1]/div[1]/div[1]/div[1]/div[3]/div[2]/div[1]/div[1]/div[2]/table[1]/tbody[1]/tr[2]/td[1]/div[1]/div[1]/div[1]/div[13]/div[1]/div[1]/div[1]" />
<ActInputValue Guid="8f667374-835c-4003-8362-1651c8100fd2" Param="Value" ParentGuid="00000000-0000-0000-0000-000000000000" />
<ActInputValue Guid="a7bcd937-c472-4961-9542-d7c12d7cf468" Param="Xoffset" ParentGuid="00000000-0000-0000-0000-000000000000" />
<ActInputValue Guid="2f88ef6c-fe1a-4d3e-99d7-49abf3aafc3b" Param="Yoffset" ParentGuid="00000000-0000-0000-0000-000000000000" />
</InputValues>
</ActGenElement>
<ActGenElement Active="True" Description="Click  Webelement Run_xpath" GenElementAction="Click" Guid="ff659d05-1e4c-4fa9-a9c4-2cd137aa8937" MaxNumberOfRetries="2" ParentGuid="00000000-0000-0000-0000-000000000000" Platform="NA" RetryMechanismInterval="5" StatusConverter="None" TakeScreenShot="True" WaitVE="0" WindowsToCapture="OnlyActiveWindow">
<InputValues>
<ActInputValue Guid="8e74da6a-60fd-41f5-8779-f8aee975dd87" Param="LocateBy" ParentGuid="00000000-0000-0000-0000-000000000000" Value="ByXPath" />
<ActInputValue Guid="e29169ba-f88b-48cd-8d02-a34d152f1b5d" Param="LocateValue" ParentGuid="00000000-0000-0000-0000-000000000000" Value="/html[1]/body[1]/div[3]/div[2]/div[1]/div[2]/div[1]/div[1]/div[1]/div[1]/div[3]/div[2]/div[1]/div[1]/div[2]/table[1]/tbody[1]/tr[2]/td[1]/div[1]/div[1]/div[1]/div[12]/div[1]/div[1]" />
<ActInputValue Guid="8f667374-835c-4003-8362-1651c8100fd2" Param="Value" ParentGuid="00000000-0000-0000-0000-000000000000" />
<ActInputValue Guid="a7bcd937-c472-4961-9542-d7c12d7cf468" Param="Xoffset" ParentGuid="00000000-0000-0000-0000-000000000000" />
<ActInputValue Guid="2f88ef6c-fe1a-4d3e-99d7-49abf3aafc3b" Param="Yoffset" ParentGuid="00000000-0000-0000-0000-000000000000" />
</InputValues>
</ActGenElement>
<ActGenElement Active="True" Description="Validate Run is finished" EnableRetryMechanism="True" GenElementAction="Visible" Guid="bf34e149-4aef-49ca-bc83-60b8bb3f7688" MaxNumberOfRetries="10" ParentGuid="00000000-0000-0000-0000-000000000000" Platform="NA" RetryMechanismInterval="4" StatusConverter="None" TakeScreenShot="True" WaitVE="0" WindowsToCapture="OnlyActiveWindow">
<InputValues>
<ActInputValue Guid="8e74da6a-60fd-41f5-8779-f8aee975dd87" Param="LocateBy" ParentGuid="00000000-0000-0000-0000-000000000000" Value="ByXPath" />
<ActInputValue Guid="e29169ba-f88b-48cd-8d02-a34d152f1b5d" Param="LocateValue" ParentGuid="00000000-0000-0000-0000-000000000000" Value="/html[1]/body[1]/div[3]/div[2]/div[1]/div[2]/div[1]/div[1]/div[1]/div[1]/div[3]/div[2]/div[1]/div[1]/div[2]/table[1]/tbody[1]/tr[2]/td[1]/div[1]/div[1]/div[1]/div[12]/div[1]/div[1]" />
<ActInputValue Guid="8f667374-835c-4003-8362-1651c8100fd2" Param="Value" ParentGuid="00000000-0000-0000-0000-000000000000" />
<ActInputValue Guid="a7bcd937-c472-4961-9542-d7c12d7cf468" Param="Xoffset" ParentGuid="00000000-0000-0000-0000-000000000000" />
<ActInputValue Guid="2f88ef6c-fe1a-4d3e-99d7-49abf3aafc3b" Param="Yoffset" ParentGuid="00000000-0000-0000-0000-000000000000" />
</InputValues>

<ReturnValues>
<ActReturnValue Active="True" Guid="499cae8d-f149-4abc-8192-0a7011a832ee" mExpected="False" Operator="Equals" Param="Actual" ParentGuid="00000000-0000-0000-0000-000000000000" StoreTo="None" />
</ReturnValues>
</ActGenElement>
<ActGenElement Active="True" Description="Click  Webelement ▾" GenElementAction="Click" Guid="e41f34e3-b3f8-47b6-9322-8c5f1bdaade7" MaxNumberOfRetries="2" ParentGuid="00000000-0000-0000-0000-000000000000" Platform="NA" RetryMechanismInterval="5" StatusConverter="None" TakeScreenShot="True" WaitVE="0" WindowsToCapture="OnlyActiveWindow">
<InputValues>
<ActInputValue Guid="528ea483-cc0d-4d50-8fa8-73f1be4fc33c" Param="LocateBy" ParentGuid="00000000-0000-0000-0000-000000000000" Value="ByXPath" />
<ActInputValue Guid="7c192850-97c9-4a72-8ea5-deccc299945c" Param="LocateValue" ParentGuid="00000000-0000-0000-0000-000000000000" Value="/html[1]/body[1]/div[3]/div[2]/div[1]/div[2]/div[1]/div[1]/div[1]/div[1]/div[2]/div[1]/div[1]/div[2]/div[1]/div[1]/div[1]/div[1]" />
<ActInputValue Guid="6bf938a2-a91a-45a9-99d0-f5340d54c1ef" Param="Value" ParentGuid="00000000-0000-0000-0000-000000000000" />
<ActInputValue Guid="0226eceb-3cb8-4636-ba1c-c788103b9221" Param="Xoffset" ParentGuid="00000000-0000-0000-0000-000000000000" />
<ActInputValue Guid="46f6371a-f29b-4168-a793-5241431b6da3" Param="Yoffset" ParentGuid="00000000-0000-0000-0000-000000000000" />
</InputValues>
</ActGenElement>
<ActGenElement Active="True" Description="Click  Webelement Logout" GenElementAction="Click" Guid="0d08a691-9246-4918-9e0c-75d28be50438" MaxNumberOfRetries="2" ParentGuid="00000000-0000-0000-0000-000000000000" Platform="NA" RetryMechanismInterval="5" StatusConverter="None" TakeScreenShot="True" WaitVE="0" WindowsToCapture="OnlyActiveWindow">
<InputValues>
<ActInputValue Guid="8750df36-6339-4490-a8cf-f5c335cdbb16" Param="LocateBy" ParentGuid="00000000-0000-0000-0000-000000000000" Value="ByID" />
<ActInputValue Guid="af300349-88fb-411e-981b-f8fa3c2d8712" Param="LocateValue" ParentGuid="00000000-0000-0000-0000-000000000000" Value="gwt-debug-MenuUserMyLogout" />
<ActInputValue Guid="eef4526c-f7e3-42d1-85e3-a2e2effedf77" Param="Value" ParentGuid="00000000-0000-0000-0000-000000000000" />
<ActInputValue Guid="5c02bbfa-a9cb-4c3a-991a-e3545215f8b6" Param="Xoffset" ParentGuid="00000000-0000-0000-0000-000000000000" />
<ActInputValue Guid="d83e36a2-6d16-4dfe-8aa9-aa8e7954aed0" Param="Yoffset" ParentGuid="00000000-0000-0000-0000-000000000000" />
</InputValues>
</ActGenElement>
</Acts>
</Activity>
</Activities>

<ActivitiesGroups>
<ActivitiesGroup Guid="4bba3f9f-f5f8-40a5-8fdc-10458c2baea4" Name="MCO - Templates - Tenant Cease" ParentGuid="00000000-0000-0000-0000-000000000000">
<ActivitiesIdentifiers>
<ActivityIdentifiers ActivityAutomationStatus="Development" ActivityGuid="09389798-0b02-486f-ba39-87c7c623fb5e" ActivityName="MCO - Templates - Tenant Cease" Guid="66709024-5b4d-463f-9bed-97626e29f437" ParentGuid="00000000-0000-0000-0000-000000000000" />
</ActivitiesIdentifiers>
</ActivitiesGroup>
</ActivitiesGroups>

<TargetApplications>
<TargetApplication AppName="MyWebApp" Guid="58068df9-e745-4110-be95-ef99f7a5f1cf" ParentGuid="00000000-0000-0000-0000-000000000000" />
</TargetApplications>
</BusinessFlow></GingerRepositoryItem>