﻿<?xml version="1.0" encoding="utf-8"?>
<GingerRepositoryItem><Header ItemGuid="b8e9c4b0-21f4-4789-a79e-ad4a98a6e036" ItemType="BusinessFlow" CreatedBy="christian.poblete" Created="202102041947" GingerVersion="3.6.0.0" Version="8" LastUpdateBy="christian.poblete" LastUpdate="202102121907" />
<BusinessFlow Guid="b8e9c4b0-21f4-4789-a79e-ad4a98a6e036" Name="MCO - Templates - Tenant Change ownership" ParentGuid="00000000-0000-0000-0000-000000000000" Source="Ginger" Status="Unknown">
<Activities>
<Activity ActionRunOption="StopActionsRunOnFailure" Active="True" ActivitiesGroupID="MCO - Templates - Tenant Change ownership" ActivityName="MCO - Templates - Tenant Change ownership" AutomationStatus="Development" ErrorHandlerMappingType="AllAvailableHandlers" Guid="ca3c534f-ab12-4465-87db-b6ae071d12d8" ParentGuid="00000000-0000-0000-0000-000000000000" PercentAutomated="76%" TargetApplication="MyWebApp">
<Acts>
<ActGenElement Active="True" Description="Click  Webelement Templates" GenElementAction="Click" Guid="4dc2058e-4a1f-485c-86d6-8c9d5350c201" MaxNumberOfRetries="2" ParentGuid="00000000-0000-0000-0000-000000000000" Platform="NA" RetryMechanismInterval="5" StatusConverter="None" TakeScreenShot="True" WaitVE="0" WindowsToCapture="OnlyActiveWindow">
<InputValues>
<ActInputValue Guid="4924a21f-f253-420c-81f8-04bd78d97b5a" Param="LocateBy" ParentGuid="00000000-0000-0000-0000-000000000000" Value="ByXPath" />
<ActInputValue Guid="e7ebcc56-a8b7-44cb-accb-621124556dfa" Param="LocateValue" ParentGuid="00000000-0000-0000-0000-000000000000" Value="/html[1]/body[1]/div[3]/div[2]/div[1]/div[2]/div[1]/div[1]/div[1]/div[1]/div[2]/div[1]/div[1]/div[1]/div[2]/div[1]/div[1]/div[1]" />
<ActInputValue Guid="3f9ba368-0879-4dcb-9e7b-315844018295" Param="Value" ParentGuid="00000000-0000-0000-0000-000000000000" />
<ActInputValue Guid="7f673a8f-1750-48e6-ab68-aa5f30089cdc" Param="Xoffset" ParentGuid="00000000-0000-0000-0000-000000000000" />
<ActInputValue Guid="ac3dad08-15f5-41bd-81d4-e57fd29bfa0f" Param="Yoffset" ParentGuid="00000000-0000-0000-0000-000000000000" />
</InputValues>
</ActGenElement>
<ActGenElement Active="True" Description="Click  Webelement Tenant Change ownership by xpath" GenElementAction="Click" Guid="65617104-3492-4bdf-98c1-4993e6e6394d" MaxNumberOfRetries="2" ParentGuid="00000000-0000-0000-0000-000000000000" Platform="NA" RetryMechanismInterval="5" StatusConverter="None" TakeScreenShot="True" WaitVE="0" WindowsToCapture="OnlyActiveWindow">
<InputValues>
<ActInputValue Guid="6d757635-9175-458d-80bb-fec5e565981c" Param="LocateBy" ParentGuid="00000000-0000-0000-0000-000000000000" Value="ByXPath" />
<ActInputValue Guid="33279a7d-cbe4-4b56-a035-0360cef8889a" Param="LocateValue" ParentGuid="00000000-0000-0000-0000-000000000000" Value="/html[1]/body[1]/div[3]/div[2]/div[1]/div[2]/div[1]/div[1]/div[1]/div[1]/div[3]/div[2]/div[1]/div[1]/div[2]/table[1]/tbody[1]/tr[3]/td[1]/div[1]/div[1]/div[1]/div[1]/div[3]/div[1]/table[1]/tbody[1]/tr[14]/td[1]/div[1]/div[1]" />
<ActInputValue Guid="541efe77-5cc7-412e-9fc8-4bce00877c32" Param="Value" ParentGuid="00000000-0000-0000-0000-000000000000" />
<ActInputValue Guid="c83125b0-273c-4de2-9b7e-5553be2e040e" Param="Xoffset" ParentGuid="00000000-0000-0000-0000-000000000000" />
<ActInputValue Guid="567bd2eb-1e10-4d09-ba9f-c0bb290aed5c" Param="Yoffset" ParentGuid="00000000-0000-0000-0000-000000000000" />
</InputValues>
</ActGenElement>
<ActGenElement Description="Click  Webelement Tenant Change ownership" GenElementAction="Click" Guid="2071e44d-8fc5-4d33-88ee-56887a27c532" MaxNumberOfRetries="2" ParentGuid="00000000-0000-0000-0000-000000000000" Platform="NA" RetryMechanismInterval="5" StatusConverter="None" TakeScreenShot="True" WaitVE="0" WindowsToCapture="OnlyActiveWindow">
<InputValues>
<ActInputValue Guid="6d757635-9175-458d-80bb-fec5e565981c" Param="LocateBy" ParentGuid="00000000-0000-0000-0000-000000000000" Value="ByLinkText" />
<ActInputValue Guid="33279a7d-cbe4-4b56-a035-0360cef8889a" Param="LocateValue" ParentGuid="00000000-0000-0000-0000-000000000000" Value="Tenant Suspend Change Ownership" />
<ActInputValue Guid="541efe77-5cc7-412e-9fc8-4bce00877c32" Param="Value" ParentGuid="00000000-0000-0000-0000-000000000000" />
<ActInputValue Guid="c83125b0-273c-4de2-9b7e-5553be2e040e" Param="Xoffset" ParentGuid="00000000-0000-0000-0000-000000000000" />
<ActInputValue Guid="567bd2eb-1e10-4d09-ba9f-c0bb290aed5c" Param="Yoffset" ParentGuid="00000000-0000-0000-0000-000000000000" />
</InputValues>
</ActGenElement>
<ActGenElement Active="True" Description="Click  Webelement 1" GenElementAction="Click" Guid="9fd89471-5788-442b-ba0b-3d58b5909f74" MaxNumberOfRetries="2" ParentGuid="00000000-0000-0000-0000-000000000000" Platform="NA" RetryMechanismInterval="5" StatusConverter="None" TakeScreenShot="True" WaitVE="0" WindowsToCapture="OnlyActiveWindow">
<InputValues>
<ActInputValue Guid="a2558829-c0af-4f36-b078-c09f32ba0dd4" Param="LocateBy" ParentGuid="00000000-0000-0000-0000-000000000000" Value="ByID" />
<ActInputValue Guid="f3810e4b-3001-42ae-9ef6-a7a076e64db7" Param="LocateValue" ParentGuid="00000000-0000-0000-0000-000000000000" Value="gwt-debug-ProcessTemplateDTO-processes" />
<ActInputValue Guid="1a32f313-e4b9-4643-856d-ea97de10e08b" Param="Value" ParentGuid="00000000-0000-0000-0000-000000000000" />
<ActInputValue Guid="67780822-201b-4b59-a172-f7c0f1ad5f7d" Param="Xoffset" ParentGuid="00000000-0000-0000-0000-000000000000" />
<ActInputValue Guid="0c00dabb-c4d1-45da-a3a2-44a604a96d05" Param="Yoffset" ParentGuid="00000000-0000-0000-0000-000000000000" />
</InputValues>
</ActGenElement>
<ActGenElement Description="Click  Webelement Tenant Change ownership" GenElementAction="Click" Guid="a7822d9e-2636-4d60-84fc-27f66eedc263" MaxNumberOfRetries="2" ParentGuid="00000000-0000-0000-0000-000000000000" Platform="NA" RetryMechanismInterval="5" StatusConverter="None" TakeScreenShot="True" WaitVE="0" WindowsToCapture="OnlyActiveWindow">
<InputValues>
<ActInputValue Guid="a28273a0-2887-44e3-87a1-63b2e6f46efc" Param="LocateBy" ParentGuid="00000000-0000-0000-0000-000000000000" Value="ByLinkText" />
<ActInputValue Guid="a95b0412-be3c-4659-af59-d3cc09747ac3" Param="LocateValue" ParentGuid="00000000-0000-0000-0000-000000000000" Value="DT1__CHOWN" />
<ActInputValue Guid="f2cb00f6-d714-48ca-8c3b-9f43c7cdbdf5" Param="Value" ParentGuid="00000000-0000-0000-0000-000000000000" />
<ActInputValue Guid="a4e3ae6a-094a-42d3-a079-29dd1d202f6c" Param="Xoffset" ParentGuid="00000000-0000-0000-0000-000000000000" />
<ActInputValue Guid="032ec718-3e6f-43dd-9002-3928805eba53" Param="Yoffset" ParentGuid="00000000-0000-0000-0000-000000000000" />
</InputValues>
</ActGenElement>
<ActGenElement Active="True" Description="Click  Webelement Tenant Change ownership by xpath" GenElementAction="Click" Guid="795fc3a1-c2ca-4710-b51f-5b51975f5794" MaxNumberOfRetries="2" ParentGuid="00000000-0000-0000-0000-000000000000" Platform="NA" RetryMechanismInterval="5" StatusConverter="None" TakeScreenShot="True" WaitVE="0" WindowsToCapture="OnlyActiveWindow">
<InputValues>
<ActInputValue Guid="a28273a0-2887-44e3-87a1-63b2e6f46efc" Param="LocateBy" ParentGuid="00000000-0000-0000-0000-000000000000" Value="ByXPath" />
<ActInputValue Guid="a95b0412-be3c-4659-af59-d3cc09747ac3" Param="LocateValue" ParentGuid="00000000-0000-0000-0000-000000000000" Value="/html[1]/body[1]/div[3]/div[2]/div[1]/div[2]/div[1]/div[1]/div[1]/div[1]/div[3]/div[2]/div[1]/div[1]/div[2]/table[1]/tbody[1]/tr[3]/td[1]/div[1]/div[1]/div[1]/div[1]/div[3]/div[1]/table[1]/tbody[1]/tr[2]/td[2]/div[1]" />
<ActInputValue Guid="ef16c0fb-5577-4131-9a6c-6b4cf47bb112" Param="Value" ParentGuid="00000000-0000-0000-0000-000000000000" />
<ActInputValue Guid="b8550802-2e20-4d5c-8b7f-71fdfca6ad7a" Param="Xoffset" ParentGuid="00000000-0000-0000-0000-000000000000" />
<ActInputValue Guid="9481fc08-e0d3-480c-8cd0-2834b1e4873c" Param="Yoffset" ParentGuid="00000000-0000-0000-0000-000000000000" />
</InputValues>
</ActGenElement>
<ActGenElement Description="Click  Webelement Execute Now" GenElementAction="Click" Guid="69b51e79-9bbf-407c-a3c0-043e8a58402f" MaxNumberOfRetries="2" ParentGuid="00000000-0000-0000-0000-000000000000" Platform="NA" RetryMechanismInterval="5" StatusConverter="None" TakeScreenShot="True" WaitVE="0" WindowsToCapture="OnlyActiveWindow">
<InputValues>
<ActInputValue Guid="995dc5dd-5710-40a6-b069-e651e90651ca" Param="LocateBy" ParentGuid="00000000-0000-0000-0000-000000000000" Value="ByLinkText" />
<ActInputValue Guid="c148b339-2f0c-4286-b46d-1c1419873802" Param="LocateValue" ParentGuid="00000000-0000-0000-0000-000000000000" Value="Execute Now" />
<ActInputValue Guid="960d1d9b-1fb2-4c8d-807e-ae8f94213a9a" Param="Value" ParentGuid="00000000-0000-0000-0000-000000000000" />
<ActInputValue Guid="8fdc55f5-a822-41c8-aa1d-3235a2ae3d16" Param="Xoffset" ParentGuid="00000000-0000-0000-0000-000000000000" />
<ActInputValue Guid="b155c5be-764d-40be-b7a3-70516f3e6d8a" Param="Yoffset" ParentGuid="00000000-0000-0000-0000-000000000000" />
</InputValues>
</ActGenElement>
<ActGenElement Active="True" Description="Click  Webelement Execute Now_ by xpath" GenElementAction="Click" Guid="86901ce4-1d43-4104-a94d-49397153bc5b" MaxNumberOfRetries="2" ParentGuid="00000000-0000-0000-0000-000000000000" Platform="NA" RetryMechanismInterval="5" StatusConverter="None" TakeScreenShot="True" WaitVE="0" WindowsToCapture="OnlyActiveWindow">
<InputValues>
<ActInputValue Guid="995dc5dd-5710-40a6-b069-e651e90651ca" Param="LocateBy" ParentGuid="00000000-0000-0000-0000-000000000000" Value="ByXPath" />
<ActInputValue Guid="c148b339-2f0c-4286-b46d-1c1419873802" Param="LocateValue" ParentGuid="00000000-0000-0000-0000-000000000000" Value="/html[1]/body[1]/div[3]/div[2]/div[1]/div[2]/div[1]/div[1]/div[1]/div[1]/div[3]/div[2]/div[1]/div[1]/div[2]/table[1]/tbody[1]/tr[2]/td[1]/div[1]/div[1]/div[1]/div[3]/div[1]/div[1]/div[1]" />
<ActInputValue Guid="960d1d9b-1fb2-4c8d-807e-ae8f94213a9a" Param="Value" ParentGuid="00000000-0000-0000-0000-000000000000" />
<ActInputValue Guid="8fdc55f5-a822-41c8-aa1d-3235a2ae3d16" Param="Xoffset" ParentGuid="00000000-0000-0000-0000-000000000000" />
<ActInputValue Guid="b155c5be-764d-40be-b7a3-70516f3e6d8a" Param="Yoffset" ParentGuid="00000000-0000-0000-0000-000000000000" />
</InputValues>
</ActGenElement>
<ActGenElement Description="Click  Webelement Populate" GenElementAction="Click" Guid="7657d512-548f-4b4b-a794-f0aded9f91d6" MaxNumberOfRetries="2" ParentGuid="00000000-0000-0000-0000-000000000000" Platform="NA" RetryMechanismInterval="5" StatusConverter="None" TakeScreenShot="True" WindowsToCapture="OnlyActiveWindow">
<InputValues>
<ActInputValue Guid="8e74da6a-60fd-41f5-8779-f8aee975dd87" Param="LocateBy" ParentGuid="00000000-0000-0000-0000-000000000000" Value="ByLinkText" />
<ActInputValue Guid="e29169ba-f88b-48cd-8d02-a34d152f1b5d" Param="LocateValue" ParentGuid="00000000-0000-0000-0000-000000000000" Value="Populate" />
<ActInputValue Guid="8f667374-835c-4003-8362-1651c8100fd2" Param="Value" ParentGuid="00000000-0000-0000-0000-000000000000" />
<ActInputValue Guid="a7bcd937-c472-4961-9542-d7c12d7cf468" Param="Xoffset" ParentGuid="00000000-0000-0000-0000-000000000000" />
<ActInputValue Guid="2f88ef6c-fe1a-4d3e-99d7-49abf3aafc3b" Param="Yoffset" ParentGuid="00000000-0000-0000-0000-000000000000" />
</InputValues>
</ActGenElement>
<ActGenElement Active="True" Description="Click  Webelement Populate_xpath" GenElementAction="Click" Guid="b43a5b46-3f0e-4640-a750-ad4a2c0d2e6d" MaxNumberOfRetries="2" ParentGuid="00000000-0000-0000-0000-000000000000" Platform="NA" RetryMechanismInterval="5" StatusConverter="None" TakeScreenShot="True" WaitVE="0" WindowsToCapture="OnlyActiveWindow">
<InputValues>
<ActInputValue Guid="8e74da6a-60fd-41f5-8779-f8aee975dd87" Param="LocateBy" ParentGuid="00000000-0000-0000-0000-000000000000" Value="ByXPath" />
<ActInputValue Guid="e29169ba-f88b-48cd-8d02-a34d152f1b5d" Param="LocateValue" ParentGuid="00000000-0000-0000-0000-000000000000" Value="/html[1]/body[1]/div[3]/div[2]/div[1]/div[2]/div[1]/div[1]/div[1]/div[1]/div[3]/div[2]/div[1]/div[1]/div[2]/table[1]/tbody[1]/tr[2]/td[1]/div[1]/div[1]/div[1]/div[3]/div[1]/div[1]/div[1]" />
<ActInputValue Guid="8f667374-835c-4003-8362-1651c8100fd2" Param="Value" ParentGuid="00000000-0000-0000-0000-000000000000" />
<ActInputValue Guid="a7bcd937-c472-4961-9542-d7c12d7cf468" Param="Xoffset" ParentGuid="00000000-0000-0000-0000-000000000000" />
<ActInputValue Guid="2f88ef6c-fe1a-4d3e-99d7-49abf3aafc3b" Param="Yoffset" ParentGuid="00000000-0000-0000-0000-000000000000" />
</InputValues>
</ActGenElement>
<ActGenElement Active="True" Description="get Population status" EnableRetryMechanism="True" GenElementAction="GetValue" Guid="2d4288b2-e469-40b5-9c5b-23c2f16ed4f3" MaxNumberOfRetries="3" ParentGuid="00000000-0000-0000-0000-000000000000" Platform="NA" RetryMechanismInterval="5" StatusConverter="IgnoreFail" TakeScreenShot="True" WaitVE="0" WindowsToCapture="OnlyActiveWindow">
<FlowControls>
<FlowControl Active="True" BusinessFlowControlAction="GoToBusinessFlow" FlowControlAction="GoToNextActivity" Guid="46e8b8d0-d8c2-4db9-aa24-ab4d42af7ef3" Operator="ActionFailed" ParentGuid="00000000-0000-0000-0000-000000000000" />
</FlowControls>

<InputValues>
<ActInputValue Guid="714a48fb-4e8b-4473-967a-d91e2262d36e" Param="LocateBy" ParentGuid="00000000-0000-0000-0000-000000000000" Value="ByID" />
<ActInputValue Guid="753e5009-584d-4f8b-9697-442d865b7a6c" Param="LocateValue" ParentGuid="00000000-0000-0000-0000-000000000000" Value="gwt-debug-ExecutionDTO-status" />
<ActInputValue Guid="de294f9a-28ec-4aa1-a459-c8b7b5f04a81" Param="Value" ParentGuid="00000000-0000-0000-0000-000000000000" />
<ActInputValue Guid="0a88e165-33d2-49e5-92ae-77b03d5dc8b1" Param="Xoffset" ParentGuid="00000000-0000-0000-0000-000000000000" />
<ActInputValue Guid="e5f5b513-ec4f-430a-b939-a1d9fcca0d03" Param="Yoffset" ParentGuid="00000000-0000-0000-0000-000000000000" />
</InputValues>

<ReturnValues>
<ActReturnValue Active="True" Guid="8755502d-7b0d-4cf5-971f-92b6c6c2ee96" mExpected="Populated" Operator="Equals" Param="Actual" ParentGuid="00000000-0000-0000-0000-000000000000" StoreTo="None" />
</ReturnValues>
</ActGenElement>
<ActGenElement Active="True" Description="Validate Approve button exist" EnableRetryMechanism="True" GenElementAction="Visible" Guid="d0c2bff7-9ab7-498a-94ad-4475a890e2be" MaxNumberOfRetries="4" ParentGuid="00000000-0000-0000-0000-000000000000" Platform="NA" RetryMechanismInterval="4" StatusConverter="None" TakeScreenShot="True" WaitVE="0" WindowsToCapture="OnlyActiveWindow">
<FlowControls>
<FlowControl Active="True" BusinessFlowControlAction="GoToBusinessFlow" FlowControlAction="GoToNextActivity" Guid="fe4b8f6d-f7e7-4bb3-9b6b-077738f4bd5d" Operator="ActionFailed" ParentGuid="00000000-0000-0000-0000-000000000000" />
</FlowControls>

<InputValues>
<ActInputValue Guid="8e74da6a-60fd-41f5-8779-f8aee975dd87" Param="LocateBy" ParentGuid="00000000-0000-0000-0000-000000000000" Value="ByXPath" />
<ActInputValue Guid="e29169ba-f88b-48cd-8d02-a34d152f1b5d" Param="LocateValue" ParentGuid="00000000-0000-0000-0000-000000000000" Value="/html[1]/body[1]/div[3]/div[2]/div[1]/div[2]/div[1]/div[1]/div[1]/div[1]/div[3]/div[2]/div[1]/div[1]/div[2]/table[1]/tbody[1]/tr[2]/td[1]/div[1]/div[1]/div[1]/div[13]/div[1]/div[1]/div[1]" />
<ActInputValue Guid="8f667374-835c-4003-8362-1651c8100fd2" Param="Value" ParentGuid="00000000-0000-0000-0000-000000000000" />
<ActInputValue Guid="a7bcd937-c472-4961-9542-d7c12d7cf468" Param="Xoffset" ParentGuid="00000000-0000-0000-0000-000000000000" />
<ActInputValue Guid="2f88ef6c-fe1a-4d3e-99d7-49abf3aafc3b" Param="Yoffset" ParentGuid="00000000-0000-0000-0000-000000000000" />
</InputValues>

<ReturnValues>
<ActReturnValue Active="True" Guid="499cae8d-f149-4abc-8192-0a7011a832ee" mExpected="True" Operator="Equals" Param="Actual" ParentGuid="00000000-0000-0000-0000-000000000000" StoreTo="None" />
</ReturnValues>
</ActGenElement>
<ActGenElement Active="True" Description="Click  Webelement Approve_xpath" GenElementAction="Click" Guid="37014bd5-c41a-44e8-bb38-e1e44e09e5e8" MaxNumberOfRetries="2" ParentGuid="00000000-0000-0000-0000-000000000000" Platform="NA" RetryMechanismInterval="5" StatusConverter="None" TakeScreenShot="True" WaitVE="0" WindowsToCapture="OnlyActiveWindow">
<InputValues>
<ActInputValue Guid="8e74da6a-60fd-41f5-8779-f8aee975dd87" Param="LocateBy" ParentGuid="00000000-0000-0000-0000-000000000000" Value="ByXPath" />
<ActInputValue Guid="e29169ba-f88b-48cd-8d02-a34d152f1b5d" Param="LocateValue" ParentGuid="00000000-0000-0000-0000-000000000000" Value="/html[1]/body[1]/div[3]/div[2]/div[1]/div[2]/div[1]/div[1]/div[1]/div[1]/div[3]/div[2]/div[1]/div[1]/div[2]/table[1]/tbody[1]/tr[2]/td[1]/div[1]/div[1]/div[1]/div[13]/div[1]/div[1]/div[1]" />
<ActInputValue Guid="8f667374-835c-4003-8362-1651c8100fd2" Param="Value" ParentGuid="00000000-0000-0000-0000-000000000000" />
<ActInputValue Guid="a7bcd937-c472-4961-9542-d7c12d7cf468" Param="Xoffset" ParentGuid="00000000-0000-0000-0000-000000000000" />
<ActInputValue Guid="2f88ef6c-fe1a-4d3e-99d7-49abf3aafc3b" Param="Yoffset" ParentGuid="00000000-0000-0000-0000-000000000000" />
</InputValues>
</ActGenElement>
<ActGenElement Active="True" Description="Click  Webelement Run_xpath" GenElementAction="Click" Guid="b1e90506-29bf-44e7-a8de-2593350e25bd" MaxNumberOfRetries="2" ParentGuid="00000000-0000-0000-0000-000000000000" Platform="NA" RetryMechanismInterval="5" StatusConverter="None" TakeScreenShot="True" WaitVE="0" WindowsToCapture="OnlyActiveWindow">
<InputValues>
<ActInputValue Guid="8e74da6a-60fd-41f5-8779-f8aee975dd87" Param="LocateBy" ParentGuid="00000000-0000-0000-0000-000000000000" Value="ByXPath" />
<ActInputValue Guid="e29169ba-f88b-48cd-8d02-a34d152f1b5d" Param="LocateValue" ParentGuid="00000000-0000-0000-0000-000000000000" Value="/html[1]/body[1]/div[3]/div[2]/div[1]/div[2]/div[1]/div[1]/div[1]/div[1]/div[3]/div[2]/div[1]/div[1]/div[2]/table[1]/tbody[1]/tr[2]/td[1]/div[1]/div[1]/div[1]/div[12]/div[1]/div[1]" />
<ActInputValue Guid="8f667374-835c-4003-8362-1651c8100fd2" Param="Value" ParentGuid="00000000-0000-0000-0000-000000000000" />
<ActInputValue Guid="a7bcd937-c472-4961-9542-d7c12d7cf468" Param="Xoffset" ParentGuid="00000000-0000-0000-0000-000000000000" />
<ActInputValue Guid="2f88ef6c-fe1a-4d3e-99d7-49abf3aafc3b" Param="Yoffset" ParentGuid="00000000-0000-0000-0000-000000000000" />
</InputValues>
</ActGenElement>
<ActGenElement Active="True" Description="Validate Run is finished" EnableRetryMechanism="True" GenElementAction="Visible" Guid="052c4d80-b450-410f-85f9-dae8d5482eb7" MaxNumberOfRetries="10" ParentGuid="00000000-0000-0000-0000-000000000000" Platform="NA" RetryMechanismInterval="4" StatusConverter="None" TakeScreenShot="True" WaitVE="0" WindowsToCapture="OnlyActiveWindow">
<InputValues>
<ActInputValue Guid="8e74da6a-60fd-41f5-8779-f8aee975dd87" Param="LocateBy" ParentGuid="00000000-0000-0000-0000-000000000000" Value="ByXPath" />
<ActInputValue Guid="e29169ba-f88b-48cd-8d02-a34d152f1b5d" Param="LocateValue" ParentGuid="00000000-0000-0000-0000-000000000000" Value="/html[1]/body[1]/div[3]/div[2]/div[1]/div[2]/div[1]/div[1]/div[1]/div[1]/div[3]/div[2]/div[1]/div[1]/div[2]/table[1]/tbody[1]/tr[2]/td[1]/div[1]/div[1]/div[1]/div[12]/div[1]/div[1]" />
<ActInputValue Guid="8f667374-835c-4003-8362-1651c8100fd2" Param="Value" ParentGuid="00000000-0000-0000-0000-000000000000" />
<ActInputValue Guid="a7bcd937-c472-4961-9542-d7c12d7cf468" Param="Xoffset" ParentGuid="00000000-0000-0000-0000-000000000000" />
<ActInputValue Guid="2f88ef6c-fe1a-4d3e-99d7-49abf3aafc3b" Param="Yoffset" ParentGuid="00000000-0000-0000-0000-000000000000" />
</InputValues>

<ReturnValues>
<ActReturnValue Active="True" Guid="499cae8d-f149-4abc-8192-0a7011a832ee" mExpected="False" Operator="Equals" Param="Actual" ParentGuid="00000000-0000-0000-0000-000000000000" StoreTo="None" />
</ReturnValues>
</ActGenElement>
<ActGenElement Active="True" Description="Click  Webelement ▾" GenElementAction="Click" Guid="d62f8262-9f58-4b0f-91fa-780a1becbd79" MaxNumberOfRetries="2" ParentGuid="00000000-0000-0000-0000-000000000000" Platform="NA" RetryMechanismInterval="5" StatusConverter="None" TakeScreenShot="True" WaitVE="0" WindowsToCapture="OnlyActiveWindow">
<InputValues>
<ActInputValue Guid="528ea483-cc0d-4d50-8fa8-73f1be4fc33c" Param="LocateBy" ParentGuid="00000000-0000-0000-0000-000000000000" Value="ByXPath" />
<ActInputValue Guid="7c192850-97c9-4a72-8ea5-deccc299945c" Param="LocateValue" ParentGuid="00000000-0000-0000-0000-000000000000" Value="/html[1]/body[1]/div[3]/div[2]/div[1]/div[2]/div[1]/div[1]/div[1]/div[1]/div[2]/div[1]/div[1]/div[2]/div[1]/div[1]/div[1]/div[1]" />
<ActInputValue Guid="6bf938a2-a91a-45a9-99d0-f5340d54c1ef" Param="Value" ParentGuid="00000000-0000-0000-0000-000000000000" />
<ActInputValue Guid="0226eceb-3cb8-4636-ba1c-c788103b9221" Param="Xoffset" ParentGuid="00000000-0000-0000-0000-000000000000" />
<ActInputValue Guid="46f6371a-f29b-4168-a793-5241431b6da3" Param="Yoffset" ParentGuid="00000000-0000-0000-0000-000000000000" />
</InputValues>
</ActGenElement>
<ActGenElement Active="True" Description="Click  Webelement Logout" GenElementAction="Click" Guid="65cf6453-5f12-4210-9998-a86c24ebd2c4" MaxNumberOfRetries="2" ParentGuid="00000000-0000-0000-0000-000000000000" Platform="NA" RetryMechanismInterval="5" StatusConverter="None" TakeScreenShot="True" WaitVE="0" WindowsToCapture="OnlyActiveWindow">
<InputValues>
<ActInputValue Guid="8750df36-6339-4490-a8cf-f5c335cdbb16" Param="LocateBy" ParentGuid="00000000-0000-0000-0000-000000000000" Value="ByID" />
<ActInputValue Guid="af300349-88fb-411e-981b-f8fa3c2d8712" Param="LocateValue" ParentGuid="00000000-0000-0000-0000-000000000000" Value="gwt-debug-MenuUserMyLogout" />
<ActInputValue Guid="eef4526c-f7e3-42d1-85e3-a2e2effedf77" Param="Value" ParentGuid="00000000-0000-0000-0000-000000000000" />
<ActInputValue Guid="5c02bbfa-a9cb-4c3a-991a-e3545215f8b6" Param="Xoffset" ParentGuid="00000000-0000-0000-0000-000000000000" />
<ActInputValue Guid="d83e36a2-6d16-4dfe-8aa9-aa8e7954aed0" Param="Yoffset" ParentGuid="00000000-0000-0000-0000-000000000000" />
</InputValues>
</ActGenElement>
</Acts>
</Activity>
</Activities>

<ActivitiesGroups>
<ActivitiesGroup Guid="c659b026-73fa-471e-9bc0-2b9a5f62d82a" Name="MCO - Templates - Tenant Change ownership" ParentGuid="00000000-0000-0000-0000-000000000000">
<ActivitiesIdentifiers>
<ActivityIdentifiers ActivityAutomationStatus="Development" ActivityGuid="ca3c534f-ab12-4465-87db-b6ae071d12d8" ActivityName="MCO - Templates - Tenant Change ownership" Guid="67fdb424-53c4-4e14-bbe0-ca06c4866dc8" ParentGuid="00000000-0000-0000-0000-000000000000" />
</ActivitiesIdentifiers>
</ActivitiesGroup>
</ActivitiesGroups>

<TargetApplications>
<TargetApplication AppName="MyWebApp" Guid="a3a66014-ba1f-44d0-bf23-7d68cee52945" ParentGuid="00000000-0000-0000-0000-000000000000" />
</TargetApplications>
</BusinessFlow></GingerRepositoryItem>