﻿<?xml version="1.0" encoding="utf-8"?>
<GingerRepositoryItem><Header ItemGuid="6527dc13-3550-445a-9a2d-fbedbcf750f0" ItemType="BusinessFlow" CreatedBy="christian.poblete" Created="202102172029" GingerVersion="3.6.0.0" Version="7" LastUpdateBy="christian.poblete" LastUpdate="202102172057" />
<BusinessFlow Guid="6527dc13-3550-445a-9a2d-fbedbcf750f0" Name="Select Incremental offer" ParentGuid="00000000-0000-0000-0000-000000000000" Source="Ginger" Status="Unknown">
<Activities>
<Activity ActionRunOption="StopActionsRunOnFailure" Active="True" ActivitiesGroupID="Provide - Select Incremental tenant offer type and search offer" ActivityName="Select Incremental tenant offer type and search offer" AutomationStatus="Development" ErrorHandlerMappingType="AllAvailableHandlers" Guid="3f1bb881-c734-4a6f-850b-4dc348974cdb" ParentGuid="00000000-0000-0000-0000-000000000000" PercentAutomated="100%" TargetApplication="MyJavaApp">
<Acts>
<ActBrowserElement Active="True" Description="Initialize Browser - JExplorerBrowser" EnableRetryMechanism="True" Guid="f51cb8b9-ec7b-4d12-9cb4-191e6517f993" ImplicitWait="60" MaxNumberOfRetries="10" ParentGuid="00000000-0000-0000-0000-000000000000" Platform="Java" RetryMechanismInterval="4" StatusConverter="None" TakeScreenShot="True" WaitVE="0" WindowsToCapture="OnlyActiveWindow">
<InputValues>
<ActInputValue Guid="c0fb397b-c1b9-4570-8a96-5f10a1e3381b" Param="LocateBy" ParentGuid="00000000-0000-0000-0000-000000000000" Value="ByXPath" />
<ActInputValue Guid="782ff102-8027-48eb-8830-ea9a2126a903" Param="LocateValue" ParentGuid="00000000-0000-0000-0000-000000000000" Value="//com.amdocs.uif.widgets.browser.JxBrowserBrowserComponent[0]" />
<ActInputValue Guid="c4dcdbe3-a195-4250-aa43-648dcdae55e5" Param="Value" ParentGuid="00000000-0000-0000-0000-000000000000" />
<ActInputValue Guid="5d315249-8e9e-434a-8d69-8730dcf22a68" Param="ControlAction" ParentGuid="00000000-0000-0000-0000-000000000000" Value="InitializeBrowser" />
<ActInputValue Guid="17c443b5-5c94-4e6c-b3e8-0a31fb365786" Param="GotoURLType" ParentGuid="00000000-0000-0000-0000-000000000000" Value="Current" />
<ActInputValue Guid="091ad99e-dd31-4c2b-8ed5-32ac643efa59" Param="URLSrc" ParentGuid="00000000-0000-0000-0000-000000000000" Value="Static" />
<ActInputValue Guid="53e8a0a9-f91b-4232-8283-9d95ef557872" Param="PomGUID" ParentGuid="00000000-0000-0000-0000-000000000000" />
</InputValues>
</ActBrowserElement>
<ActUIElement Active="True" Description="Click : Clear link" EnableRetryMechanism="True" Guid="37b70b3e-7d2b-4e99-bd81-aa260ef70bac" MaxNumberOfRetries="10" ParentGuid="00000000-0000-0000-0000-000000000000" Platform="Java" RetryMechanismInterval="4" StatusConverter="None" TakeScreenShot="True" WaitVE="0" WindowsToCapture="OnlyActiveWindow">
<InputValues>
<ActInputValue Guid="9018d2cf-d564-47c5-8205-ad6b951f3f3f" Param="ElementAction" ParentGuid="00000000-0000-0000-0000-000000000000" Value="Click" />
<ActInputValue Guid="67ef4380-2211-4d16-a1bc-3e2264c14d0e" Param="ElementType" ParentGuid="00000000-0000-0000-0000-000000000000" Value="HyperLink" />
<ActInputValue Guid="fd9cf869-b8e4-480f-ac63-b3a5ef718937" Param="IsWidgetsElement" ParentGuid="00000000-0000-0000-0000-000000000000" Value="true" />
<ActInputValue Guid="5665a1c7-434b-4552-a32a-81c8c387a98b" Param="Value" ParentGuid="00000000-0000-0000-0000-000000000000" />
<ActInputValue Guid="24691afb-275c-4835-87e1-1ec51274f406" Param="ElementLocateBy" ParentGuid="00000000-0000-0000-0000-000000000000" Value="ByRelXPath" />
<ActInputValue Guid="b5c65667-953d-426e-9882-cfc04b1b9a5c" Param="ElementLocateValue" ParentGuid="00000000-0000-0000-0000-000000000000" Value="//div[@id='BundlesListView']/div/div/div[3]/div/div[2]/div/div[2]/div/div/div/ul[3]/li/ul/li[3]/span/a" />
<ActInputValue Guid="7439873f-2936-43ce-8122-7f0685c13c49" Param="ValueToSelect" ParentGuid="00000000-0000-0000-0000-000000000000" />
<ActInputValue Guid="2de51770-9676-427f-94fd-fa3c5e7525b6" Param="TargetLocateBy" ParentGuid="00000000-0000-0000-0000-000000000000" Value="NA" />
<ActInputValue Guid="27d0deda-8fa4-47fb-a52a-3a8567f8a84e" Param="TargetElementType" ParentGuid="00000000-0000-0000-0000-000000000000" Value="Unknown" />
<ActInputValue Guid="2ae8391d-7785-4aab-a237-e0cb84104168" Param="HandleElementType" ParentGuid="00000000-0000-0000-0000-000000000000" Value="Unknown" />
<ActInputValue Guid="be9ccf9c-a27c-440a-91ea-c4a462773528" Param="HandleActionType" ParentGuid="00000000-0000-0000-0000-000000000000" Value="Unknown" />
</InputValues>
</ActUIElement>
<ActUIElement Active="True" Description="Select PO Type Individual Tenant" Guid="aee956f2-b379-434b-b8b6-4a0ec585de4d" MaxNumberOfRetries="2" ParentGuid="00000000-0000-0000-0000-000000000000" Platform="Java" RetryMechanismInterval="5" StatusConverter="None" TakeScreenShot="True" WaitVE="0" WindowsToCapture="OnlyActiveWindow">
<InputValues>
<ActInputValue Guid="a61c6e36-7bec-49bd-9636-6bc2c3b5a829" Param="ElementAction" ParentGuid="00000000-0000-0000-0000-000000000000" Value="Click" />
<ActInputValue Guid="3e9d17ea-a15a-44a2-bbfe-4a8b45b717b7" Param="ElementType" ParentGuid="00000000-0000-0000-0000-000000000000" Value="CheckBox" />
<ActInputValue Guid="630c8558-6fe0-46db-a162-4ddd36b9a68b" Param="IsWidgetsElement" ParentGuid="00000000-0000-0000-0000-000000000000" Value="true" />
<ActInputValue Guid="83bd7046-685b-4779-bfea-92693ef2a736" Param="Value" ParentGuid="00000000-0000-0000-0000-000000000000" />
<ActInputValue Guid="11a21d55-501c-4532-bdbd-f0c36e008b84" Param="ElementLocateBy" ParentGuid="00000000-0000-0000-0000-000000000000" Value="ByRelXPath" />
<ActInputValue Guid="f097a2bf-3a99-43ff-8f0f-9fe2ce99e88c" Param="ElementLocateValue" ParentGuid="00000000-0000-0000-0000-000000000000" Value="//div[@id='BundlesListView']/div/div/div[3]/div/div[2]/div/div[2]/div/div/div/ul[3]/li/ul/li[2]/label/input" />
<ActInputValue Guid="d8cc5e7a-c60d-4838-8df8-75b99f432cc8" Param="ValueToSelect" ParentGuid="00000000-0000-0000-0000-000000000000" />
<ActInputValue Guid="6cb76e19-97ef-4a21-9909-b66c5c4e52a3" Param="TargetLocateBy" ParentGuid="00000000-0000-0000-0000-000000000000" Value="NA" />
<ActInputValue Guid="9d33a15c-60a4-4476-8084-35545147cb08" Param="TargetElementType" ParentGuid="00000000-0000-0000-0000-000000000000" Value="Unknown" />
<ActInputValue Guid="a00b1aba-5b1f-4f36-8cb6-753c16064f5f" Param="HandleElementType" ParentGuid="00000000-0000-0000-0000-000000000000" Value="Unknown" />
<ActInputValue Guid="5f788fc0-2732-4bb0-8056-62723b2bc85e" Param="HandleActionType" ParentGuid="00000000-0000-0000-0000-000000000000" Value="Unknown" />
</InputValues>
</ActUIElement>
<ActUIElement Active="True" Description="Select PO Type Bulk Tenant" Guid="ded9d020-8f78-4a36-8237-1a5e1e2461b5" MaxNumberOfRetries="2" ParentGuid="00000000-0000-0000-0000-000000000000" Platform="Java" RetryMechanismInterval="5" StatusConverter="None" TakeScreenShot="True" WaitVE="0" WindowsToCapture="OnlyActiveWindow">
<InputValues>
<ActInputValue Guid="ed5b450d-7167-46c7-806d-1c0db892e8af" Param="ElementAction" ParentGuid="00000000-0000-0000-0000-000000000000" Value="Click" />
<ActInputValue Guid="cb0e986f-6bb8-4738-83de-442b49f44ff1" Param="ElementType" ParentGuid="00000000-0000-0000-0000-000000000000" Value="CheckBox" />
<ActInputValue Guid="5c89e2f7-b85a-4f77-9366-f564f4518e54" Param="IsWidgetsElement" ParentGuid="00000000-0000-0000-0000-000000000000" Value="true" />
<ActInputValue Guid="3c51f662-be5d-4b9f-8e0c-d2942b44637b" Param="Value" ParentGuid="00000000-0000-0000-0000-000000000000" />
<ActInputValue Guid="53552ec5-6345-49b6-a099-e03452348719" Param="ElementLocateBy" ParentGuid="00000000-0000-0000-0000-000000000000" Value="ByRelXPath" />
<ActInputValue Guid="952d604e-d6ab-489e-8c79-d5417b886a3b" Param="ElementLocateValue" ParentGuid="00000000-0000-0000-0000-000000000000" Value="//div[@id='BundlesListView']/div/div/div[3]/div/div[2]/div/div[2]/div/div/div/ul[3]/li/ul/li/label/input" />
<ActInputValue Guid="4202c639-982c-499a-9143-14c701e05ae1" Param="ValueToSelect" ParentGuid="00000000-0000-0000-0000-000000000000" />
<ActInputValue Guid="baa623c4-35c2-4509-bba2-c6f860184577" Param="TargetLocateBy" ParentGuid="00000000-0000-0000-0000-000000000000" Value="NA" />
<ActInputValue Guid="c8e970c5-23bf-4a7a-819c-635a83adba5f" Param="TargetElementType" ParentGuid="00000000-0000-0000-0000-000000000000" Value="Unknown" />
<ActInputValue Guid="b5ce9c70-174f-4030-9a59-6b1bfc00da92" Param="HandleElementType" ParentGuid="00000000-0000-0000-0000-000000000000" Value="Unknown" />
<ActInputValue Guid="60b0ff35-0ca3-43bc-9678-01d898504250" Param="HandleActionType" ParentGuid="00000000-0000-0000-0000-000000000000" Value="Unknown" />
</InputValues>
</ActUIElement>
<ActUIElement Active="True" Description="Set offer to search" EnableRetryMechanism="True" Guid="ec1e84d6-5b14-43ce-984c-54f230a1adde" MaxNumberOfRetries="10" ParentGuid="00000000-0000-0000-0000-000000000000" Platform="Java" RetryMechanismInterval="3" StatusConverter="None" TakeScreenShot="True" WaitVE="2" WindowsToCapture="OnlyActiveWindow">
<InputValues>
<ActInputValue Guid="56beb62a-73d0-485f-bfcc-1f14dc1b4c3f" Param="ElementAction" ParentGuid="00000000-0000-0000-0000-000000000000" Value="SetValue" />
<ActInputValue Guid="a1049669-9227-4400-96f7-41f1bb29d263" Param="ElementType" ParentGuid="00000000-0000-0000-0000-000000000000" Value="TextBox" />
<ActInputValue Guid="eeba19fd-3289-47c5-a0ca-ed50fce20274" Param="IsWidgetsElement" ParentGuid="00000000-0000-0000-0000-000000000000" Value="true" />
<ActInputValue Guid="d7500f45-0242-47da-a0d5-2a274aca0dd5" Param="Value" ParentGuid="00000000-0000-0000-0000-000000000000" Value="{Var Name=Offer name}" />
<ActInputValue Guid="0a939b22-3b1d-439d-8289-749cca5603a2" Param="ElementLocateBy" ParentGuid="00000000-0000-0000-0000-000000000000" Value="ByName" />
<ActInputValue Guid="1c124752-9089-47e7-8e65-24a0f7fbc278" Param="ElementLocateValue" ParentGuid="00000000-0000-0000-0000-000000000000" Value="search" />
<ActInputValue Guid="31e7c613-1aae-4f8b-8c8b-86a138b9140b" Param="TargetLocateBy" ParentGuid="00000000-0000-0000-0000-000000000000" Value="NA" />
<ActInputValue Guid="989a7804-cc28-4e34-8132-3c4cf1779516" Param="TargetElementType" ParentGuid="00000000-0000-0000-0000-000000000000" Value="Unknown" />
<ActInputValue Guid="e8af87f8-2bca-4081-b06a-4ff06c4118c8" Param="HandleElementType" ParentGuid="00000000-0000-0000-0000-000000000000" Value="Unknown" />
<ActInputValue Guid="2dae9198-09b4-4272-bde6-a982964c9c68" Param="HandleActionType" ParentGuid="00000000-0000-0000-0000-000000000000" Value="Unknown" />
</InputValues>
</ActUIElement>
<ActUIElement Active="True" Description="Click : Search offer" Guid="6ef94892-ac5e-4619-b3c0-e31961cd35b1" MaxNumberOfRetries="2" ParentGuid="00000000-0000-0000-0000-000000000000" Platform="Java" RetryMechanismInterval="5" StatusConverter="None" TakeScreenShot="True" WaitVE="0" WindowsToCapture="OnlyActiveWindow">
<InputValues>
<ActInputValue Guid="36c5e2e0-9702-460e-bc4c-94099eb3804f" Param="ElementAction" ParentGuid="00000000-0000-0000-0000-000000000000" Value="Click" />
<ActInputValue Guid="9239e93c-76ac-48ec-9f92-881e03e34afb" Param="ElementType" ParentGuid="00000000-0000-0000-0000-000000000000" Value="Button" />
<ActInputValue Guid="3d370914-871f-4c49-8bcb-190df86b1781" Param="IsWidgetsElement" ParentGuid="00000000-0000-0000-0000-000000000000" Value="true" />
<ActInputValue Guid="d391f73f-aa2c-400f-9435-ea73e2d9d3c1" Param="Value" ParentGuid="00000000-0000-0000-0000-000000000000" />
<ActInputValue Guid="0a35b200-92a7-4d4d-9862-52f102c2591d" Param="ElementLocateBy" ParentGuid="00000000-0000-0000-0000-000000000000" Value="ByRelXPath" />
<ActInputValue Guid="30baebae-3a39-4c15-8116-ff52db5b9cf0" Param="ElementLocateValue" ParentGuid="00000000-0000-0000-0000-000000000000" Value="//div[@id='BundlesListView']/div/div/div[3]/div/div[2]/div/div/div/input[2]" />
<ActInputValue Guid="042b8bf8-1669-481b-8ee1-9c8eb569da13" Param="ValueToSelect" ParentGuid="00000000-0000-0000-0000-000000000000" />
<ActInputValue Guid="a5be2435-a894-4006-8aa4-520fd77c5dee" Param="TargetLocateBy" ParentGuid="00000000-0000-0000-0000-000000000000" Value="NA" />
<ActInputValue Guid="acc4f343-7d92-42ea-a485-944acf30088b" Param="TargetElementType" ParentGuid="00000000-0000-0000-0000-000000000000" Value="Unknown" />
<ActInputValue Guid="798d8450-c2de-4bec-bbb4-6c294d3576b2" Param="HandleElementType" ParentGuid="00000000-0000-0000-0000-000000000000" Value="Unknown" />
<ActInputValue Guid="6dd48132-547b-4443-9256-6b7f0fdac69b" Param="HandleActionType" ParentGuid="00000000-0000-0000-0000-000000000000" Value="Unknown" />
</InputValues>
</ActUIElement>
<ActUIElement Active="True" Description="Click : Add to offer button" EnableRetryMechanism="True" Guid="c70e639c-2446-49d2-b5bf-e34cd8166e42" MaxNumberOfRetries="8" ParentGuid="00000000-0000-0000-0000-000000000000" Platform="Java" RetryMechanismInterval="3" StatusConverter="None" TakeScreenShot="True" WaitVE="2" WindowsToCapture="OnlyActiveWindow">
<InputValues>
<ActInputValue Guid="049808eb-cced-4e7f-ac06-dadc89a56e02" Param="ElementAction" ParentGuid="00000000-0000-0000-0000-000000000000" Value="Click" />
<ActInputValue Guid="5b0a7e1e-8b0a-4d0b-aecb-e349cf939e75" Param="ElementType" ParentGuid="00000000-0000-0000-0000-000000000000" Value="Button" />
<ActInputValue Guid="593a669e-3ae9-4633-84e3-91d3ce8bdeb5" Param="IsWidgetsElement" ParentGuid="00000000-0000-0000-0000-000000000000" Value="true" />
<ActInputValue Guid="7d85b0f9-5255-404c-98c6-ea9caec61fc3" Param="Value" ParentGuid="00000000-0000-0000-0000-000000000000" />
<ActInputValue Guid="81140bf0-40d1-4d27-9a7d-4200844677ad" Param="ElementLocateBy" ParentGuid="00000000-0000-0000-0000-000000000000" Value="ByXPath" />
<ActInputValue Guid="6b81c879-7f95-4dae-a4d1-ab6f1766651d" Param="ElementLocateValue" ParentGuid="00000000-0000-0000-0000-000000000000" Value="/html/body/div[3]/div/div/div/div[3]/div/div[3]/div/div/div[3]/div/ul/div/div[2]/div[2]/div/div[3]/span/button" />
<ActInputValue Guid="16703275-3889-4109-968c-cab6185bcc4f" Param="ValueToSelect" ParentGuid="00000000-0000-0000-0000-000000000000" />
<ActInputValue Guid="d4b08d9c-a893-4813-a8ca-98164bfa4cc0" Param="TargetLocateBy" ParentGuid="00000000-0000-0000-0000-000000000000" Value="NA" />
<ActInputValue Guid="d3da20e9-35c8-4bf7-b5b3-66c44a6f3363" Param="TargetElementType" ParentGuid="00000000-0000-0000-0000-000000000000" Value="Unknown" />
<ActInputValue Guid="c019f0b8-db8d-4182-8c0e-eb31ddde4e5a" Param="HandleElementType" ParentGuid="00000000-0000-0000-0000-000000000000" Value="Unknown" />
<ActInputValue Guid="e9a254bd-7b8e-470a-ba69-087554da2be7" Param="HandleActionType" ParentGuid="00000000-0000-0000-0000-000000000000" Value="Unknown" />
</InputValues>
</ActUIElement>
<ActUIElement Active="True" Description="Click : button Next" Guid="3b38c7bb-baf8-46f6-87ff-9525b6c4f9f7" MaxNumberOfRetries="2" ParentGuid="00000000-0000-0000-0000-000000000000" Platform="Java" RetryMechanismInterval="5" StatusConverter="None" TakeScreenShot="True" WaitVE="0" WindowsToCapture="OnlyActiveWindow">
<InputValues>
<ActInputValue Guid="f7fc15b7-640a-4ff7-b7cd-4d5f00a44a47" Param="ElementAction" ParentGuid="00000000-0000-0000-0000-000000000000" Value="Click" />
<ActInputValue Guid="966cbacf-6113-42d9-824a-991df3e67c18" Param="ElementType" ParentGuid="00000000-0000-0000-0000-000000000000" Value="Button" />
<ActInputValue Guid="fdd295a8-80c4-4de6-ba06-24c8039ff245" Param="Value" ParentGuid="00000000-0000-0000-0000-000000000000" />
<ActInputValue Guid="47e4c22a-b180-4af5-90c4-aa1a6387d6e7" Param="ElementLocateBy" ParentGuid="00000000-0000-0000-0000-000000000000" Value="ByXPath" />
<ActInputValue Guid="87aecb7f-8f21-42ad-b48b-20e4c9f615fa" Param="ElementLocateValue" ParentGuid="00000000-0000-0000-0000-000000000000" Value="/javax.swing.JRootPane[0]/null.layeredPane/null.contentPane/javax.swing.JSplitPane[0]/com.amdocs.uif.workspace.desktop.AppDesktopPane[0]/com.amdocs.oms.cust.offer.OffersWizardImpl/javax.swing.JRootPane[0]/null.layeredPane/root/javax.swing.JViewport[0]/root/pnlMain/pnlFooter/[[Name:btnNext][ClassName:com.amdocs.uif.widgets.ButtonNative$JXButton]]" />
<ActInputValue Guid="9740e8a9-774b-4daa-9b1a-7d7348c236a3" Param="ValueToSelect" ParentGuid="00000000-0000-0000-0000-000000000000" />
<ActInputValue Guid="0ca7ff8d-b8cc-45cd-a291-2f462273f5f0" Param="IsWidgetsElement" ParentGuid="00000000-0000-0000-0000-000000000000" Value="false" />
<ActInputValue Guid="fa48ab87-7dab-4532-b27f-353e770a70fb" Param="WaitforIdle" ParentGuid="00000000-0000-0000-0000-000000000000" Value="Medium" />
<ActInputValue Guid="c8fe3bcc-e469-45ea-8099-4c6f1ee53183" Param="TargetLocateBy" ParentGuid="00000000-0000-0000-0000-000000000000" Value="NA" />
<ActInputValue Guid="54f0fe28-2498-4b4a-b4d1-0a746b145e72" Param="TargetElementType" ParentGuid="00000000-0000-0000-0000-000000000000" Value="Unknown" />
<ActInputValue Guid="c6e25b05-85a3-4b1c-a2e4-10c205538895" Param="HandleElementType" ParentGuid="00000000-0000-0000-0000-000000000000" Value="Unknown" />
<ActInputValue Guid="93ae3407-2e7a-4e9b-9d00-4ae9ae0957a1" Param="HandleActionType" ParentGuid="00000000-0000-0000-0000-000000000000" Value="Unknown" />
</InputValues>
</ActUIElement>
</Acts>
</Activity>
</Activities>

<ActivitiesGroups>
<ActivitiesGroup Guid="57621023-8d0f-47b7-88fb-866ae74b63bf" Name="Provide - Select Incremental tenant offer type and search offer" ParentGuid="00000000-0000-0000-0000-000000000000">
<ActivitiesIdentifiers>
<ActivityIdentifiers ActivityAutomationStatus="Development" ActivityGuid="3f1bb881-c734-4a6f-850b-4dc348974cdb" ActivityName="Select Incremental tenant offer type and search offer" Guid="729ffc08-1917-4e70-8388-b76913ca6ba7" ParentGuid="00000000-0000-0000-0000-000000000000" />
</ActivitiesIdentifiers>
</ActivitiesGroup>
</ActivitiesGroups>

<TargetApplications>
<TargetApplication AppName="MyJavaApp" Guid="8ce0b17f-1cdd-41e7-accc-63a04b9d80d1" ParentGuid="00000000-0000-0000-0000-000000000000" />
<TargetApplication AppName="Mediation" Guid="17fd5b46-ed4d-4426-b962-2ccc185f224d" ParentGuid="00000000-0000-0000-0000-000000000000" />
<TargetApplication AppName="MyWindowsApp" Guid="13695f08-a4d7-4887-8103-2bc65838cd23" ParentGuid="00000000-0000-0000-0000-000000000000" />
<TargetApplication AppName="MyWebApp" Guid="b77b6db3-8449-4d87-9608-61c07be7d2fd" ParentGuid="00000000-0000-0000-0000-000000000000" />
</TargetApplications>
</BusinessFlow></GingerRepositoryItem>