﻿<?xml version="1.0" encoding="utf-8"?>
<GingerRepositoryItem><Header ItemGuid="f8bdf68e-27cd-413b-b383-d0576637a3c6" ItemType="RunSetConfig" CreatedBy="christian.poblete" Created="202102171749" GingerVersion="3.6.0.0" Version="1" LastUpdateBy="christian.poblete" LastUpdate="202102171749" />
<RunSetConfig Guid="f8bdf68e-27cd-413b-b383-d0576637a3c6" Name="Default Calendar" ParentGuid="00000000-0000-0000-0000-000000000000">
<GingerRunners>
<GingerRunner Guid="d289dc08-04be-4286-82b4-2906fc1efb2c" Name="Runner 1" ParentGuid="00000000-0000-0000-0000-000000000000" RunOption="ContinueToRunall">
<ApplicationAgents>
<ApplicationAgent AgentID="a0b55f2d-f499-4e36-8cd3-33fe41109aa0" AgentName="MyJavaApp - Agent 1" AppID="acb0db6c-991d-4c19-9f8b-3af32ef6cc3f" AppName="MyJavaApp" Guid="65b5b62c-5b3c-4bef-bd47-02d5c0d53d52" ParentGuid="00000000-0000-0000-0000-000000000000" />
<ApplicationAgent AgentID="e8a9560e-92eb-430c-a2df-49bd2b79aa7e" AgentName="Web" AppID="603cb77f-e66c-4c95-a39a-596bac7907bf" AppName="MyWebApp" Guid="bf845f5b-e2fb-4c29-88f2-2d80584f0764" ParentGuid="00000000-0000-0000-0000-000000000000" />
<ApplicationAgent AgentID="f101ee98-2b3d-4739-b72a-c2f1cfcc54fb" AgentName="Windows" AppID="f0cb9d7a-c59a-485f-ad30-1d1ca1b75f71" AppName="MyWindowsApp" Guid="4e895b85-d3de-42d7-839f-552ec8838dea" ParentGuid="00000000-0000-0000-0000-000000000000" />
<ApplicationAgent AgentID="46b79c4e-edcb-4646-921a-08e8fcdd5e79" AgentName="Unix" AppID="d2611ab1-0a6a-4519-913a-b31a5d18baa3" AppName="Mediation" Guid="6ae1f3c5-a2ec-4a48-91fe-86f6fb45870f" ParentGuid="00000000-0000-0000-0000-000000000000" />
</ApplicationAgents>

<BusinessFlowsRunList>
<BusinessFlowRun BusinessFlowGuid="eb87a959-dab6-44ca-a5e0-3aa7b79c59a2" BusinessFlowInstanceGuid="abdee6ff-5632-437d-a2c4-dbb47599cf59" BusinessFlowName="Simplified Sanity" Guid="0f4745d2-c04f-4089-8113-37fffae98484" ParentGuid="00000000-0000-0000-0000-000000000000" />
<BusinessFlowRun BusinessFlowGuid="d40ed8a6-48d1-4b12-9f13-ef76b9dcfe8d" BusinessFlowInstanceGuid="a8d2b30b-d05f-45fe-8cba-25190b54fafd" BusinessFlowIsActive="True" BusinessFlowName="CHQ - Sanity Change order(replace add on and/or equipment)" Guid="98f2f3cf-bc9c-4952-8f6c-1b7be1487325" ParentGuid="00000000-0000-0000-0000-000000000000" />
<BusinessFlowRun BusinessFlowGuid="fd1ba382-6a30-44e3-a726-718f50955ad6" BusinessFlowInstanceGuid="08221555-490b-4175-8011-909e28b9d9fe" BusinessFlowIsActive="True" BusinessFlowName="COP - Individual Provide Order (Individual Tenant offer type)" Guid="84cba83f-2381-4afa-8c07-cf10f9de572d" ParentGuid="00000000-0000-0000-0000-000000000000" />
<BusinessFlowRun BusinessFlowGuid="0e3e73bd-7c0a-4d95-9d90-c6e31e78cdf0" BusinessFlowInstanceGuid="f77a22b8-6e47-4997-9a9f-24020defbb1c" BusinessFlowIsActive="True" BusinessFlowName="CHQ - Cease - Sanity indivual cease order" Guid="a8fcb21d-8070-4d49-9823-bc44618c3c41" ParentGuid="00000000-0000-0000-0000-000000000000" />
<BusinessFlowRun BusinessFlowGuid="34b8fe6d-0cfa-49a2-b961-3918731c9197" BusinessFlowInstanceGuid="dc92aa06-be5a-4a7b-9d10-d00666eaf662" BusinessFlowIsActive="True" BusinessFlowName="Sanity - View PDF Bill" Guid="27b02082-90fa-40db-8695-2ea62dfb1cc6" ParentGuid="00000000-0000-0000-0000-000000000000" />
<BusinessFlowRun BusinessFlowGuid="480b2fd1-aaba-497c-b1b8-a36728ff5eae" BusinessFlowInstanceGuid="aae56784-dc15-4aee-9785-ddf19e18c35f" BusinessFlowIsActive="True" BusinessFlowName="CHQ - Change Ownership order (Including MCO)" Guid="33e4da81-ab5d-4991-9720-759394160724" ParentGuid="00000000-0000-0000-0000-000000000000" />
<BusinessFlowRun BusinessFlowGuid="0fe0541a-5da6-4487-8311-59147c5580af" BusinessFlowInstanceGuid="fbbb27db-0199-4102-b73b-0f531b84df43" BusinessFlowIsActive="True" BusinessFlowName="CHQ - Reestablish order (Including MCO)" Guid="5b9c29e4-41b0-47c5-9020-49489081fbd0" ParentGuid="00000000-0000-0000-0000-000000000000" />
<BusinessFlowRun BusinessFlowGuid="753e1505-92f2-48bd-bf84-66da2903ce79" BusinessFlowInstanceGuid="58fed686-67ea-4358-a25f-8b347beaa121" BusinessFlowIsActive="True" BusinessFlowName="CHQ - Resume order (Including MCO)" Guid="2d550496-f236-4430-a662-108a395659b5" ParentGuid="00000000-0000-0000-0000-000000000000" />
<BusinessFlowRun BusinessFlowGuid="409c7411-e07d-40d8-bd75-09898530d7f0" BusinessFlowInstanceGuid="3c193560-bbab-48fc-9c20-7037b587d446" BusinessFlowIsActive="True" BusinessFlowName="CHQ - Sanity Change order(replace add on and/or equipment) - MCO" Guid="0dd7ea19-8296-4981-96e8-4dcd38fa014d" ParentGuid="00000000-0000-0000-0000-000000000000" />
<BusinessFlowRun BusinessFlowGuid="72590b78-92ba-4eae-9b81-4334ad3abf89" BusinessFlowInstanceGuid="4cf000b9-479f-4288-9bf3-73aae5945eb4" BusinessFlowIsActive="True" BusinessFlowName="CHQ - Suspend order (Including MCO)" Guid="03728a48-8802-4850-a39c-c7d2cdf3bee7" ParentGuid="00000000-0000-0000-0000-000000000000" />
</BusinessFlowsRunList>
</GingerRunner>
</GingerRunners>
</RunSetConfig></GingerRepositoryItem>