﻿<?xml version="1.0" encoding="utf-8"?>
<GingerRepositoryItem><Header ItemGuid="f4322711-7859-47bd-8130-d89ca51b9f54" ItemType="BusinessFlow" CreatedBy="christian.poblete" Created="202101131633" GingerVersion="3.6.0.0" Version="14" LastUpdateBy="christian.poblete" LastUpdate="202101152054" />
<BusinessFlow Guid="f4322711-7859-47bd-8130-d89ca51b9f54" Name="CHQ - Open assigned products and search by Service ID" ParentGuid="00000000-0000-0000-0000-000000000000" Source="Ginger" Status="Unknown">
<Activities>
<Activity ActionRunOption="StopActionsRunOnFailure" Active="True" ActivitiesGroupID="CHQ - Open assigned products and search by Service ID" ActivityName="CHQ - Open assigned products screen" AutomationStatus="Development" ErrorHandlerMappingType="AllAvailableHandlers" Guid="f382ad0a-3f86-4e73-a28b-74039e09e3c8" ParentGuid="00000000-0000-0000-0000-000000000000" PercentAutomated="100%" TargetApplication="MyJavaApp">
<Acts>
<ActUIElement Active="True" Description="Click : menuSearch" Guid="b702a4c6-f2c4-4d5a-8996-695f79fd583f" MaxNumberOfRetries="2" ParentGuid="00000000-0000-0000-0000-000000000000" Platform="NA" RetryMechanismInterval="5" StatusConverter="None" TakeScreenShot="True" WaitVE="0" WindowsToCapture="OnlyActiveWindow">
<InputValues>
<ActInputValue Guid="3b179672-6649-4dda-ae85-fead997c83b1" Param="ElementAction" ParentGuid="00000000-0000-0000-0000-000000000000" Value="Click" />
<ActInputValue Guid="c24f2d8e-3677-40c6-8719-bc9bf73cad6e" Param="ElementType" ParentGuid="00000000-0000-0000-0000-000000000000" Value="MenuItem" />
<ActInputValue Guid="d3ebfb6b-e7e4-40f2-ae72-df0b13c7cea3" Param="Value" ParentGuid="00000000-0000-0000-0000-000000000000" />
<ActInputValue Guid="3585c06d-9367-4b86-ac4a-043e1262cfb3" Param="ElementLocateBy" ParentGuid="00000000-0000-0000-0000-000000000000" Value="ByName" />
<ActInputValue Guid="ac12ca7c-6b73-44d0-b273-27075e3b19ce" Param="ElementLocateValue" ParentGuid="00000000-0000-0000-0000-000000000000" Value="menuSearch" />
<ActInputValue Guid="c6bfeb01-e270-487f-b270-d50dd0a7e8bf" Param="ValueToSelect" ParentGuid="00000000-0000-0000-0000-000000000000" />
<ActInputValue Guid="88daa5c8-2ed3-46b7-9257-cbe9946f416d" Param="TargetLocateBy" ParentGuid="00000000-0000-0000-0000-000000000000" Value="NA" />
<ActInputValue Guid="6a8a5912-3e6a-4bd3-8b63-fbc1b2f73eda" Param="TargetElementType" ParentGuid="00000000-0000-0000-0000-000000000000" Value="Unknown" />
<ActInputValue Guid="c6ab6a2d-81ab-48f5-8bf9-1437679d5873" Param="HandleElementType" ParentGuid="00000000-0000-0000-0000-000000000000" Value="Unknown" />
<ActInputValue Guid="e5093baa-ef20-4fcf-b84a-22811ec916ba" Param="HandleActionType" ParentGuid="00000000-0000-0000-0000-000000000000" Value="Unknown" />
</InputValues>
</ActUIElement>
<ActUIElement Active="True" Description="Click : menuSearchOrdering" Guid="b771010d-2b13-4472-82c8-a7e34a4829a6" MaxNumberOfRetries="2" ParentGuid="00000000-0000-0000-0000-000000000000" Platform="Java" RetryMechanismInterval="5" StatusConverter="None" TakeScreenShot="True" WaitVE="0" WindowsToCapture="OnlyActiveWindow">
<InputValues>
<ActInputValue Guid="082d514c-032b-4dbb-8171-0feb238332eb" Param="ElementAction" ParentGuid="00000000-0000-0000-0000-000000000000" Value="Click" />
<ActInputValue Guid="04c7e654-be3d-4981-86be-03374ef42b8f" Param="ElementType" ParentGuid="00000000-0000-0000-0000-000000000000" Value="MenuItem" />
<ActInputValue Guid="f9214061-831c-4320-aa0e-47b343ad4964" Param="Value" ParentGuid="00000000-0000-0000-0000-000000000000" />
<ActInputValue Guid="d3fa08e6-c490-4406-9eb5-ca48594c7a49" Param="ElementLocateBy" ParentGuid="00000000-0000-0000-0000-000000000000" Value="ByName" />
<ActInputValue Guid="172c55da-d3c7-4996-9c8b-cc3946529df7" Param="ElementLocateValue" ParentGuid="00000000-0000-0000-0000-000000000000" Value="menuSearchOrdering" />
<ActInputValue Guid="e2c0ecb1-ece2-425b-a189-938321329829" Param="ValueToSelect" ParentGuid="00000000-0000-0000-0000-000000000000" />
<ActInputValue Guid="8873e5ec-56aa-499b-8600-fa616d5af911" Param="IsWidgetsElement" ParentGuid="00000000-0000-0000-0000-000000000000" Value="false" />
<ActInputValue Guid="004c8b56-c00c-4a3f-9c44-933d31081380" Param="WaitforIdle" ParentGuid="00000000-0000-0000-0000-000000000000" Value="Medium" />
<ActInputValue Guid="7951e081-73ed-4de8-bc8d-3ebe2d0334c4" Param="TargetLocateBy" ParentGuid="00000000-0000-0000-0000-000000000000" Value="NA" />
<ActInputValue Guid="e26e1dd1-44bd-4afc-8928-6584acceb6c3" Param="TargetElementType" ParentGuid="00000000-0000-0000-0000-000000000000" Value="Unknown" />
<ActInputValue Guid="2f268d25-ed10-4da2-9e64-98f970e94c8f" Param="HandleElementType" ParentGuid="00000000-0000-0000-0000-000000000000" Value="Unknown" />
<ActInputValue Guid="cc86ad77-5d4d-4f18-a3b6-612a53d58f3e" Param="HandleActionType" ParentGuid="00000000-0000-0000-0000-000000000000" Value="Unknown" />
</InputValues>
</ActUIElement>
<ActUIElement Active="True" Description="Click : menuItemSearchAssignedProducts" Guid="9f88e011-44ce-443b-bc32-eb920930c91b" MaxNumberOfRetries="2" ParentGuid="00000000-0000-0000-0000-000000000000" Platform="Java" RetryMechanismInterval="5" StatusConverter="None" TakeScreenShot="True" WaitVE="0" WindowsToCapture="OnlyActiveWindow">
<InputValues>
<ActInputValue Guid="4cc78b50-8052-42da-9e18-0ee852a06f93" Param="ElementAction" ParentGuid="00000000-0000-0000-0000-000000000000" Value="Click" />
<ActInputValue Guid="2968e456-6e0c-4422-9af9-18d39e844615" Param="ElementType" ParentGuid="00000000-0000-0000-0000-000000000000" Value="Unknown" />
<ActInputValue Guid="9595b469-5493-4f6e-a068-e1ce542c0f57" Param="Value" ParentGuid="00000000-0000-0000-0000-000000000000" />
<ActInputValue Guid="1692a7c5-b4dd-4e17-8fec-0205427b029b" Param="ElementLocateBy" ParentGuid="00000000-0000-0000-0000-000000000000" Value="ByName" />
<ActInputValue Guid="d0001746-83bc-4b25-a72c-0813b3cfcf5e" Param="ElementLocateValue" ParentGuid="00000000-0000-0000-0000-000000000000" Value="menuItemSearchAssignedProducts" />
<ActInputValue Guid="f27ecf79-3c35-4d68-a848-b495a8657d11" Param="ValueToSelect" ParentGuid="00000000-0000-0000-0000-000000000000" />
<ActInputValue Guid="05e2f328-c1f6-4d6e-b9fb-c9fc22e96eff" Param="IsWidgetsElement" ParentGuid="00000000-0000-0000-0000-000000000000" Value="false" />
<ActInputValue Guid="888c3497-b4fb-4828-99b3-0b5ac820a9a6" Param="TargetLocateBy" ParentGuid="00000000-0000-0000-0000-000000000000" Value="NA" />
<ActInputValue Guid="b77702b9-98a4-4f38-b7b5-4fcae5ed4cff" Param="TargetElementType" ParentGuid="00000000-0000-0000-0000-000000000000" Value="Unknown" />
<ActInputValue Guid="bc0d7900-7109-4c8b-939a-bfbe73464de2" Param="WaitforIdle" ParentGuid="00000000-0000-0000-0000-000000000000" Value="Medium" />
<ActInputValue Guid="caaad6b6-616b-452d-9e11-e4aa8a8c1144" Param="HandleElementType" ParentGuid="00000000-0000-0000-0000-000000000000" Value="Unknown" />
<ActInputValue Guid="7676a5ce-b204-45f7-884b-c48ef3482629" Param="HandleActionType" ParentGuid="00000000-0000-0000-0000-000000000000" Value="Unknown" />
</InputValues>
</ActUIElement>
<ActUIElement Active="True" Description="Verify Assigned products screen is loaded" EnableRetryMechanism="True" Guid="f57672e0-0d32-4259-801f-b0221c458d58" MaxNumberOfRetries="10" ParentGuid="00000000-0000-0000-0000-000000000000" Platform="Java" RetryMechanismInterval="3" StatusConverter="None" TakeScreenShot="True" WaitVE="1" WindowsToCapture="OnlyActiveWindow">
<FlowControls>
<FlowControl Active="True" BusinessFlowControlAction="GoToBusinessFlow" FlowControlAction="StopRun" Guid="7cc42c94-6130-46c7-8a5c-3f958614e3ed" Operator="ActionFailed" ParentGuid="00000000-0000-0000-0000-000000000000" />
</FlowControls>

<InputValues>
<ActInputValue Guid="39e9a21e-5a0f-4597-bda8-10613c6e1a87" Param="ElementAction" ParentGuid="00000000-0000-0000-0000-000000000000" Value="IsVisible" />
<ActInputValue Guid="7be05584-aa41-4ac5-8d00-979fc59cc1bc" Param="ElementType" ParentGuid="00000000-0000-0000-0000-000000000000" Value="Button" />
<ActInputValue Guid="ce1bb200-0af4-472e-afaf-ed72ac6afce1" Param="Value" ParentGuid="00000000-0000-0000-0000-000000000000" />
<ActInputValue Guid="41e7b9a3-bc87-4338-b2f5-d86b46e3ed0c" Param="ElementLocateBy" ParentGuid="00000000-0000-0000-0000-000000000000" Value="ByXPath" />
<ActInputValue Guid="407a0c85-416e-4e54-9fd0-a460a5b68d22" Param="ElementLocateValue" ParentGuid="00000000-0000-0000-0000-000000000000" Value="/javax.swing.JRootPane[0]/null.layeredPane/null.contentPane/javax.swing.JSplitPane[0]/com.amdocs.uif.workspace.desktop.AppDesktopPane[0]/com.amdocs.oms.cust.assignedproduct.SearchAssignedProductImpl/javax.swing.JRootPane[0]/null.layeredPane/root/javax.swing.JViewport[0]/root/pnlContainedForm/root/pnlHeaderAndSearch/pnlSearchAP/hsgSearchAssignedProduct/com.amdocs.uif.widgets.PanelNative$JXPanel[0]/com.amdocs.uif.widgets.PanelNative$JXPanel[0]/[[Name:btnSearchNow][ClassName:com.amdocs.uif.widgets.ButtonNative$JXButton]]" />
<ActInputValue Guid="4ebce58f-e495-4fe1-b15d-a60920f2a499" Param="ValueToSelect" ParentGuid="00000000-0000-0000-0000-000000000000" />
<ActInputValue Guid="89cf8074-d751-4b51-be99-ebb544ea93ff" Param="IsWidgetsElement" ParentGuid="00000000-0000-0000-0000-000000000000" Value="false" />
<ActInputValue Guid="033d3328-5896-456c-8494-ef3e236aeff2" Param="WaitforIdle" ParentGuid="00000000-0000-0000-0000-000000000000" Value="Medium" />
<ActInputValue Guid="db168e57-ba9a-4c91-b677-f8ab1f16ded2" Param="XCoordinate" ParentGuid="00000000-0000-0000-0000-000000000000" />
<ActInputValue Guid="159f9620-f968-4097-b9fe-cf7c7e14e4ae" Param="YCoordinate" ParentGuid="00000000-0000-0000-0000-000000000000" />
<ActInputValue Guid="4da2b423-ec31-493c-9ec7-55dc33e98697" Param="ControlAction" ParentGuid="00000000-0000-0000-0000-000000000000" />
<ActInputValue Guid="8d3d9a55-cdd8-4105-9b1e-e8f0c01d9aee" Param="TargetLocateBy" ParentGuid="00000000-0000-0000-0000-000000000000" Value="NA" />
<ActInputValue Guid="5251c974-1866-42b7-a3ad-cca1c983aa97" Param="TargetElementType" ParentGuid="00000000-0000-0000-0000-000000000000" Value="Unknown" />
<ActInputValue Guid="4e190da3-35f0-44e0-adcc-01fac4f1dd26" Param="HandleElementType" ParentGuid="00000000-0000-0000-0000-000000000000" Value="Unknown" />
<ActInputValue Guid="fee4decd-93fe-4aa8-9729-99d209233fa5" Param="HandleActionType" ParentGuid="00000000-0000-0000-0000-000000000000" Value="Unknown" />
</InputValues>
</ActUIElement>
</Acts>
</Activity>
<Activity ActionRunOption="StopActionsRunOnFailure" Active="True" ActivitiesGroupID="CHQ - Open assigned products and search by Service ID" ActivityName="CHQ - Search assigned products by Service ID" AutomationStatus="Development" ErrorHandlerMappingType="AllAvailableHandlers" Guid="4a5c88c5-2b83-4d83-99b1-8f63381a594c" ParentGuid="00000000-0000-0000-0000-000000000000" PercentAutomated="100%" TargetApplication="MyJavaApp">
<Acts>
<ActUIElement Active="True" Description="Set Text Box Service ID" EnableRetryMechanism="True" Guid="c27662a3-103c-4c20-9a09-cc2a6aa14699" MaxNumberOfRetries="3" ParentGuid="00000000-0000-0000-0000-000000000000" Platform="Java" RetryMechanismInterval="2" StatusConverter="None" TakeScreenShot="True" WindowsToCapture="OnlyActiveWindow">
<InputValues>
<ActInputValue Guid="b323aae9-d27e-46d7-b332-f0d0b7ed40fe" Param="ElementLocateBy" ParentGuid="00000000-0000-0000-0000-000000000000" Value="ByXPath" />
<ActInputValue Guid="f328a04f-5929-4428-b52e-3c136a52e0d6" Param="ElementLocateValue" ParentGuid="00000000-0000-0000-0000-000000000000" Value="/javax.swing.JRootPane[0]/null.layeredPane/null.contentPane/javax.swing.JSplitPane[0]/com.amdocs.uif.workspace.desktop.AppDesktopPane[0]/com.amdocs.oms.cust.assignedproduct.SearchAssignedProductImpl/javax.swing.JRootPane[0]/null.layeredPane/root/javax.swing.JViewport[0]/root/pnlContainedForm/root/pnlHeaderAndSearch/pnlSearchAP/hsgSearchAssignedProduct/javax.swing.JPanel[0]/com.amdocs.uif.widgets.SearchGridNative$6[0]/javax.swing.JViewport[1]/com.amdocs.uif.widgets.search.SearchJTableHeader[0]/com.amdocs.uif.widgets.PanelNative$JXPanel[1]/com.amdocs.uif.widgets.PanelNative$JXPanel[0]/[[Name:adhocValue_colServiceID][ClassName:com.amdocs.uif.widgets.TextFieldNative$1]]" />
<ActInputValue Guid="052ff7d9-0416-4465-bea9-30b204fd08cd" Param="Value" ParentGuid="00000000-0000-0000-0000-000000000000" Value="{Var Name=Output Service ID}" />
<ActInputValue Guid="c1d89d85-5d74-4102-803c-1ab845f36ae6" Param="ElementType" ParentGuid="00000000-0000-0000-0000-000000000000" Value="TextBox" />
<ActInputValue Guid="15a78994-3cc2-46ad-9d26-30e9a7938bcb" Param="ElementAction" ParentGuid="00000000-0000-0000-0000-000000000000" Value="SetValue" />
<ActInputValue Guid="0c125e2e-b846-41c3-a8d8-5bcf9b7a7e72" Param="IsWidgetsElement" ParentGuid="00000000-0000-0000-0000-000000000000" Value="false" />
<ActInputValue Guid="5d9ccc47-0108-4f0f-8562-6f3c5bb51fc0" Param="WaitforIdle" ParentGuid="00000000-0000-0000-0000-000000000000" Value="None" />
<ActInputValue Guid="81de2b20-36f3-4216-a39a-ab57e71d5953" Param="TargetLocateBy" ParentGuid="00000000-0000-0000-0000-000000000000" Value="NA" />
<ActInputValue Guid="8fcbaf3e-5ac0-4e75-95bd-f28037d85ac6" Param="TargetElementType" ParentGuid="00000000-0000-0000-0000-000000000000" Value="Unknown" />
<ActInputValue Guid="85727bf2-f588-4371-a0d9-d450c437dbb6" Param="HandleElementType" ParentGuid="00000000-0000-0000-0000-000000000000" Value="Unknown" />
<ActInputValue Guid="bd08e720-c391-45cc-88b8-6c67aa3df65b" Param="HandleActionType" ParentGuid="00000000-0000-0000-0000-000000000000" Value="Unknown" />
</InputValues>
</ActUIElement>
<ActUIElement Active="True" Description="Click : SearchNow" Guid="05920a51-f054-4352-a8fe-3dca51eb0341" MaxNumberOfRetries="2" ParentGuid="00000000-0000-0000-0000-000000000000" Platform="Java" RetryMechanismInterval="5" StatusConverter="None" TakeScreenShot="True" WindowsToCapture="OnlyActiveWindow">
<InputValues>
<ActInputValue Guid="39e9a21e-5a0f-4597-bda8-10613c6e1a87" Param="ElementAction" ParentGuid="00000000-0000-0000-0000-000000000000" Value="Click" />
<ActInputValue Guid="7be05584-aa41-4ac5-8d00-979fc59cc1bc" Param="ElementType" ParentGuid="00000000-0000-0000-0000-000000000000" Value="Button" />
<ActInputValue Guid="ce1bb200-0af4-472e-afaf-ed72ac6afce1" Param="Value" ParentGuid="00000000-0000-0000-0000-000000000000" />
<ActInputValue Guid="41e7b9a3-bc87-4338-b2f5-d86b46e3ed0c" Param="ElementLocateBy" ParentGuid="00000000-0000-0000-0000-000000000000" Value="ByXPath" />
<ActInputValue Guid="407a0c85-416e-4e54-9fd0-a460a5b68d22" Param="ElementLocateValue" ParentGuid="00000000-0000-0000-0000-000000000000" Value="/javax.swing.JRootPane[0]/null.layeredPane/null.contentPane/javax.swing.JSplitPane[0]/com.amdocs.uif.workspace.desktop.AppDesktopPane[0]/com.amdocs.oms.cust.assignedproduct.SearchAssignedProductImpl/javax.swing.JRootPane[0]/null.layeredPane/root/javax.swing.JViewport[0]/root/pnlContainedForm/root/pnlHeaderAndSearch/pnlSearchAP/hsgSearchAssignedProduct/com.amdocs.uif.widgets.PanelNative$JXPanel[0]/com.amdocs.uif.widgets.PanelNative$JXPanel[0]/[[Name:btnSearchNow][ClassName:com.amdocs.uif.widgets.ButtonNative$JXButton]]" />
<ActInputValue Guid="4ebce58f-e495-4fe1-b15d-a60920f2a499" Param="ValueToSelect" ParentGuid="00000000-0000-0000-0000-000000000000" />
<ActInputValue Guid="5c801e44-be9b-401b-85b5-b2c33ffc4cda" Param="TargetLocateBy" ParentGuid="00000000-0000-0000-0000-000000000000" Value="NA" />
<ActInputValue Guid="ebc8bc57-4c08-4a9a-b69a-936171c1666d" Param="TargetElementType" ParentGuid="00000000-0000-0000-0000-000000000000" Value="Unknown" />
<ActInputValue Guid="188f479c-2a92-445b-a813-65d55dbb3aaf" Param="HandleElementType" ParentGuid="00000000-0000-0000-0000-000000000000" Value="Unknown" />
<ActInputValue Guid="a35fefea-0dfe-4ea1-868b-7e7db0a72c65" Param="HandleActionType" ParentGuid="00000000-0000-0000-0000-000000000000" Value="Unknown" />
<ActInputValue Guid="7eddbf35-f78e-4098-b546-94abffb1529c" Param="IsWidgetsElement" ParentGuid="00000000-0000-0000-0000-000000000000" Value="false" />
<ActInputValue Guid="4839e6ee-c6b5-4a0c-9701-70a9fa4038e0" Param="WaitforIdle" ParentGuid="00000000-0000-0000-0000-000000000000" Value="Medium" />
</InputValues>
</ActUIElement>
<ActUIElement Active="True" Description="Verify product is found on CRM" EnableRetryMechanism="True" Guid="8b4595d7-d141-478c-b661-7764be3bca95" MaxNumberOfRetries="5" ParentGuid="00000000-0000-0000-0000-000000000000" Platform="Java" RetryMechanismInterval="3" StatusConverter="None" TakeScreenShot="True" WaitVE="1" WindowsToCapture="OnlyActiveWindow">
<InputValues>
<ActInputValue Guid="1717f63f-a7b4-46ca-9210-68545516cdf3" Param="ElementType" ParentGuid="00000000-0000-0000-0000-000000000000" Value="Table" />
<ActInputValue Guid="09ce9e73-ca56-40b5-a923-703e1d1bf22d" Param="ElementAction" ParentGuid="00000000-0000-0000-0000-000000000000" Value="TableCellAction" />
<ActInputValue Guid="c771cbff-1daf-4089-9633-64f4c950123e" Param="ControlAction" ParentGuid="00000000-0000-0000-0000-000000000000" Value="GetRowCount" />
<ActInputValue Guid="5f6c90b7-8a64-43ce-b066-ca41064873d4" Param="WaitforIdle" ParentGuid="00000000-0000-0000-0000-000000000000" Value="Medium" />
<ActInputValue Guid="f6de759d-9237-4ba4-8514-bb8c401a1d42" Param="LocateRowType" ParentGuid="00000000-0000-0000-0000-000000000000" Value="Row Number" />
<ActInputValue Guid="a857717d-48c1-4ad2-a0ae-795245dd9c7a" Param="LocateRowValue" ParentGuid="00000000-0000-0000-0000-000000000000" Value="0" />
<ActInputValue Guid="6009c83a-cdd2-4d61-aecc-2a6f87e28f55" Param="ColSelectorValue" ParentGuid="00000000-0000-0000-0000-000000000000" Value="ColNum" />
<ActInputValue Guid="9915cf4a-a44e-47ae-b367-84a7fbc3879e" Param="LocateColTitle" ParentGuid="00000000-0000-0000-0000-000000000000" Value="1" />
<ActInputValue Guid="8cf9e352-30aa-4cd7-bfa8-55c1c924b9e4" Param="Value" ParentGuid="00000000-0000-0000-0000-000000000000" />
<ActInputValue Guid="27e3799c-6ffb-4b5c-b6e3-e378f0dd03d4" Param="WhereColSelector" ParentGuid="00000000-0000-0000-0000-000000000000" Value="ColTitle" />
<ActInputValue Guid="a9f6dd60-740c-46ff-a74c-670b43fe707b" Param="WhereColumnTitle" ParentGuid="00000000-0000-0000-0000-000000000000" Value="Select" />
<ActInputValue Guid="b144c203-5d51-4541-8309-686178d386a3" Param="WhereProperty" ParentGuid="00000000-0000-0000-0000-000000000000" Value="Value" />
<ActInputValue Guid="412dc852-0b00-437d-8c2d-1caeac71dfcf" Param="WhereOperator" ParentGuid="00000000-0000-0000-0000-000000000000" Value="Equals" />
<ActInputValue Guid="cedb2773-4761-47a2-b189-9b07da090f15" Param="ElementLocateBy" ParentGuid="00000000-0000-0000-0000-000000000000" Value="ByXPath" />
<ActInputValue Guid="7e055728-ac10-48c6-b601-36829d69d4ef" Param="ElementLocateValue" ParentGuid="00000000-0000-0000-0000-000000000000" Value="/javax.swing.JRootPane[0]/null.layeredPane/null.contentPane/javax.swing.JSplitPane[0]/com.amdocs.uif.workspace.desktop.AppDesktopPane[0]/com.amdocs.oms.cust.assignedproduct.SearchAssignedProductImpl/javax.swing.JRootPane[0]/null.layeredPane/root/javax.swing.JViewport[0]/root/pnlContainedForm/root/pnlHeaderAndSearch/pnlSearchAP/hsgSearchAssignedProduct/javax.swing.JPanel[0]/com.amdocs.uif.widgets.SearchGridNative$6[0]/javax.swing.JViewport[0]/[[Name:hsgSearchAssignedProduct][ClassName:com.amdocs.uif.widgets.search.SearchJTable]]" />
<ActInputValue Guid="0d618549-77e6-410a-b5a3-2a6eceef917a" Param="ControlActionValue" ParentGuid="00000000-0000-0000-0000-000000000000" />
<ActInputValue Guid="a0945886-a807-4e82-844c-548b849e97f9" Param="TargetLocateBy" ParentGuid="00000000-0000-0000-0000-000000000000" Value="NA" />
<ActInputValue Guid="5732773e-95fd-4e20-aa6f-0d02737d0b40" Param="TargetElementType" ParentGuid="00000000-0000-0000-0000-000000000000" Value="Unknown" />
<ActInputValue Guid="c0a17dbc-6cfd-4d7d-81e7-2ff6af709bec" Param="HandleElementType" ParentGuid="00000000-0000-0000-0000-000000000000" Value="Unknown" />
<ActInputValue Guid="cbfcab01-79c8-40c4-803e-a804d078e3f6" Param="HandleActionType" ParentGuid="00000000-0000-0000-0000-000000000000" Value="Unknown" />
<ActInputValue Guid="61642154-5d0d-43ab-9ce2-391cf88f7a24" Param="IsWidgetsElement" ParentGuid="00000000-0000-0000-0000-000000000000" Value="false" />
<ActInputValue Guid="afe3dcfc-92a7-41ba-ab2c-81695f30eaa9" Param="WhereColumnValue" ParentGuid="00000000-0000-0000-0000-000000000000" />
</InputValues>

<ReturnValues>
<ActReturnValue Active="True" Guid="5fecb4f9-6075-4a04-b848-a2aa06ad49ff" mExpected="0" Operator="GreaterThan" Param="Actual0" ParentGuid="00000000-0000-0000-0000-000000000000" StoreTo="None" />
</ReturnValues>
</ActUIElement>
<ActUIElement Active="True" Description="Open product details" EnableRetryMechanism="True" Guid="3aff88e6-6633-46df-a3fa-6a7acc018562" MaxNumberOfRetries="4" ParentGuid="00000000-0000-0000-0000-000000000000" Platform="Java" RetryMechanismInterval="2" StatusConverter="None" TakeScreenShot="True" WaitVE="0" WindowsToCapture="OnlyActiveWindow">
<InputValues>
<ActInputValue Guid="36fd9d43-144b-4d24-8b31-a53ac4396baf" Param="ElementType" ParentGuid="00000000-0000-0000-0000-000000000000" Value="Table" />
<ActInputValue Guid="14101afc-214b-4791-ae41-96d24b13a5ec" Param="ElementAction" ParentGuid="00000000-0000-0000-0000-000000000000" Value="TableCellAction" />
<ActInputValue Guid="b3abf24c-c5f9-437c-b9d7-b706db9dd2e7" Param="ControlAction" ParentGuid="00000000-0000-0000-0000-000000000000" Value="DoubleClick" />
<ActInputValue Guid="e378f4d9-d008-4656-ad0d-e32d92d89cdb" Param="WaitforIdle" ParentGuid="00000000-0000-0000-0000-000000000000" Value="Medium" />
<ActInputValue Guid="5494ce16-1950-4b0f-85f3-2ff30e2fc991" Param="LocateRowType" ParentGuid="00000000-0000-0000-0000-000000000000" Value="Row Number" />
<ActInputValue Guid="198c7057-f05c-424c-90e2-cad24c2759b7" Param="LocateRowValue" ParentGuid="00000000-0000-0000-0000-000000000000" Value="0" />
<ActInputValue Guid="0526f241-759b-4854-9e3f-10230b958d4f" Param="ColSelectorValue" ParentGuid="00000000-0000-0000-0000-000000000000" Value="ColNum" />
<ActInputValue Guid="21b2f935-fe1e-47cd-b93a-d9ac1258fdf5" Param="LocateColTitle" ParentGuid="00000000-0000-0000-0000-000000000000" Value="1" />
<ActInputValue Guid="20eb7c9d-4823-4782-9d7b-6ab03d5f41b8" Param="Value" ParentGuid="00000000-0000-0000-0000-000000000000" />
<ActInputValue Guid="3d607764-dc0a-4fc7-8a4d-29909a50c443" Param="WhereColSelector" ParentGuid="00000000-0000-0000-0000-000000000000" Value="ColTitle" />
<ActInputValue Guid="f43561e9-ec00-49ac-865a-243c9abf8fd9" Param="WhereColumnTitle" ParentGuid="00000000-0000-0000-0000-000000000000" Value="Select" />
<ActInputValue Guid="a996f5bd-1689-4ac7-9e24-4b609dc13396" Param="WhereProperty" ParentGuid="00000000-0000-0000-0000-000000000000" Value="Value" />
<ActInputValue Guid="b67f3467-1056-47a7-a7d6-bba97ec20da5" Param="WhereOperator" ParentGuid="00000000-0000-0000-0000-000000000000" Value="Equals" />
<ActInputValue Guid="70b88a58-8816-4c4f-bc37-3189318fd6be" Param="ElementLocateBy" ParentGuid="00000000-0000-0000-0000-000000000000" Value="ByXPath" />
<ActInputValue Guid="300f7acd-eb7b-4de1-97cd-25f3a300c898" Param="ElementLocateValue" ParentGuid="00000000-0000-0000-0000-000000000000" Value="/javax.swing.JRootPane[0]/null.layeredPane/null.contentPane/javax.swing.JSplitPane[0]/com.amdocs.uif.workspace.desktop.AppDesktopPane[0]/com.amdocs.oms.cust.assignedproduct.SearchAssignedProductImpl/javax.swing.JRootPane[0]/null.layeredPane/root/javax.swing.JViewport[0]/root/pnlContainedForm/root/pnlHeaderAndSearch/pnlSearchAP/hsgSearchAssignedProduct/javax.swing.JPanel[0]/com.amdocs.uif.widgets.SearchGridNative$6[0]/javax.swing.JViewport[0]/[[Name:hsgSearchAssignedProduct][ClassName:com.amdocs.uif.widgets.search.SearchJTable]]" />
<ActInputValue Guid="75f7a11b-d046-4fc1-b702-d1915c61688f" Param="ControlActionValue" ParentGuid="00000000-0000-0000-0000-000000000000" />
<ActInputValue Guid="72512d34-83fb-4837-b233-06551d49b5a5" Param="TargetLocateBy" ParentGuid="00000000-0000-0000-0000-000000000000" Value="NA" />
<ActInputValue Guid="2ff8c511-032c-4a24-af0a-156c8ecb04ad" Param="TargetElementType" ParentGuid="00000000-0000-0000-0000-000000000000" Value="Unknown" />
<ActInputValue Guid="a4fe576f-da40-44d8-a88f-c43a29e35de8" Param="HandleElementType" ParentGuid="00000000-0000-0000-0000-000000000000" Value="Unknown" />
<ActInputValue Guid="36e86538-e1e5-44ea-a8be-29a93420b6bb" Param="HandleActionType" ParentGuid="00000000-0000-0000-0000-000000000000" Value="Unknown" />
<ActInputValue Guid="031167d6-5336-455c-a5a1-cc16230e295c" Param="IsWidgetsElement" ParentGuid="00000000-0000-0000-0000-000000000000" Value="false" />
<ActInputValue Guid="ce39cfdc-0be1-44fa-80ed-9d082cf196c7" Param="WhereColumnValue" ParentGuid="00000000-0000-0000-0000-000000000000" />
</InputValues>
</ActUIElement>
<ActUIElement Active="True" Description="Verify product details are displayed" EnableRetryMechanism="True" Guid="b8ba8abc-b222-45c1-a618-4ad8c557352b" MaxNumberOfRetries="6" ParentGuid="00000000-0000-0000-0000-000000000000" Platform="Java" RetryMechanismInterval="3" StatusConverter="None" TakeScreenShot="True" WaitVE="1" WindowsToCapture="OnlyActiveWindow">
<InputValues>
<ActInputValue Guid="ca2666a7-17f3-4a72-b0cb-3c773c21d5f7" Param="ElementAction" ParentGuid="00000000-0000-0000-0000-000000000000" Value="IsVisible" />
<ActInputValue Guid="0ec5a1bd-7c8a-42b2-a35f-f6e982a68ba0" Param="ElementType" ParentGuid="00000000-0000-0000-0000-000000000000" Value="TextBox" />
<ActInputValue Guid="e5e4c8cc-7828-484e-b9b4-f36fc98302f6" Param="Value" ParentGuid="00000000-0000-0000-0000-000000000000" />
<ActInputValue Guid="f46efbd2-31d3-4848-bafc-1c5b1eb20917" Param="ElementLocateBy" ParentGuid="00000000-0000-0000-0000-000000000000" Value="ByXPath" />
<ActInputValue Guid="39d4b9da-1896-4ced-97d6-785e2a2f9c7e" Param="ElementLocateValue" ParentGuid="00000000-0000-0000-0000-000000000000" Value="/javax.swing.JRootPane[0]/null.layeredPane/null.contentPane/javax.swing.JSplitPane[0]/com.amdocs.uif.workspace.desktop.AppDesktopPane[0]/com.amdocs.oms.cust.assignedproduct.AssignedProductDetailsImpl/javax.swing.JRootPane[0]/null.layeredPane/root/javax.swing.JViewport[0]/root/pnlGeneralDetails/root/[[Name:txtStatus][ClassName:com.amdocs.uif.widgets.TextFieldNative$1]]" />
<ActInputValue Guid="8805c5c8-4bf2-43fc-a4f8-b3996832ccfc" Param="IsWidgetsElement" ParentGuid="00000000-0000-0000-0000-000000000000" Value="false" />
<ActInputValue Guid="037ae933-ab3c-439d-a565-51cf6519ce0e" Param="WaitforIdle" ParentGuid="00000000-0000-0000-0000-000000000000" Value="None" />
<ActInputValue Guid="13d53be4-8ea2-4ddc-b6b2-9c71ef80a5aa" Param="TargetLocateBy" ParentGuid="00000000-0000-0000-0000-000000000000" Value="NA" />
<ActInputValue Guid="9a220a64-a8cc-41e0-ba33-f57aca7f6b53" Param="TargetElementType" ParentGuid="00000000-0000-0000-0000-000000000000" Value="Unknown" />
<ActInputValue Guid="41280bd6-eade-41e6-8b52-ccfad1538518" Param="HandleElementType" ParentGuid="00000000-0000-0000-0000-000000000000" Value="Unknown" />
<ActInputValue Guid="38813e4c-f67e-41b7-b96b-63add6aa7c65" Param="HandleActionType" ParentGuid="00000000-0000-0000-0000-000000000000" Value="Unknown" />
</InputValues>
</ActUIElement>
</Acts>
</Activity>
</Activities>

<ActivitiesGroups>
<ActivitiesGroup Guid="603b2b37-ce1c-43cb-9371-cbfc0212e847" Name="CHQ - Open assigned products and search by Service ID" ParentGuid="00000000-0000-0000-0000-000000000000">
<ActivitiesIdentifiers>
<ActivityIdentifiers ActivityAutomationStatus="Development" ActivityGuid="f382ad0a-3f86-4e73-a28b-74039e09e3c8" ActivityName="CHQ - Open assigned products screen" Guid="5e97b4e6-7201-4eef-b6e3-f75fc7db53b6" ParentGuid="00000000-0000-0000-0000-000000000000" />
<ActivityIdentifiers ActivityAutomationStatus="Development" ActivityGuid="4a5c88c5-2b83-4d83-99b1-8f63381a594c" ActivityName="CHQ - Search assigned products by Service ID" Guid="5ce0c9a8-c6f5-4931-8754-bd8993f47c58" ParentGuid="00000000-0000-0000-0000-000000000000" />
</ActivitiesIdentifiers>
</ActivitiesGroup>
</ActivitiesGroups>

<TargetApplications>
<TargetApplication AppName="MyJavaApp" Guid="fcffdbff-de8c-46d1-9fae-f2c241d9ce63" ParentGuid="00000000-0000-0000-0000-000000000000" />
<TargetApplication AppName="Mediation" Guid="53cc741c-f4fb-42e0-8b72-23e980bfe383" ParentGuid="00000000-0000-0000-0000-000000000000" />
<TargetApplication AppName="MyWindowsApp" Guid="614ada86-0dec-4d2c-ae90-f1d7321837fd" ParentGuid="00000000-0000-0000-0000-000000000000" />
<TargetApplication AppName="MyWebApp" Guid="b19353df-a7f5-4763-8625-d084eb07a41c" ParentGuid="00000000-0000-0000-0000-000000000000" />
</TargetApplications>
</BusinessFlow></GingerRepositoryItem>