﻿<?xml version="1.0" encoding="utf-8"?>
<GingerRepositoryItem><Header ItemGuid="2f0c14ce-fea8-4c5c-a182-3dee798771ba" ItemType="ProjEnvironment" CreatedBy="CPoblete.pc" Created="202101061528" GingerVersion="3.6.0.0" Version="11" LastUpdateBy="christian.poblete" LastUpdate="202101121628" />
<ProjEnvironment Guid="2f0c14ce-fea8-4c5c-a182-3dee798771ba" Name="Default" ParentGuid="00000000-0000-0000-0000-000000000000">
<Applications>
<EnvApplication Active="True" Guid="65544ec1-b11e-436e-a9b5-508ce3d7d14c" Name="MyJavaApp" ParentGuid="00000000-0000-0000-0000-000000000000">
<Dbs>
<Database ConnectionString="{Var Name=DBOMSConnectionString}" DBType="Oracle" Guid="df0dd398-39a1-43e3-bcbd-c98739813010" Name="OMS" ParentGuid="00000000-0000-0000-0000-000000000000" Pass="pass_4all" User="PRDOMS" />
<Database ConnectionString="{Var Name=DBABPConnectionString}" DBType="Oracle" Guid="8e14f3fa-56f2-4568-be39-e4e9202266c1" Name="ABP" ParentGuid="00000000-0000-0000-0000-000000000000" Pass="pass_4all" User="PRDCUSTC" />
</Dbs>
</EnvApplication>
</Applications>
</ProjEnvironment></GingerRepositoryItem>