﻿<?xml version="1.0" encoding="utf-8"?>
<GingerRepositoryItem><Header ItemGuid="ab2e05c5-b942-4261-9042-d48a588c863e" ItemType="BusinessFlow" CreatedBy="christian.poblete" Created="202101072012" GingerVersion="3.6.0.0" Version="34" LastUpdateBy="christian.poblete" LastUpdate="202101201932" />
<BusinessFlow Elapsed="4403" Guid="ab2e05c5-b942-4261-9042-d48a588c863e" Name="NPC - 3 - Add on" ParentGuid="00000000-0000-0000-0000-000000000000" Source="Ginger" Status="Unknown">
<Activities>
<Activity ActionRunOption="StopActionsRunOnFailure" Active="True" ActivitiesGroupID="NPC - 3 - Add on" ActivityName="Configure Add on" AutomationStatus="Automated" ErrorHandlerMappingType="AllAvailableHandlers" Guid="3cd25336-ba5d-4053-b7bb-b6d05e71e135" ParentGuid="00000000-0000-0000-0000-000000000000" PercentAutomated="100%" TargetApplication="MyJavaApp">
<Acts>
<ActSetVariableValue Active="True" Description="Reset counter" Guid="b39df430-35f7-4ac1-bf57-b0a94eb041aa" MaxNumberOfRetries="2" ParentGuid="00000000-0000-0000-0000-000000000000" Platform="NA" RetryMechanismInterval="5" SetVariableValueOption="SetValue" StatusConverter="None" VariableName="Counter" WaitVE="0" WindowsToCapture="OnlyActiveWindow">
<InputValues>
<ActInputValue Guid="27e1aafd-d02e-45a4-ba07-bbbdbd2cb3ed" Param="Value" ParentGuid="00000000-0000-0000-0000-000000000000" Value="0" />
</InputValues>
</ActSetVariableValue>
<ActBrowserElement Active="True" Description="Initialize Browser - JExplorerBrowser" EnableRetryMechanism="True" Guid="845db46b-8291-46f8-8c63-d169025086b0" ImplicitWait="60" MaxNumberOfRetries="10" ParentGuid="00000000-0000-0000-0000-000000000000" Platform="Java" RetryMechanismInterval="3" StatusConverter="None" TakeScreenShot="True" WaitVE="0" WindowsToCapture="OnlyActiveWindow">
<InputValues>
<ActInputValue Guid="8619ec9b-7f04-4dc0-a007-abf61b4b7006" Param="LocateBy" ParentGuid="00000000-0000-0000-0000-000000000000" Value="ByXPath" />
<ActInputValue Guid="7215ba83-c5fd-4cf4-a960-495f4070608c" Param="LocateValue" ParentGuid="00000000-0000-0000-0000-000000000000" Value="//com.amdocs.uif.widgets.browser.JxBrowserBrowserComponent[0]" />
<ActInputValue Guid="ae3c7585-9767-48bc-b6fa-ff5130c3fafa" Param="Value" ParentGuid="00000000-0000-0000-0000-000000000000" />
<ActInputValue Guid="7c700580-9750-4173-bd36-5b051da1acb9" Param="ControlAction" ParentGuid="00000000-0000-0000-0000-000000000000" Value="InitializeBrowser" />
<ActInputValue Guid="6f83d38f-d038-45f2-bc6c-46de997bf599" Param="GotoURLType" ParentGuid="00000000-0000-0000-0000-000000000000" Value="Current" />
<ActInputValue Guid="10fd1835-68c7-4711-b7db-a0ca4041d852" Param="URLSrc" ParentGuid="00000000-0000-0000-0000-000000000000" Value="Static" />
<ActInputValue Guid="61a71aae-a6b7-4524-9f82-27948fa8bc94" Param="PomGUID" ParentGuid="00000000-0000-0000-0000-000000000000" />
</InputValues>
</ActBrowserElement>
<ActSetVariableValue Active="True" Description="Increase counter" Guid="5ed92061-595f-4777-b984-cb143b5a0b25" MaxNumberOfRetries="2" ParentGuid="00000000-0000-0000-0000-000000000000" Platform="NA" RetryMechanismInterval="5" SetVariableValueOption="SetValue" StatusConverter="None" VariableName="Counter" WaitVE="0" WindowsToCapture="OnlyActiveWindow">
<InputValues>
<ActInputValue Guid="c1acefbf-158c-4f44-a72d-5a83b016f82c" Param="Value" ParentGuid="00000000-0000-0000-0000-000000000000" Value="{VBS Eval={Var Name=Counter}+1}" />
</InputValues>
</ActSetVariableValue>
<ActUIElement Active="True" Description="Get Addon menu position" Guid="5066a8b5-552d-41ca-bf73-41b97e146a3b" MaxNumberOfRetries="2" ParentGuid="00000000-0000-0000-0000-000000000000" Platform="Java" RetryMechanismInterval="5" StatusConverter="None" WaitVE="0" WindowsToCapture="OnlyActiveWindow">
<FlowControls>
<FlowControl Active="True" BusinessFlowControlAction="GoToBusinessFlow" FlowControlAction="GoToAction" Guid="82b848e9-1b83-402e-a237-973a940eac57" Operator="ActionFailed" ParentGuid="00000000-0000-0000-0000-000000000000" Value="5ed92061-595f-4777-b984-cb143b5a0b25#GUID_NAME#Increase counter" />
</FlowControls>

<InputValues>
<ActInputValue Guid="a61925e4-28d1-4be3-b2f4-5fa2ae9e3b9e" Param="ElementAction" ParentGuid="00000000-0000-0000-0000-000000000000" Value="GetValue" />
<ActInputValue Guid="750c4e0c-0b09-46d9-9f65-1d4cf60a2634" Param="ElementType" ParentGuid="00000000-0000-0000-0000-000000000000" Value="Div" />
<ActInputValue Guid="297f692a-7cfe-4827-ad9e-84640a8f64bf" Param="IsWidgetsElement" ParentGuid="00000000-0000-0000-0000-000000000000" Value="true" />
<ActInputValue Guid="d682e30d-f2ec-48b2-bade-d485e986890a" Param="Value" ParentGuid="00000000-0000-0000-0000-000000000000" />
<ActInputValue Guid="f56e046a-b233-43c8-a880-5bc1fded45d0" Param="ElementLocateBy" ParentGuid="00000000-0000-0000-0000-000000000000" Value="ByXPath" />
<ActInputValue Guid="c23d7db7-2491-40c9-81db-5fe07587da5d" Param="ElementLocateValue" ParentGuid="00000000-0000-0000-0000-000000000000" Value="//div[@id='ConfigureMultiProducts-widget']/div/div[3]/div/div/div[4]/div[2]/div/div/div/div/div/div[3]/div/div/div[2]/div/ul/li[{Var Name=Counter}]/div" />
<ActInputValue Guid="3b483fcf-eb62-4a7d-9571-29f35c56c06a" Param="ValueToSelect" ParentGuid="00000000-0000-0000-0000-000000000000" />
<ActInputValue Guid="e51dfba6-a3c5-4bf5-bf0f-f469ed5e9bb6" Param="XCoordinate" ParentGuid="00000000-0000-0000-0000-000000000000" />
<ActInputValue Guid="9ccc2fbb-f4db-452a-8531-d91741254316" Param="YCoordinate" ParentGuid="00000000-0000-0000-0000-000000000000" />
<ActInputValue Guid="7d345629-523f-4b6d-b9f4-8f3eb0c6dab4" Param="ControlAction" ParentGuid="00000000-0000-0000-0000-000000000000" />
<ActInputValue Guid="deea234d-a833-4dfa-8f50-d2b5db88ce86" Param="TargetLocateBy" ParentGuid="00000000-0000-0000-0000-000000000000" Value="NA" />
<ActInputValue Guid="fd305667-fd65-470a-ad7c-b7bf56f6b4e2" Param="TargetElementType" ParentGuid="00000000-0000-0000-0000-000000000000" Value="Unknown" />
<ActInputValue Guid="03c40798-e619-4c11-89ae-2359771a5632" Param="HandleElementType" ParentGuid="00000000-0000-0000-0000-000000000000" Value="Unknown" />
<ActInputValue Guid="ecbe10f5-cbd5-4a5a-83ce-e416eda9d757" Param="HandleActionType" ParentGuid="00000000-0000-0000-0000-000000000000" Value="Unknown" />
</InputValues>

<ReturnValues>
<ActReturnValue Active="True" Guid="72e7016b-f68f-4294-8043-d116657d7159" mExpected="Add-Ons" Operator="Equals" Param="Actual0" ParentGuid="00000000-0000-0000-0000-000000000000" StoreTo="None" />
</ReturnValues>
</ActUIElement>
<ActUIElement Active="True" Description="Click : add ons menu" Guid="6cc2f85f-9b00-49e7-b79e-7ff283315a46" MaxNumberOfRetries="2" ParentGuid="00000000-0000-0000-0000-000000000000" Platform="Java" RetryMechanismInterval="5" StatusConverter="None" TakeScreenShot="True" WaitVE="0" WindowsToCapture="OnlyActiveWindow">
<InputValues>
<ActInputValue Guid="7f2fddfe-995d-4e15-9bb4-ecdf321f9565" Param="ElementAction" ParentGuid="00000000-0000-0000-0000-000000000000" Value="Click" />
<ActInputValue Guid="c1143b06-779a-433f-9c62-463de7d8dc76" Param="ElementType" ParentGuid="00000000-0000-0000-0000-000000000000" Value="Div" />
<ActInputValue Guid="cb23ee21-6b11-434c-9434-38bc58e5381d" Param="IsWidgetsElement" ParentGuid="00000000-0000-0000-0000-000000000000" Value="true" />
<ActInputValue Guid="75c53962-5ba0-4a7c-ae3e-84ebafa74f7e" Param="Value" ParentGuid="00000000-0000-0000-0000-000000000000" />
<ActInputValue Guid="b51ea09a-29dd-42b0-b5a4-25971cb6e280" Param="ElementLocateBy" ParentGuid="00000000-0000-0000-0000-000000000000" Value="ByXPath" />
<ActInputValue Guid="52f43ee8-685f-4805-8e1f-894e80675618" Param="ElementLocateValue" ParentGuid="00000000-0000-0000-0000-000000000000" Value="//div[@id='ConfigureMultiProducts-widget']/div/div[3]/div/div/div[4]/div[2]/div/div/div/div/div/div[3]/div/div/div[2]/div/ul/li[{Var Name=Counter}]/div" />
<ActInputValue Guid="3a5ebf47-9fce-44be-aec0-f41db7f44482" Param="ValueToSelect" ParentGuid="00000000-0000-0000-0000-000000000000" />
<ActInputValue Guid="2770e741-3638-4ba9-a50e-bee985804962" Param="TargetLocateBy" ParentGuid="00000000-0000-0000-0000-000000000000" Value="NA" />
<ActInputValue Guid="888be320-47e6-4a28-965b-dafc715777aa" Param="TargetElementType" ParentGuid="00000000-0000-0000-0000-000000000000" Value="Unknown" />
<ActInputValue Guid="11a53529-4fca-4260-acc4-25bb8dfa8034" Param="HandleElementType" ParentGuid="00000000-0000-0000-0000-000000000000" Value="Unknown" />
<ActInputValue Guid="6d3ffcf7-97c9-4f03-aef3-cfaa53f84be4" Param="HandleActionType" ParentGuid="00000000-0000-0000-0000-000000000000" Value="Unknown" />
</InputValues>
</ActUIElement>
<ActUIElement Active="True" Description="Click search addon button" EnableRetryMechanism="True" Guid="6d7c0116-86d5-4410-8985-05e032117fd8" MaxNumberOfRetries="10" ParentGuid="00000000-0000-0000-0000-000000000000" Platform="Java" RetryMechanismInterval="3" StatusConverter="None" TakeScreenShot="True" WaitVE="4" WindowsToCapture="OnlyActiveWindow">
<InputValues>
<ActInputValue Guid="24f4b924-93d7-4cf4-ae9a-833c68c8ec1e" Param="ElementAction" ParentGuid="00000000-0000-0000-0000-000000000000" Value="Click" />
<ActInputValue Guid="04da6161-75da-4fe7-aefc-743ad5e3002a" Param="ElementType" ParentGuid="00000000-0000-0000-0000-000000000000" Value="Span" />
<ActInputValue Guid="57d35b37-f063-4199-802c-0f532beffe31" Param="IsWidgetsElement" ParentGuid="00000000-0000-0000-0000-000000000000" Value="true" />
<ActInputValue Guid="4e62e06d-c648-4fe2-b30a-ac715b27b168" Param="Value" ParentGuid="00000000-0000-0000-0000-000000000000" />
<ActInputValue Guid="87894d4e-5d79-42eb-9fb0-46195fda8b55" Param="ElementLocateBy" ParentGuid="00000000-0000-0000-0000-000000000000" Value="ByRelXPath" />
<ActInputValue Guid="80eaac11-34ae-4a4a-ac14-51732ae64dfb" Param="ElementLocateValue" ParentGuid="00000000-0000-0000-0000-000000000000" Value="//div[4]/span" />
<ActInputValue Guid="0eac4a3f-d189-4fc4-9498-8001e6c25bcb" Param="XCoordinate" ParentGuid="00000000-0000-0000-0000-000000000000" />
<ActInputValue Guid="aa681222-7fcf-4dad-835c-2491d3a1ce0b" Param="ValueToSelect" ParentGuid="00000000-0000-0000-0000-000000000000" />
<ActInputValue Guid="86b5fbf0-062f-4d7c-9611-ac7a29be1609" Param="YCoordinate" ParentGuid="00000000-0000-0000-0000-000000000000" />
<ActInputValue Guid="4a4eefb9-42a4-46dc-b0ff-17780e8bc90f" Param="ControlAction" ParentGuid="00000000-0000-0000-0000-000000000000" />
<ActInputValue Guid="079d872e-8c7a-4dcc-97d8-e440dafc49cb" Param="TargetLocateBy" ParentGuid="00000000-0000-0000-0000-000000000000" Value="NA" />
<ActInputValue Guid="bf103c68-1262-42f9-b2fb-afea40a60e72" Param="TargetElementType" ParentGuid="00000000-0000-0000-0000-000000000000" Value="Unknown" />
<ActInputValue Guid="e2031f2e-7b40-4645-b772-9d8912bc73e5" Param="HandleElementType" ParentGuid="00000000-0000-0000-0000-000000000000" Value="Unknown" />
<ActInputValue Guid="70d07e7a-0195-40b4-b3b4-0ebe3fa39366" Param="HandleActionType" ParentGuid="00000000-0000-0000-0000-000000000000" Value="Unknown" />
</InputValues>
</ActUIElement>
<ActUIElement Active="True" Description="SetValue : INPUT ID=searchTextInput" EnableRetryMechanism="True" Guid="0a098cf1-1a3c-4c31-9609-80e1f836a8dd" MaxNumberOfRetries="10" ParentGuid="00000000-0000-0000-0000-000000000000" Platform="Java" RetryMechanismInterval="3" StatusConverter="None" TakeScreenShot="True" WaitVE="2" WindowsToCapture="OnlyActiveWindow">
<InputValues>
<ActInputValue Guid="ef9265c2-7a11-40be-ac85-30dd145b6036" Param="ElementAction" ParentGuid="00000000-0000-0000-0000-000000000000" Value="SetValue" />
<ActInputValue Guid="cf05c7c4-6396-4404-b200-2119015fb7f0" Param="ElementType" ParentGuid="00000000-0000-0000-0000-000000000000" Value="TextBox" />
<ActInputValue Guid="3a7072bb-183e-4ecc-adfa-43a47c54aaad" Param="IsWidgetsElement" ParentGuid="00000000-0000-0000-0000-000000000000" Value="true" />
<ActInputValue Guid="4fd7b210-d7be-4df9-bd54-eecb8d233a85" Param="Value" ParentGuid="00000000-0000-0000-0000-000000000000" Value="{Var Name=AddOn}" />
<ActInputValue Guid="db2414a3-bcbb-4d69-b336-3618867abf35" Param="ElementLocateBy" ParentGuid="00000000-0000-0000-0000-000000000000" Value="ByID" />
<ActInputValue Guid="fd53834c-11df-4d52-a5f4-3d30a63ec75b" Param="ElementLocateValue" ParentGuid="00000000-0000-0000-0000-000000000000" Value="searchTextInput" />
<ActInputValue Guid="0bb72a55-62ff-4c61-83d9-fd4af4500625" Param="TargetLocateBy" ParentGuid="00000000-0000-0000-0000-000000000000" Value="NA" />
<ActInputValue Guid="f2dca05c-682d-4ad8-9eed-c8362c771d92" Param="TargetElementType" ParentGuid="00000000-0000-0000-0000-000000000000" Value="Unknown" />
<ActInputValue Guid="7baa5981-04c4-46a6-8c15-5e974b8690ae" Param="HandleElementType" ParentGuid="00000000-0000-0000-0000-000000000000" Value="Unknown" />
<ActInputValue Guid="6b403e72-d975-446e-87e3-7662b1fb5189" Param="HandleActionType" ParentGuid="00000000-0000-0000-0000-000000000000" Value="Unknown" />
</InputValues>
</ActUIElement>
<ActUIElement Active="True" Description="Click : Search" Guid="5de639c1-7d2f-42d7-ac0f-849ee4534021" MaxNumberOfRetries="2" ParentGuid="00000000-0000-0000-0000-000000000000" Platform="Java" RetryMechanismInterval="5" StatusConverter="None" TakeScreenShot="True" WaitVE="0" WindowsToCapture="OnlyActiveWindow">
<InputValues>
<ActInputValue Guid="dff16113-dac0-45ca-bd14-0c3818aeb314" Param="ElementAction" ParentGuid="00000000-0000-0000-0000-000000000000" Value="Click" />
<ActInputValue Guid="bff368f3-a154-4a1f-8e20-c78b41ac648d" Param="ElementType" ParentGuid="00000000-0000-0000-0000-000000000000" Value="Button" />
<ActInputValue Guid="a866a4bd-0e28-4fb6-ab76-a9213c32cfdf" Param="IsWidgetsElement" ParentGuid="00000000-0000-0000-0000-000000000000" Value="true" />
<ActInputValue Guid="42c022ab-f593-4862-bdf9-1a262098e4da" Param="Value" ParentGuid="00000000-0000-0000-0000-000000000000" />
<ActInputValue Guid="4243fe5c-23fc-467b-88fa-3c54153d455b" Param="ElementLocateBy" ParentGuid="00000000-0000-0000-0000-000000000000" Value="ByRelXPath" />
<ActInputValue Guid="5f9a2158-ffed-48b0-a2e1-b8fd9acf56e6" Param="ElementLocateValue" ParentGuid="00000000-0000-0000-0000-000000000000" Value="//div[@id='itemListModalMPC']/div/div/div[2]/div/div/div[3]/div/div[3]/div/div/div/input[2]" />
<ActInputValue Guid="2b2e0b19-9ebe-47a7-8006-74a4aaa555e9" Param="ValueToSelect" ParentGuid="00000000-0000-0000-0000-000000000000" />
<ActInputValue Guid="e78c4f7c-5d78-4435-906f-71d1d92af491" Param="TargetLocateBy" ParentGuid="00000000-0000-0000-0000-000000000000" Value="NA" />
<ActInputValue Guid="cc576f4d-0abd-4736-968e-5a06521b3cff" Param="TargetElementType" ParentGuid="00000000-0000-0000-0000-000000000000" Value="Unknown" />
<ActInputValue Guid="56dae7e1-03d2-4a3d-92f6-a215b999f51b" Param="HandleElementType" ParentGuid="00000000-0000-0000-0000-000000000000" Value="Unknown" />
<ActInputValue Guid="102ba6a6-486d-4059-ac13-18c372f6983b" Param="HandleActionType" ParentGuid="00000000-0000-0000-0000-000000000000" Value="Unknown" />
</InputValues>
</ActUIElement>
<ActSetVariableValue Active="True" Description="Reset counter" Guid="beac4569-db81-4d56-a121-9537c81abff2" MaxNumberOfRetries="2" ParentGuid="00000000-0000-0000-0000-000000000000" Platform="NA" RetryMechanismInterval="5" SetVariableValueOption="SetValue" StatusConverter="None" VariableName="Counter" WaitVE="0" WindowsToCapture="OnlyActiveWindow">
<InputValues>
<ActInputValue Guid="27e1aafd-d02e-45a4-ba07-bbbdbd2cb3ed" Param="Value" ParentGuid="00000000-0000-0000-0000-000000000000" Value="0" />
</InputValues>
</ActSetVariableValue>
<ActSetVariableValue Active="True" Description="Increase counter" Guid="64e5f0e6-ae57-4af3-9061-7462ac2397ba" MaxNumberOfRetries="2" ParentGuid="00000000-0000-0000-0000-000000000000" Platform="NA" RetryMechanismInterval="5" SetVariableValueOption="SetValue" StatusConverter="None" VariableName="Counter" WaitVE="0" WindowsToCapture="OnlyActiveWindow">
<InputValues>
<ActInputValue Guid="c1acefbf-158c-4f44-a72d-5a83b016f82c" Param="Value" ParentGuid="00000000-0000-0000-0000-000000000000" Value="{VBS Eval={Var Name=Counter}+1}" />
</InputValues>
</ActSetVariableValue>
<ActUIElement Active="True" Description="Get button add position" EnableRetryMechanism="True" Guid="7a6e39c7-a4d8-4b08-9572-1d6e3f532764" MaxNumberOfRetries="2" ParentGuid="00000000-0000-0000-0000-000000000000" Platform="Java" RetryMechanismInterval="2" StatusConverter="None" WaitVE="0" WindowsToCapture="OnlyActiveWindow">
<FlowControls>
<FlowControl Active="True" BusinessFlowControlAction="GoToBusinessFlow" FlowControlAction="GoToAction" Guid="77a843af-7238-4bd8-a4c8-a378a5a1381c" Operator="ActionFailed" ParentGuid="00000000-0000-0000-0000-000000000000" Value="64e5f0e6-ae57-4af3-9061-7462ac2397ba#GUID_NAME#Increase counter" />
</FlowControls>

<InputValues>
<ActInputValue Guid="59816d00-d595-4e80-b07e-67e0cccced81" Param="ElementAction" ParentGuid="00000000-0000-0000-0000-000000000000" Value="GetValue" />
<ActInputValue Guid="b1439efb-5fda-4d07-8bb6-ee18f19cf8b6" Param="ElementType" ParentGuid="00000000-0000-0000-0000-000000000000" Value="HyperLink" />
<ActInputValue Guid="5d8d1d5d-bee8-43b0-b061-0d5c62e2d2f1" Param="IsWidgetsElement" ParentGuid="00000000-0000-0000-0000-000000000000" Value="true" />
<ActInputValue Guid="9ca69803-7d56-45f4-b330-61d2901d6cfe" Param="Value" ParentGuid="00000000-0000-0000-0000-000000000000" />
<ActInputValue Guid="f7f537a6-11e3-442b-bd89-f95b456fe982" Param="ElementLocateBy" ParentGuid="00000000-0000-0000-0000-000000000000" Value="ByRelXPath" />
<ActInputValue Guid="18d16689-1e25-4484-b17d-217b2879f63c" Param="ElementLocateValue" ParentGuid="00000000-0000-0000-0000-000000000000" Value="//div[@id='itemListModalMPC']/div/div/div[2]/div/div/div[3]/div/div[4]/div/div/div[3]/div/ul/li[{Var Name=Counter}]/div" />
<ActInputValue Guid="39f7024f-9956-4dd1-940f-97e8ce5b4373" Param="TargetLocateBy" ParentGuid="00000000-0000-0000-0000-000000000000" Value="NA" />
<ActInputValue Guid="8e1a9f89-7723-4726-b4cf-7c299c3c6897" Param="TargetElementType" ParentGuid="00000000-0000-0000-0000-000000000000" Value="Unknown" />
<ActInputValue Guid="f9f10829-33e1-47d1-9023-d8cb43a3e8bc" Param="HandleElementType" ParentGuid="00000000-0000-0000-0000-000000000000" Value="Unknown" />
<ActInputValue Guid="e133f418-5c2c-4ead-b0c2-95ca4973bab1" Param="HandleActionType" ParentGuid="00000000-0000-0000-0000-000000000000" Value="Unknown" />
</InputValues>

<ReturnValues>
<ActReturnValue Active="True" Guid="70457690-7c94-4de0-96c3-2ccb4fe49440" mExpected="{Var Name=AddOn}" Operator="Contains" Param="Actual0" ParentGuid="00000000-0000-0000-0000-000000000000" StoreTo="None" />
</ReturnValues>
</ActUIElement>
<ActUIElement Active="True" Description="Click : Btton Add" EnableRetryMechanism="True" Guid="b03210fb-1c8d-4d52-b81d-3b30f83043fe" MaxNumberOfRetries="10" ParentGuid="00000000-0000-0000-0000-000000000000" Platform="Java" RetryMechanismInterval="3" StatusConverter="None" TakeScreenShot="True" WaitVE="2" WindowsToCapture="OnlyActiveWindow">
<InputValues>
<ActInputValue Guid="8c5d9208-93a9-4f92-a576-fd3debd7a63b" Param="ElementAction" ParentGuid="00000000-0000-0000-0000-000000000000" Value="Click" />
<ActInputValue Guid="19f8bfde-745d-40bb-a8e8-642d73b73612" Param="ElementType" ParentGuid="00000000-0000-0000-0000-000000000000" Value="Button" />
<ActInputValue Guid="a84de83a-f218-4e96-88cd-a185b3c96b35" Param="IsWidgetsElement" ParentGuid="00000000-0000-0000-0000-000000000000" Value="true" />
<ActInputValue Guid="98f2b0f5-1c9f-4713-bf21-1cc09b307826" Param="Value" ParentGuid="00000000-0000-0000-0000-000000000000" />
<ActInputValue Guid="ad83f67d-b9dd-4726-8d7b-38eab94b915d" Param="ElementLocateBy" ParentGuid="00000000-0000-0000-0000-000000000000" Value="ByRelXPath" />
<ActInputValue Guid="2972124c-c431-4b4e-ae35-9d09f3392057" Param="ElementLocateValue" ParentGuid="00000000-0000-0000-0000-000000000000" Value="//div[@id='itemListModalMPC']/div/div/div[2]/div/div/div[3]/div/div[4]/div/div/div[3]/div/ul/li[{Var Name=Counter}]/div[2]/div/div/div[2]/div/button[2]" />
<ActInputValue Guid="015b1d20-2dbb-45f2-9d13-990ff8eef15d" Param="ValueToSelect" ParentGuid="00000000-0000-0000-0000-000000000000" />
<ActInputValue Guid="64c7c027-dd4e-4bb7-bd9e-001552e61b6d" Param="TargetLocateBy" ParentGuid="00000000-0000-0000-0000-000000000000" Value="NA" />
<ActInputValue Guid="a06f9651-8137-43d6-9b4a-310ede36b059" Param="TargetElementType" ParentGuid="00000000-0000-0000-0000-000000000000" Value="Unknown" />
<ActInputValue Guid="5e1a256b-4653-4438-9ebe-2dac23120bc4" Param="HandleElementType" ParentGuid="00000000-0000-0000-0000-000000000000" Value="Unknown" />
<ActInputValue Guid="f27c2c28-7562-457a-b926-e4acd961031e" Param="HandleActionType" ParentGuid="00000000-0000-0000-0000-000000000000" Value="Unknown" />
</InputValues>
</ActUIElement>
<ActUIElement Active="True" Description="Click : BUTTON" Guid="6f2eed1c-bcb6-4b5e-9bd7-d8226e4af831" MaxNumberOfRetries="2" ParentGuid="00000000-0000-0000-0000-000000000000" Platform="NA" RetryMechanismInterval="5" StatusConverter="None" TakeScreenShot="True" WaitVE="0" WindowsToCapture="OnlyActiveWindow">
<InputValues>
<ActInputValue Guid="b7fe39dc-f328-4a02-adf3-dbd3fa278082" Param="ElementAction" ParentGuid="00000000-0000-0000-0000-000000000000" Value="Click" />
<ActInputValue Guid="60220dbf-a8c1-49aa-a8bd-f6fe7b6f83a3" Param="ElementType" ParentGuid="00000000-0000-0000-0000-000000000000" Value="Button" />
<ActInputValue Guid="80e35859-7976-4672-9ca2-9cd39244090c" Param="IsWidgetsElement" ParentGuid="00000000-0000-0000-0000-000000000000" Value="true" />
<ActInputValue Guid="500164ef-c6c5-47e3-94fa-fbca5bc748ba" Param="Value" ParentGuid="00000000-0000-0000-0000-000000000000" />
<ActInputValue Guid="13de2d08-08c7-4919-ad84-6e3fc8c69d32" Param="ElementLocateBy" ParentGuid="00000000-0000-0000-0000-000000000000" Value="ByRelXPath" />
<ActInputValue Guid="a166e461-301e-474d-b432-73f0c07c172e" Param="ElementLocateValue" ParentGuid="00000000-0000-0000-0000-000000000000" Value="//div[@id='itemListModalMPC']/div/div/div[2]/div/div/div[4]/button" />
<ActInputValue Guid="913e7b31-0ef7-4a73-a557-1ab31d5560d8" Param="ValueToSelect" ParentGuid="00000000-0000-0000-0000-000000000000" />
<ActInputValue Guid="cfe8527a-bafd-4074-ac19-3f7ef8699198" Param="TargetLocateBy" ParentGuid="00000000-0000-0000-0000-000000000000" Value="NA" />
<ActInputValue Guid="212acf9d-9192-4afc-8fad-ca55f531b316" Param="TargetElementType" ParentGuid="00000000-0000-0000-0000-000000000000" Value="Unknown" />
<ActInputValue Guid="5b7b9a7b-e0c3-4536-ba83-a45064708485" Param="HandleElementType" ParentGuid="00000000-0000-0000-0000-000000000000" Value="Unknown" />
<ActInputValue Guid="e71e50c7-e898-4f95-b5ed-08e485ec0996" Param="HandleActionType" ParentGuid="00000000-0000-0000-0000-000000000000" Value="Unknown" />
</InputValues>
</ActUIElement>
<ActUIElement Active="True" Description="Verify add on is added" EnableRetryMechanism="True" Guid="9f7e2314-b4d0-4c09-a1b5-e2d8b6bf0a9b" MaxNumberOfRetries="4" ParentGuid="00000000-0000-0000-0000-000000000000" Platform="Java" RetryMechanismInterval="3" StatusConverter="None" TakeScreenShot="True" WaitVE="2" WindowsToCapture="OnlyActiveWindow">
<InputValues>
<ActInputValue Guid="397be062-a858-4316-9941-c8c6a7a35fb6" Param="ElementAction" ParentGuid="00000000-0000-0000-0000-000000000000" Value="GetValue" />
<ActInputValue Guid="64d3697f-63f9-4a27-8733-77036af43e97" Param="ElementType" ParentGuid="00000000-0000-0000-0000-000000000000" Value="Div" />
<ActInputValue Guid="d916c934-6b39-4a6a-9510-b1e3dd5d498f" Param="IsWidgetsElement" ParentGuid="00000000-0000-0000-0000-000000000000" Value="true" />
<ActInputValue Guid="12e81720-f3fd-4105-a7ce-f887ec9506b7" Param="Value" ParentGuid="00000000-0000-0000-0000-000000000000" />
<ActInputValue Guid="cdc0500c-e910-4b15-9180-55ab4d91f1e4" Param="ElementLocateBy" ParentGuid="00000000-0000-0000-0000-000000000000" Value="ByXPath" />
<ActInputValue Guid="7a5f335c-b523-4448-bf07-425c3edf7e33" Param="ElementLocateValue" ParentGuid="00000000-0000-0000-0000-000000000000" Value="//div[4]/div[2]/div/div/div/div/div/div[3]/div[2]/div/div/div[3]" />
<ActInputValue Guid="36573933-3eda-4ee6-9122-d767a570b9d9" Param="TargetLocateBy" ParentGuid="00000000-0000-0000-0000-000000000000" Value="NA" />
<ActInputValue Guid="61efb49c-c555-482b-baaf-b896928dc1f1" Param="TargetElementType" ParentGuid="00000000-0000-0000-0000-000000000000" Value="Unknown" />
<ActInputValue Guid="18a1ec42-21d5-4ac9-af93-987c8a2a4d2d" Param="HandleElementType" ParentGuid="00000000-0000-0000-0000-000000000000" Value="Unknown" />
<ActInputValue Guid="9d631000-3143-4aa3-86f5-27c5eddb2b0a" Param="HandleActionType" ParentGuid="00000000-0000-0000-0000-000000000000" Value="Unknown" />
</InputValues>

<ReturnValues>
<ActReturnValue Active="True" Guid="33970736-1c8c-4f2d-98c4-d55ede1cf885" mExpected="{Var Name=AddOn}" Operator="Contains" Param="Actual0" ParentGuid="00000000-0000-0000-0000-000000000000" StoreTo="None" />
</ReturnValues>
</ActUIElement>
</Acts>

<Variables>
<VariableString Guid="1980d5f7-1f26-4082-a133-89583e1373e2" InitialStringValue="Showtime" MappedOutputType="None" Name="Add on" ParentGuid="00000000-0000-0000-0000-000000000000" SetAsOutputValue="False" />
<VariableString Guid="159690f6-5cc3-4c93-9980-66ca372945e1" InitialStringValue="1" MappedOutputType="None" Name="Counter" ParentGuid="00000000-0000-0000-0000-000000000000" SetAsInputValue="False" />
<VariableString Guid="393687ab-620d-41eb-880e-4f4bf03c5849" MappedOutputType="None" Name="AddOn" ParentGuid="00000000-0000-0000-0000-000000000000" SetAsInputValue="False" SetAsOutputValue="False" />
</Variables>
</Activity>
</Activities>

<ActivitiesGroups>
<ActivitiesGroup Guid="5458cf36-70e9-4e93-adf4-1e4d38a252df" Name="NPC - 3 - Add on" ParentGuid="00000000-0000-0000-0000-000000000000">
<ActivitiesIdentifiers>
<ActivityIdentifiers ActivityAutomationStatus="Automated" ActivityGuid="3cd25336-ba5d-4053-b7bb-b6d05e71e135" ActivityName="Configure Add on" Guid="8cd13d8b-7a6c-4024-bb2b-aef126f84e43" ParentGuid="00000000-0000-0000-0000-000000000000" />
</ActivitiesIdentifiers>
</ActivitiesGroup>
</ActivitiesGroups>

<TargetApplications>
<TargetApplication AppName="MyJavaApp" Guid="3cee62b8-cd4b-42aa-9125-efe46999af9a" LastExecutingAgentName="MyJavaApp - Agent 1" ParentGuid="00000000-0000-0000-0000-000000000000" />
<TargetApplication AppName="Mediation" Guid="89ace692-55d0-46bc-bc1e-b540f74bd57f" LastExecutingAgentName="Unix" ParentGuid="00000000-0000-0000-0000-000000000000" />
<TargetApplication AppName="MyWindowsApp" Guid="c154e311-1b7b-46f2-9ea9-6c6b3d67ba87" LastExecutingAgentName="Windows" ParentGuid="00000000-0000-0000-0000-000000000000" />
</TargetApplications>

<Variables>
<VariableString Guid="1980d5f7-1f26-4082-a133-89583e1373e2" InitialStringValue="Showtime" MappedOutputType="None" Name="Add on" ParentGuid="00000000-0000-0000-0000-000000000000" SetAsOutputValue="False" />
</Variables>
</BusinessFlow></GingerRepositoryItem>