﻿<?xml version="1.0" encoding="utf-8"?>
<GingerRepositoryItem><Header ItemGuid="974f5fa1-4c68-4efa-aa69-9099440c3b4c" ItemType="BusinessFlow" CreatedBy="christian.poblete" Created="202101071557" GingerVersion="3.6.0.0" Version="74" LastUpdateBy="christian.poblete" LastUpdate="202101152007" />
<BusinessFlow Elapsed="16550" Guid="974f5fa1-4c68-4efa-aa69-9099440c3b4c" Name="CRM_Login" ParentGuid="00000000-0000-0000-0000-000000000000" Source="Ginger" Status="Unknown">
<Activities>
<Activity ActionRunOption="StopActionsRunOnFailure" Active="True" ActivitiesGroupID="CRM login" ActivityName="Load CRM login data" AutomationStatus="Development" ErrorHandlerMappingType="AllAvailableHandlers" Guid="772d58bc-60ca-44ea-88a6-74fcdcf1dc40" ParentGuid="00000000-0000-0000-0000-000000000000" PercentAutomated="0%" TargetApplication="MyJavaApp">
<Acts>
<ActExcel Description="Excel Action" ExcelActionType="ReadCellData" Guid="a7b4b04a-bf20-4050-8965-6e3001574ab7" MaxNumberOfRetries="2" ParentGuid="00000000-0000-0000-0000-000000000000" Platform="NA" RetryMechanismInterval="5" StatusConverter="None" TakeScreenShot="True" WindowsToCapture="OnlyActiveWindow">
<InputValues>
<ActInputValue Guid="13efcb8c-533c-4390-b5c2-276ef9a4a782" Param="ColMappingRules" ParentGuid="00000000-0000-0000-0000-000000000000" />
<ActInputValue Guid="1c4179b0-14db-4dbd-9028-b0b726fb890b" Param="ExcelFileName" ParentGuid="00000000-0000-0000-0000-000000000000" Value="~\\DOCUMENTS\EXCEL\PROVIDEDATAFILE.XLSX" />
</InputValues>
</ActExcel>
</Acts>
</Activity>
<Activity ActionRunOption="StopActionsRunOnFailure" Active="True" ActivitiesGroupID="CRM login" ActivityName="Launch CRM" AutomationStatus="Automated" ErrorHandlerMappingType="AllAvailableHandlers" Guid="a82339f6-9c2f-46b5-b0d6-cdfb9956bd4f" ParentGuid="00000000-0000-0000-0000-000000000000" PercentAutomated="92%" TargetApplication="Mediation">
<Acts>
<ActSetVariableValue Description="Set Parameter Action" Guid="daf7b155-8048-4632-aaa3-a19ce33d56b3" MaxNumberOfRetries="2" ParentGuid="00000000-0000-0000-0000-000000000000" Platform="NA" RetryMechanismInterval="5" SetVariableValueOption="SetValue" StatusConverter="None" VariableName="TempVar" WaitVE="0" WindowsToCapture="OnlyActiveWindow">
<InputValues>
<ActInputValue Guid="00da3ac0-eff1-4505-ac92-d64f19bed28b" Param="Value" ParentGuid="00000000-0000-0000-0000-000000000000" Value="{DS Name=DefaultDataSource DST=COP_Simplified_sanity MASD=N Query QUERY=db.COP_Simplified_sanity.select GINGER_KEY_VALUE where GINGER_KEY_NAME=&quot;EnvironmentName&quot;}" />
</InputValues>
</ActSetVariableValue>
<ActDummy Active="True" Description="Dummy Action - go to set DB connectionstring" Guid="f8d01597-b892-445f-9ea7-42e17876028b" MaxNumberOfRetries="2" ParentGuid="00000000-0000-0000-0000-000000000000" Platform="NA" RetryMechanismInterval="5" StatusConverter="None" WaitVE="0" WindowsToCapture="OnlyActiveWindow">
<FlowControls>
<FlowControl Active="True" BusinessFlowControlAction="GoToBusinessFlow" Condition="{CS Exp=@&quot;{Var Name=EnvironmentName}&quot;.Contains(@&quot;DT1&quot;)}" FlowControlAction="GoToAction" Guid="daa740f4-61d0-4c9b-8b7f-7ae218f1fe7f" Operator="Legacy" ParentGuid="00000000-0000-0000-0000-000000000000" Value="32e85f41-f86f-4b48-acce-8d4f7d02be75#GUID_NAME#Set OMS  DT1 connection string" />
<FlowControl Active="True" BusinessFlowControlAction="GoToBusinessFlow" Condition="{CS Exp=@&quot;{Var Name=EnvironmentName}&quot;.Contains(@&quot;DT2&quot;)}" FlowControlAction="GoToAction" Guid="bfb2fa96-f632-459f-a4fa-da254a068a5b" Operator="Legacy" ParentGuid="00000000-0000-0000-0000-000000000000" Value="876c7941-166e-4812-a7e5-cae5bc1d2eb3#GUID_NAME#Set OMS  DT2 connection string" />
</FlowControls>

<InputValues>
<ActInputValue Guid="02a62e41-0d5f-4f22-9b4a-9e0f4fb6cd4c" Param="Value" ParentGuid="00000000-0000-0000-0000-000000000000" />
</InputValues>
</ActDummy>
<ActSetVariableValue Active="True" Description="Set OMS  DT1 connection string" Guid="32e85f41-f86f-4b48-acce-8d4f7d02be75" MaxNumberOfRetries="2" ParentGuid="00000000-0000-0000-0000-000000000000" Platform="NA" RetryMechanismInterval="5" SetVariableValueOption="SetValue" StatusConverter="None" VariableName="DBOMSConnectionString" WaitVE="0" WindowsToCapture="OnlyActiveWindow">
<InputValues>
<ActInputValue Guid="abafbd50-b092-4d78-8ebc-3df3dc1fba99" Param="Value" ParentGuid="00000000-0000-0000-0000-000000000000" Value="Data Source=(description=(address=(protocol=tcp) (host=dtomsdb) (port=1582)) (connect_data=(sid=dtoms)));User Id=PRDOMS;Password=pass_4all;" />
</InputValues>
</ActSetVariableValue>
<ActSetVariableValue Active="True" Description="Set ABP  DT1 connection string" Guid="5049edd5-7b70-40db-9efa-2b8e72549f0d" MaxNumberOfRetries="2" ParentGuid="00000000-0000-0000-0000-000000000000" Platform="NA" RetryMechanismInterval="5" SetVariableValueOption="SetValue" StatusConverter="None" VariableName="DBABPConnectionString" WaitVE="0" WindowsToCapture="OnlyActiveWindow">
<FlowControls>
<FlowControl Active="True" BusinessFlowControlAction="GoToBusinessFlow" FlowControlAction="GoToAction" Guid="f6667d1f-eac3-48ac-808b-48cbb3bdc147" Operator="ActionPassed" ParentGuid="00000000-0000-0000-0000-000000000000" Value="cd1a916e-cb26-4e44-accb-34e4c70c21d8#GUID_NAME#Dummy Action - go to set URL" />
</FlowControls>

<InputValues>
<ActInputValue Guid="abafbd50-b092-4d78-8ebc-3df3dc1fba99" Param="Value" ParentGuid="00000000-0000-0000-0000-000000000000" Value="Data Source=(description=(address=(protocol=tcp) (host=dtabpdb) (port=1581)) (connect_data=(sid=dtabp)));User Id=PRDCUSTC;Password=pass_4all;" />
</InputValues>
</ActSetVariableValue>
<ActSetVariableValue Active="True" Description="Set OMS  DT2 connection string" Guid="876c7941-166e-4812-a7e5-cae5bc1d2eb3" MaxNumberOfRetries="2" ParentGuid="00000000-0000-0000-0000-000000000000" Platform="NA" RetryMechanismInterval="5" SetVariableValueOption="SetValue" StatusConverter="None" VariableName="DBOMSConnectionString" WindowsToCapture="OnlyActiveWindow">
<InputValues>
<ActInputValue Guid="abafbd50-b092-4d78-8ebc-3df3dc1fba99" Param="Value" ParentGuid="00000000-0000-0000-0000-000000000000" Value="Data Source=(description=(address=(protocol=tcp) (host=dtsomsdb) (port=1582)) (connect_data=(sid=dtsoms)));User Id=PRDOMS;Password=pass_4all;" />
</InputValues>
</ActSetVariableValue>
<ActSetVariableValue Active="True" Description="Set ABP  DT2 connection string" Guid="d3ffd5b9-e5b2-4ac8-94ba-795366f18820" MaxNumberOfRetries="2" ParentGuid="00000000-0000-0000-0000-000000000000" Platform="NA" RetryMechanismInterval="5" SetVariableValueOption="SetValue" StatusConverter="None" VariableName="DBABPConnectionString" WindowsToCapture="OnlyActiveWindow">
<FlowControls>
<FlowControl Active="True" BusinessFlowControlAction="GoToBusinessFlow" FlowControlAction="GoToAction" Guid="d130fa20-8cfe-4f2b-99b6-a0abf9e005df" Operator="ActionPassed" ParentGuid="00000000-0000-0000-0000-000000000000" Value="cd1a916e-cb26-4e44-accb-34e4c70c21d8#GUID_NAME#Dummy Action - go to set URL" />
</FlowControls>

<InputValues>
<ActInputValue Guid="abafbd50-b092-4d78-8ebc-3df3dc1fba99" Param="Value" ParentGuid="00000000-0000-0000-0000-000000000000" Value="Data Source=(description=(address=(protocol=tcp) (host=dtsabpdb) (port=1581)) (connect_data=(sid=dtsabp)));User Id=PRDCUSTC;Password=pass_4all;" />
</InputValues>
</ActSetVariableValue>
<ActDummy Active="True" Description="Dummy Action - go to set URL" Guid="cd1a916e-cb26-4e44-accb-34e4c70c21d8" MaxNumberOfRetries="2" ParentGuid="00000000-0000-0000-0000-000000000000" Platform="NA" RetryMechanismInterval="5" StatusConverter="None" WaitVE="0" WindowsToCapture="OnlyActiveWindow">
<FlowControls>
<FlowControl Active="True" BusinessFlowControlAction="GoToBusinessFlow" Condition="{CS Exp=@&quot;{Var Name=EnvironmentName}&quot;.Contains(@&quot;DT1&quot;)}" FlowControlAction="GoToAction" Guid="daa740f4-61d0-4c9b-8b7f-7ae218f1fe7f" Operator="Legacy" ParentGuid="00000000-0000-0000-0000-000000000000" Value="91f679f8-2326-42d6-88af-cce46dd9667b#GUID_NAME#Set DT1 URL" />
<FlowControl Active="True" BusinessFlowControlAction="GoToBusinessFlow" Condition="{CS Exp=@&quot;{Var Name=EnvironmentName}&quot;.Contains(@&quot;DT2&quot;)}" FlowControlAction="GoToAction" Guid="bfb2fa96-f632-459f-a4fa-da254a068a5b" Operator="Legacy" ParentGuid="00000000-0000-0000-0000-000000000000" Value="353c2bff-751c-434e-9ef9-5aa7f90ee2b6#GUID_NAME#Set DT2 URL" />
</FlowControls>

<InputValues>
<ActInputValue Guid="02a62e41-0d5f-4f22-9b4a-9e0f4fb6cd4c" Param="Value" ParentGuid="00000000-0000-0000-0000-000000000000" />
</InputValues>
</ActDummy>
<ActSetVariableValue Active="True" Description="Set DT1 URL" Guid="91f679f8-2326-42d6-88af-cce46dd9667b" MaxNumberOfRetries="2" ParentGuid="00000000-0000-0000-0000-000000000000" Platform="NA" RetryMechanismInterval="5" SetVariableValueOption="SetValue" StatusConverter="None" VariableName="CRM URL_2" WaitVE="0" WindowsToCapture="OnlyActiveWindow">
<FlowControls>
<FlowControl Active="True" BusinessFlowControlAction="GoToBusinessFlow" FlowControlAction="GoToAction" Guid="6dbe2348-7b89-4323-9a93-07024df333d6" Operator="ActionPassed" ParentGuid="00000000-0000-0000-0000-000000000000" Value="5eb8cb9c-a35a-4bb2-9aa7-fc7ee0edbfcd#GUID_NAME#Script Action" />
</FlowControls>

<InputValues>
<ActInputValue Guid="00b2cc75-5d8d-438e-a8d2-5387d6323220" Param="Value" ParentGuid="00000000-0000-0000-0000-000000000000" Value="http://amdocs-dt-crm-jnlp.global.dish.com/Crm/CRM/Crm.jnlp" />
</InputValues>
</ActSetVariableValue>
<ActSetVariableValue Active="True" Description="Set DT2 URL" Guid="353c2bff-751c-434e-9ef9-5aa7f90ee2b6" MaxNumberOfRetries="2" ParentGuid="00000000-0000-0000-0000-000000000000" Platform="NA" RetryMechanismInterval="5" SetVariableValueOption="SetValue" StatusConverter="None" VariableName="CRM URL_2" WaitVE="0" WindowsToCapture="OnlyActiveWindow">
<FlowControls>
<FlowControl Active="True" BusinessFlowControlAction="GoToBusinessFlow" FlowControlAction="GoToAction" Guid="10d401e7-f53c-4cf0-a0e2-0d3b909e717e" Operator="ActionPassed" ParentGuid="00000000-0000-0000-0000-000000000000" Value="5eb8cb9c-a35a-4bb2-9aa7-fc7ee0edbfcd#GUID_NAME#Script Action" />
</FlowControls>

<InputValues>
<ActInputValue Guid="00b2cc75-5d8d-438e-a8d2-5387d6323220" Param="Value" ParentGuid="00000000-0000-0000-0000-000000000000" Value="http://amdocs-dt2-crm-jnlp.global.dish.com/Crm/CRM/Crm.jnlp" />
</InputValues>
</ActSetVariableValue>
<ActScript Active="True" Description="Script Action" Guid="5eb8cb9c-a35a-4bb2-9aa7-fc7ee0edbfcd" MaxNumberOfRetries="2" ParentGuid="00000000-0000-0000-0000-000000000000" Platform="NA" RetryMechanismInterval="5" ScriptCommand="Script" ScriptInterpreterType="BAT" ScriptName="TerminateWindows.bat" ScriptPath="C:\DishAutomation\Dish\Documents\Scripts\" StatusConverter="None" WaitVE="0" WindowsToCapture="OnlyActiveWindow">
<InputValues>
<ActInputValue Guid="fc133364-08a3-4d1d-9170-0d381161a606" Param="Value" ParentGuid="00000000-0000-0000-0000-000000000000" />
</InputValues>
</ActScript>
<ActLaunchJavaWSApplication Active="True" AttachAgentProcessSyncTime="120" Description="Launch CRM" Guid="90d8ef46-1be1-434b-8aa6-de39e9dda42f" JavaWSEXEPath="C:\Program Files (x86)\Java\jdk1.8.0_271" MaxNumberOfRetries="2" ParentGuid="00000000-0000-0000-0000-000000000000" Platform="NA" Port="8888" RetryMechanismInterval="5" StatusConverter="None" Timeout="400" URL="{Var Name=CRM URL_2}" WaitForWindowTitle="Login" WaitForWindowTitleMaxTime="300" WaitVE="0" WindowsToCapture="OnlyActiveWindow">
<InputValues>
<ActInputValue Guid="011b518b-11d5-4613-836d-8e7c96c1aaef" Param="PortConfigParam" ParentGuid="00000000-0000-0000-0000-000000000000" Value="Manual" />
</InputValues>
</ActLaunchJavaWSApplication>
<ActScript Active="True" Description="Script Action" Guid="674aaff2-8450-4fe7-ab84-c1022e4faedf" MaxNumberOfRetries="2" ParentGuid="00000000-0000-0000-0000-000000000000" Platform="NA" RetryMechanismInterval="5" ScriptCommand="Script" ScriptInterpreterType="VBS" ScriptName="HandleLoginPopUps.vbs" ScriptPath="C:\DishAutomation\Dish\Documents\Scripts\" StatusConverter="None" WaitVE="0" WindowsToCapture="OnlyActiveWindow">
<InputValues>
<ActInputValue Guid="f2bd7fa9-37e8-4f3e-9cea-447389de9d67" Param="USERNAME" ParentGuid="00000000-0000-0000-0000-000000000000" Value="{Var Name=CRM User_2}" />
<ActInputValue Guid="1321de71-f19f-4873-b8ca-41a1709b969e" Param="PASSWORD" ParentGuid="00000000-0000-0000-0000-000000000000" Value="{Var Name=CRM Password_2}" />
</InputValues>
</ActScript>
<ActLaunchJavaWSApplication Active="True" AttachAgentProcessSyncTime="120" Description="Launch Java Application -  atthach Java client" Guid="5c9b388c-4b79-483e-997e-c089b95b292e" JavaWSEXEPath="C:\Program Files (x86)\Java\jdk1.8.0_271" LaunchJavaApplication="False" LaunchWithAgent="True" MaxNumberOfRetries="2" ParentGuid="00000000-0000-0000-0000-000000000000" Platform="NA" Port="8888" RetryMechanismInterval="5" StatusConverter="None" WaitForWindowTitle="Login" WaitForWindowTitleMaxTime="60" WaitForWindowWhenDoingLaunch="True" WaitVE="0" WindowsToCapture="OnlyActiveWindow">
<InputValues>
<ActInputValue Guid="e60b5ac0-6965-4f01-9de0-82f8484d37e9" Param="PortConfigParam" ParentGuid="00000000-0000-0000-0000-000000000000" Value="Manual" />
</InputValues>
</ActLaunchJavaWSApplication>
</Acts>

<Variables>
<VariableString Guid="d4444d48-2982-4871-933d-4e198b8d4de1" InitialStringValue="DT1" MappedOutputType="None" Name="TempVar" ParentGuid="00000000-0000-0000-0000-000000000000" SetAsInputValue="False" SetAsOutputValue="False" />
<VariableString Guid="53cc3d77-3877-45d0-aea8-4914392a89b8" MappedOutputType="None" Name="EnvironmentName" ParentGuid="00000000-0000-0000-0000-000000000000" SetAsInputValue="False" SetAsOutputValue="False" />
<VariableString Guid="d44f087e-5ece-42fa-aaf2-aa15d393d885" InitialStringValue="Data Source=(description=(address=(protocol=tcp) (host=dtomsdb) (port=1582)) (connect_data=(sid=dtoms)));User Id=PRDOMS;Password=pass_4all;" MappedOutputType="None" Name="DBOMSConnectionString" ParentGuid="00000000-0000-0000-0000-000000000000" SetAsInputValue="False" SetAsOutputValue="False" />
<VariableString Guid="c6f223e8-1a23-42fa-b8cc-df9d7ffdab1c" InitialStringValue="Data Source=(description=(address=(protocol=tcp) (host=dtabpdb) (port=1581)) (connect_data=(sid=dtabp)));User Id=PRDCUSTC;Password=pass_4all;" MappedOutputType="None" Name="DBABPConnectionString" ParentGuid="00000000-0000-0000-0000-000000000000" SetAsInputValue="False" SetAsOutputValue="False" />
<VariableString Guid="d44f087e-5ece-42fa-aaf2-aa15d393d885" InitialStringValue="Data Source=(description=(address=(protocol=tcp) (host=dtomsdb) (port=1582)) (connect_data=(sid=dtoms)));User Id=PRDOMS;Password=pass_4all;" MappedOutputType="None" Name="DBOMSConnectionString" ParentGuid="00000000-0000-0000-0000-000000000000" SetAsInputValue="False" SetAsOutputValue="False" />
<VariableString Guid="c6f223e8-1a23-42fa-b8cc-df9d7ffdab1c" InitialStringValue="Data Source=(description=(address=(protocol=tcp) (host=dtabpdb) (port=1581)) (connect_data=(sid=dtabp)));User Id=PRDCUSTC;Password=pass_4all;" MappedOutputType="None" Name="DBABPConnectionString" ParentGuid="00000000-0000-0000-0000-000000000000" SetAsInputValue="False" SetAsOutputValue="False" />
<VariableString Guid="a00aa0c0-a16f-47d3-9023-2922d67d5d2a" InitialStringValue="http://amdocs-dt-crm-jnlp.global.dish.com/Crm/CRM/Crm.jnlp" MappedOutputType="None" Name="CRM URL_2" ParentGuid="00000000-0000-0000-0000-000000000000" SetAsInputValue="False" SetAsOutputValue="False" />
<VariableString Guid="a00aa0c0-a16f-47d3-9023-2922d67d5d2a" InitialStringValue="http://amdocs-dt-crm-jnlp.global.dish.com/Crm/CRM/Crm.jnlp" MappedOutputType="None" Name="CRM URL_2" ParentGuid="00000000-0000-0000-0000-000000000000" SetAsInputValue="False" SetAsOutputValue="False" />
<VariableString Guid="4f398f3d-345c-4d0b-9738-5052dade38e1" InitialStringValue="Asmsa1" MappedOutputType="None" Name="CRM User_2" ParentGuid="00000000-0000-0000-0000-000000000000" SetAsInputValue="False" SetAsOutputValue="False" />
<VariableString Guid="600a3409-3931-4b9d-99c3-d3f37ccc496a" InitialStringValue="Asmsa212" MappedOutputType="None" Name="CRM Password_2" ParentGuid="00000000-0000-0000-0000-000000000000" SetAsInputValue="False" SetAsOutputValue="False" />
</Variables>
</Activity>
<Activity ActionRunOption="StopActionsRunOnFailure" Active="True" ActivitiesGroupID="CRM login" ActivityName="CRM Login" AutomationStatus="Automated" ErrorHandlerMappingType="AllAvailableHandlers" Guid="ab6a81d3-ed94-46f6-9275-39ef5d1a64a6" ParentGuid="00000000-0000-0000-0000-000000000000" PercentAutomated="75%" TargetApplication="MyJavaApp">
<Acts>
<ActSetVariableValue Description="Set Parameter Action - CRM user" Guid="1b9caa11-0fe1-460a-b57f-4bdbccfad18d" MaxNumberOfRetries="2" ParentGuid="00000000-0000-0000-0000-000000000000" Platform="NA" RetryMechanismInterval="5" SetVariableValueOption="SetValue" StatusConverter="None" VariableName="CRM User_2" WaitVE="0" WindowsToCapture="OnlyActiveWindow">
<InputValues>
<ActInputValue Guid="98cdce13-4e3b-4ee5-b0d3-27a404cdedf1" Param="Value" ParentGuid="00000000-0000-0000-0000-000000000000" Value="{DS Name=DefaultDataSource DST=COP_Simplified_sanity MASD=N Query QUERY=db.COP_Simplified_sanity.select GINGER_KEY_VALUE where GINGER_KEY_NAME=&quot;CRMUser&quot;}" />
</InputValues>
</ActSetVariableValue>
<ActSetVariableValue Description="Set Parameter Action - CRM password" Guid="3ff4ca0b-33b5-4422-b902-ef1199ee49e7" MaxNumberOfRetries="2" ParentGuid="00000000-0000-0000-0000-000000000000" Platform="NA" RetryMechanismInterval="5" SetVariableValueOption="SetValue" StatusConverter="None" VariableName="CRM Password_2" WaitVE="0" WindowsToCapture="OnlyActiveWindow">
<InputValues>
<ActInputValue Guid="98cdce13-4e3b-4ee5-b0d3-27a404cdedf1" Param="Value" ParentGuid="00000000-0000-0000-0000-000000000000" Value="{DS Name=DefaultDataSource DST=COP_Simplified_sanity MASD=N Query QUERY=db.COP_Simplified_sanity.select GINGER_KEY_VALUE where GINGER_KEY_NAME=&quot;CRMPassword&quot;}" />
</InputValues>
</ActSetVariableValue>
<ActSwitchWindow Active="True" Description="Switch Window Action - Login" EnableRetryMechanism="True" Guid="2d81d83f-959b-4a2a-b086-58fe80da27ec" MaxNumberOfRetries="6" ParentGuid="00000000-0000-0000-0000-000000000000" Platform="NA" RetryMechanismInterval="5" StatusConverter="None" TakeScreenShot="True" Timeout="50" WaitVE="1" WindowsToCapture="OnlyActiveWindow">
<FlowControls>
<FlowControl Active="True" BusinessFlowControlAction="GoToBusinessFlow" Condition="&quot;{ActionStatus}&quot; = &quot;Failed&quot;" FlowControlAction="StopRun" Guid="f4547ba2-5d6b-46f4-a389-c4cb7c2dc7f2" Operator="Legacy" ParentGuid="00000000-0000-0000-0000-000000000000" />
</FlowControls>

<InputValues>
<ActInputValue Guid="3c8aa244-b0ce-4da7-809d-51a725fb153d" Param="LocateBy" ParentGuid="00000000-0000-0000-0000-000000000000" Value="ByTitle" />
<ActInputValue Guid="38f29d19-9158-4ed8-b748-14030f059499" Param="LocateValue" ParentGuid="00000000-0000-0000-0000-000000000000" Value="Login" />
<ActInputValue Guid="704c5c3d-7adb-4291-a223-0a7b53a40e5f" Param="WaitTime" ParentGuid="00000000-0000-0000-0000-000000000000" Value="0" />
</InputValues>
</ActSwitchWindow>
<ActUIElement Active="True" Description="Login to Amdocs customer interaction manager" Guid="1d0b7a37-1e38-41c6-b874-bf01d48c65f0" MaxNumberOfRetries="2" ParentGuid="00000000-0000-0000-0000-000000000000" Platform="Java" RetryMechanismInterval="5" StatusConverter="None" TakeScreenShot="True" WaitVE="0" WindowsToCapture="OnlyActiveWindow">
<InputValues>
<ActInputValue Guid="ddc0c02d-0148-4aac-ba36-0b895e0c20bd" Param="ElementLocateBy" ParentGuid="00000000-0000-0000-0000-000000000000" Value="ByXPath" />
<ActInputValue Guid="fc5054a5-ddc8-465d-be5d-be092ab793e8" Param="ElementLocateValue" ParentGuid="00000000-0000-0000-0000-000000000000" Value="/javax.swing.JRootPane[0]/null.layeredPane/root/javax.swing.JViewport[0]/root/Panel_3/[[Name:Combobox_32][ClassName:com.amdocs.uif.widgets.ComboBoxNative$1]]" />
<ActInputValue Guid="ab64cea8-bd22-41f8-8e44-adbf3fb6b13b" Param="ElementType" ParentGuid="00000000-0000-0000-0000-000000000000" Value="ComboBox" />
<ActInputValue Guid="6576eea4-8b5a-4a8e-96d7-c3c9fffdb6b6" Param="ElementAction" ParentGuid="00000000-0000-0000-0000-000000000000" Value="Select" />
<ActInputValue Guid="c4fcce20-8c72-4d1a-96af-892b8a682a00" Param="ValueToSelect" ParentGuid="00000000-0000-0000-0000-000000000000" Value="Amdocs Customer Interaction Manager" />
<ActInputValue Guid="1fa71bd9-4e0d-48e5-ac64-8d9f0c0b4c5b" Param="IsWidgetsElement" ParentGuid="00000000-0000-0000-0000-000000000000" Value="false" />
<ActInputValue Guid="b9db3228-c01c-46b9-9835-3c2105fa49f9" Param="WaitforIdle" ParentGuid="00000000-0000-0000-0000-000000000000" Value="None" />
<ActInputValue Guid="547537e5-27ca-42c6-a32b-a7613c1fa739" Param="TargetLocateBy" ParentGuid="00000000-0000-0000-0000-000000000000" Value="NA" />
<ActInputValue Guid="ea385c82-7399-4a3b-bf17-185bb9e0cd01" Param="TargetElementType" ParentGuid="00000000-0000-0000-0000-000000000000" Value="Unknown" />
<ActInputValue Guid="7bdde3f9-198c-4733-afdf-fb31c99c9a66" Param="HandleElementType" ParentGuid="00000000-0000-0000-0000-000000000000" Value="Unknown" />
<ActInputValue Guid="3e9fe6f2-0576-4dd0-a925-2192e88943b1" Param="HandleActionType" ParentGuid="00000000-0000-0000-0000-000000000000" Value="Unknown" />
</InputValues>
</ActUIElement>
<ActUIElement Active="True" Description="Set User" Guid="3904e88b-12a0-40a1-bad8-496bec915e28" MaxNumberOfRetries="2" ParentGuid="00000000-0000-0000-0000-000000000000" Platform="Java" RetryMechanismInterval="5" StatusConverter="None" TakeScreenShot="True" WaitVE="0" WindowsToCapture="OnlyActiveWindow">
<InputValues>
<ActInputValue Guid="78afcc98-acaa-4084-b3b7-ea19c5122691" Param="ElementLocateBy" ParentGuid="00000000-0000-0000-0000-000000000000" Value="ByXPath" />
<ActInputValue Guid="0a6494ad-cbda-43a9-a85c-de3be57e4808" Param="ElementLocateValue" ParentGuid="00000000-0000-0000-0000-000000000000" Value="/javax.swing.JRootPane[0]/null.layeredPane/root/javax.swing.JViewport[0]/root/Panel_3/[[Name:Textfield_33][ClassName:com.amdocs.uif.widgets.TextFieldNative$1]]" />
<ActInputValue Guid="a28c6cb9-1733-4555-a3ba-d37a42390e85" Param="Value" ParentGuid="00000000-0000-0000-0000-000000000000" Value="{Var Name=CRM User_2}" />
<ActInputValue Guid="f911e3c3-3fb7-42dc-ad01-575451d08a4e" Param="ElementType" ParentGuid="00000000-0000-0000-0000-000000000000" Value="TextBox" />
<ActInputValue Guid="3abcac1a-2c20-4115-8dca-55a5039abb49" Param="ElementAction" ParentGuid="00000000-0000-0000-0000-000000000000" Value="SetValue" />
<ActInputValue Guid="69c5c073-b924-4904-a9eb-c5668aba63d2" Param="IsWidgetsElement" ParentGuid="00000000-0000-0000-0000-000000000000" Value="false" />
<ActInputValue Guid="2971b7f0-c13e-4004-8ce4-31b7f25552aa" Param="WaitforIdle" ParentGuid="00000000-0000-0000-0000-000000000000" Value="None" />
<ActInputValue Guid="f94d0ce3-1c52-4d7e-8177-638d10612552" Param="TargetLocateBy" ParentGuid="00000000-0000-0000-0000-000000000000" Value="NA" />
<ActInputValue Guid="de166579-eefb-4f30-9af6-cc905c40e890" Param="TargetElementType" ParentGuid="00000000-0000-0000-0000-000000000000" Value="Unknown" />
<ActInputValue Guid="df0957af-f861-4271-aeb6-7efa3c0a75e3" Param="HandleElementType" ParentGuid="00000000-0000-0000-0000-000000000000" Value="Unknown" />
<ActInputValue Guid="9f6b577f-7750-428f-b75a-959c444c1221" Param="HandleActionType" ParentGuid="00000000-0000-0000-0000-000000000000" Value="Unknown" />
</InputValues>
</ActUIElement>
<ActUIElement Active="True" Description="Set Password" Guid="7f3a0b4d-e71d-44dc-97e9-4c76584e763d" MaxNumberOfRetries="2" ParentGuid="00000000-0000-0000-0000-000000000000" Platform="Java" RetryMechanismInterval="5" StatusConverter="None" TakeScreenShot="True" WaitVE="0" WindowsToCapture="OnlyActiveWindow">
<InputValues>
<ActInputValue Guid="84155cf6-c710-48d3-a50f-96660b463943" Param="ElementLocateBy" ParentGuid="00000000-0000-0000-0000-000000000000" Value="ByXPath" />
<ActInputValue Guid="252cf764-9ab2-4be9-ae0b-f89909309886" Param="ElementLocateValue" ParentGuid="00000000-0000-0000-0000-000000000000" Value="/javax.swing.JRootPane[0]/null.layeredPane/root/javax.swing.JViewport[0]/root/Panel_3/[[Name:ObscuredText_44][ClassName:com.amdocs.uif.widgets.ObscuredTextNative$1]]" />
<ActInputValue Guid="035fed3a-dc89-4afa-be03-1cb1ba627344" Param="Value" ParentGuid="00000000-0000-0000-0000-000000000000" Value="{Var Name=CRM Password_2}" />
<ActInputValue Guid="de27c44f-28bf-485a-b7b0-29f9fa1d57cb" Param="ElementType" ParentGuid="00000000-0000-0000-0000-000000000000" Value="TextBox" />
<ActInputValue Guid="911deb01-fef8-4dc9-8555-ae2fa0acad9a" Param="ElementAction" ParentGuid="00000000-0000-0000-0000-000000000000" Value="SetValue" />
<ActInputValue Guid="b1ee9e3a-d278-4972-b626-b2fe68da3c3f" Param="IsWidgetsElement" ParentGuid="00000000-0000-0000-0000-000000000000" Value="false" />
<ActInputValue Guid="69424613-c8b5-4757-94be-77b128985db8" Param="WaitforIdle" ParentGuid="00000000-0000-0000-0000-000000000000" Value="None" />
<ActInputValue Guid="fc95eea7-7dfc-46d7-948f-2fcb445ca88e" Param="TargetLocateBy" ParentGuid="00000000-0000-0000-0000-000000000000" Value="NA" />
<ActInputValue Guid="bda4b705-7bd9-4767-9274-14ae0f529180" Param="TargetElementType" ParentGuid="00000000-0000-0000-0000-000000000000" Value="Unknown" />
<ActInputValue Guid="6dc87f09-54ac-489a-8a69-17a982ef1131" Param="HandleElementType" ParentGuid="00000000-0000-0000-0000-000000000000" Value="Unknown" />
<ActInputValue Guid="677778a1-f36b-4248-958b-e9ea394bd7ec" Param="HandleActionType" ParentGuid="00000000-0000-0000-0000-000000000000" Value="Unknown" />
</InputValues>
</ActUIElement>
<ActUIElement Active="True" Description="Click : Login" Guid="55ad9e52-4279-4ea2-a262-d42c64c2456e" MaxNumberOfRetries="2" ParentGuid="00000000-0000-0000-0000-000000000000" Platform="Java" RetryMechanismInterval="5" StatusConverter="None" TakeScreenShot="True" WaitVE="0" WindowsToCapture="OnlyActiveWindow">
<InputValues>
<ActInputValue Guid="90d23ec4-3944-4c8e-8f02-a621b0da2c0c" Param="ElementAction" ParentGuid="00000000-0000-0000-0000-000000000000" Value="Click" />
<ActInputValue Guid="91cf5776-980e-41d6-9227-39beeb306b92" Param="ElementType" ParentGuid="00000000-0000-0000-0000-000000000000" Value="Button" />
<ActInputValue Guid="caca9316-5251-4ef7-ace5-a937afa7fb8b" Param="Value" ParentGuid="00000000-0000-0000-0000-000000000000" />
<ActInputValue Guid="9501547b-f543-4abe-8b2a-5167ec932187" Param="ElementLocateBy" ParentGuid="00000000-0000-0000-0000-000000000000" Value="ByXPath" />
<ActInputValue Guid="99476e8b-6b6a-4b48-b646-86b7a6bb6ea7" Param="ElementLocateValue" ParentGuid="00000000-0000-0000-0000-000000000000" Value="/javax.swing.JRootPane[0]/null.layeredPane/root/javax.swing.JViewport[0]/root/pnlWindowFooter/[[Name:Button_38][ClassName:com.amdocs.uif.widgets.ButtonNative$JXButton]]" />
<ActInputValue Guid="c35581f0-35f6-4dca-954e-dfdbbbe1bd3e" Param="ValueToSelect" ParentGuid="00000000-0000-0000-0000-000000000000" />
<ActInputValue Guid="ba2344ed-af66-4836-be07-0d3852f1fffc" Param="IsWidgetsElement" ParentGuid="00000000-0000-0000-0000-000000000000" Value="false" />
<ActInputValue Guid="1b892bdb-1e5b-4b27-b4c0-959347670886" Param="WaitforIdle" ParentGuid="00000000-0000-0000-0000-000000000000" Value="Medium" />
<ActInputValue Guid="0b332eea-ff50-4a2f-8195-ab331bd02192" Param="TargetLocateBy" ParentGuid="00000000-0000-0000-0000-000000000000" Value="NA" />
<ActInputValue Guid="44837fe8-732d-4150-b960-257c969ca6af" Param="TargetElementType" ParentGuid="00000000-0000-0000-0000-000000000000" Value="Unknown" />
<ActInputValue Guid="1c52c199-7746-4f1b-bd5b-6492b7d8b130" Param="HandleElementType" ParentGuid="00000000-0000-0000-0000-000000000000" Value="Unknown" />
<ActInputValue Guid="672adc09-6fb8-43d9-9e71-106fa62e0812" Param="HandleActionType" ParentGuid="00000000-0000-0000-0000-000000000000" Value="Unknown" />
</InputValues>
</ActUIElement>
<ActSwitchWindow Active="True" Description="Switch Window Action - Amdocs Customer Interaction Manager" EnableRetryMechanism="True" Guid="5b757626-76cb-4f20-bf31-dbe6c0b3880f" MaxNumberOfRetries="12" ParentGuid="00000000-0000-0000-0000-000000000000" Platform="NA" RetryMechanismInterval="5" StatusConverter="None" TakeScreenShot="True" Timeout="50" WaitVE="1" WindowsToCapture="OnlyActiveWindow">
<FlowControls>
<FlowControl Active="True" BusinessFlowControlAction="GoToBusinessFlow" Condition="&quot;{ActionStatus}&quot; = &quot;Failed&quot;" FlowControlAction="GoToNextAction" Guid="f4547ba2-5d6b-46f4-a389-c4cb7c2dc7f2" Operator="Legacy" ParentGuid="00000000-0000-0000-0000-000000000000" />
<FlowControl Active="True" BusinessFlowControlAction="GoToBusinessFlow" Condition="&quot;{ActionStatus}&quot; = &quot;Failed&quot;" FlowControlAction="RerunAction" Guid="d79071eb-f573-447e-9e25-0163dbd1e94b" Operator="Legacy" ParentGuid="00000000-0000-0000-0000-000000000000" />
</FlowControls>

<InputValues>
<ActInputValue Guid="3c8aa244-b0ce-4da7-809d-51a725fb153d" Param="LocateBy" ParentGuid="00000000-0000-0000-0000-000000000000" Value="ByTitle" />
<ActInputValue Guid="38f29d19-9158-4ed8-b748-14030f059499" Param="LocateValue" ParentGuid="00000000-0000-0000-0000-000000000000" Value="Amdocs Customer" />
<ActInputValue Guid="704c5c3d-7adb-4291-a223-0a7b53a40e5f" Param="WaitTime" ParentGuid="00000000-0000-0000-0000-000000000000" Value="0" />
</InputValues>
</ActSwitchWindow>
</Acts>

<Variables>
<VariableString Guid="4f398f3d-345c-4d0b-9738-5052dade38e1" InitialStringValue="Asmsa1" MappedOutputType="None" Name="CRM User_2" ParentGuid="00000000-0000-0000-0000-000000000000" SetAsInputValue="False" SetAsOutputValue="False" />
<VariableString Guid="600a3409-3931-4b9d-99c3-d3f37ccc496a" InitialStringValue="Asmsa212" MappedOutputType="None" Name="CRM Password_2" ParentGuid="00000000-0000-0000-0000-000000000000" SetAsInputValue="False" SetAsOutputValue="False" />
</Variables>
</Activity>
</Activities>

<ActivitiesGroups>
<ActivitiesGroup Guid="0c20db6a-f6fb-46c9-85bf-e577d902712b" Name="CRM login" ParentGuid="00000000-0000-0000-0000-000000000000">
<ActivitiesIdentifiers>
<ActivityIdentifiers ActivityAutomationStatus="Development" ActivityGuid="772d58bc-60ca-44ea-88a6-74fcdcf1dc40" ActivityName="Load CRM login data" Guid="db999526-fb58-4697-b327-5d0234216168" ParentGuid="00000000-0000-0000-0000-000000000000" />
<ActivityIdentifiers ActivityAutomationStatus="Automated" ActivityGuid="a82339f6-9c2f-46b5-b0d6-cdfb9956bd4f" ActivityName="Launch CRM" Guid="90991c27-f86b-43f1-bbba-88cb922194e8" ParentGuid="00000000-0000-0000-0000-000000000000" />
<ActivityIdentifiers ActivityAutomationStatus="Automated" ActivityGuid="ab6a81d3-ed94-46f6-9275-39ef5d1a64a6" ActivityName="CRM Login" Guid="f8768ddd-a2e3-4629-a14a-44f42833350c" ParentGuid="00000000-0000-0000-0000-000000000000" />
</ActivitiesIdentifiers>
</ActivitiesGroup>
</ActivitiesGroups>

<TargetApplications>
<TargetApplication AppName="MyJavaApp" Guid="3571bc5d-e6e8-4e63-bd36-d223f9b6352b" LastExecutingAgentName="MyJavaApp - Agent 1" ParentGuid="00000000-0000-0000-0000-000000000000" />
<TargetApplication AppName="Mediation" Guid="6feddef4-1a62-4b66-b3b9-524fd6d90bc3" LastExecutingAgentName="Unix" ParentGuid="00000000-0000-0000-0000-000000000000" />
<TargetApplication AppName="MyWindowsApp" Guid="50d645bc-75b6-406e-8416-3fba780a1068" LastExecutingAgentName="Windows" ParentGuid="00000000-0000-0000-0000-000000000000" />
</TargetApplications>
</BusinessFlow></GingerRepositoryItem>