﻿<?xml version="1.0" encoding="utf-8"?>
<GingerRepositoryItem><Header ItemGuid="7cf6d66c-2660-497f-b77a-c24a9efb7f35" ItemType="BusinessFlow" CreatedBy="christian.poblete" Created="202102022003" GingerVersion="3.6.0.0" Version="1" LastUpdateBy="christian.poblete" LastUpdate="202102022003" />
<BusinessFlow Elapsed="4187" Guid="7cf6d66c-2660-497f-b77a-c24a9efb7f35" Name="CHQ - Change - MCO" ParentGuid="00000000-0000-0000-0000-000000000000" Source="Ginger" Status="Unknown">
<Activities>
<Activity ActionRunOption="StopActionsRunOnFailure" Active="True" ActivitiesGroupID="Group" ActivityName="Step 1" AutomationStatus="Development" ErrorHandlerMappingType="AllAvailableHandlers" Guid="6ccf58ad-e2c3-4dcc-8950-09c2d77812e3" ParentGuid="00000000-0000-0000-0000-000000000000" PercentAutomated="78%" TargetApplication="MyWebApp">
<Acts>
<ActGotoURL Active="True" Description="Goto App URL - http://dt01mco:9001/mco/" Guid="507d8360-c1f2-47e8-8eb5-fe444637d93e" MaxNumberOfRetries="2" ParentGuid="00000000-0000-0000-0000-000000000000" Platform="NA" RetryMechanismInterval="5" StatusConverter="None" WaitVE="0" WindowsToCapture="OnlyActiveWindow">
<InputValues>
<ActInputValue Guid="c2de3804-7b84-4ed1-b82c-ee569603cffb" Param="Value" ParentGuid="00000000-0000-0000-0000-000000000000" Value="http://dt01mco:9001/mco/" />
</InputValues>
</ActGotoURL>
<ActGenElement Active="True" Description="Click gwt-debug-DisclaimerAccept" GenElementAction="Click" Guid="1bd13741-3261-4fb5-ac96-c0f313a55c38" MaxNumberOfRetries="2" ParentGuid="00000000-0000-0000-0000-000000000000" Platform="NA" RetryMechanismInterval="5" StatusConverter="None" WaitVE="0" WindowsToCapture="OnlyActiveWindow">
<InputValues>
<ActInputValue Guid="2005a776-2bbc-4aa9-8646-4bbfb3d96402" Param="LocateBy" ParentGuid="00000000-0000-0000-0000-000000000000" Value="ByID" />
<ActInputValue Guid="d4f3095b-1a84-4e85-8f92-f1e0005a9b15" Param="LocateValue" ParentGuid="00000000-0000-0000-0000-000000000000" Value="gwt-debug-DisclaimerAccept" />
<ActInputValue Guid="cb8b9a30-2f68-43a6-8c46-3cf7bbe82fd3" Param="Value" ParentGuid="00000000-0000-0000-0000-000000000000" />
<ActInputValue Guid="7e612724-cbdb-4911-ac41-c6981ae240f2" Param="Xoffset" ParentGuid="00000000-0000-0000-0000-000000000000" />
<ActInputValue Guid="77df4a34-b54e-4022-a85a-e0603db96e34" Param="Yoffset" ParentGuid="00000000-0000-0000-0000-000000000000" />
</InputValues>
</ActGenElement>
<ActTextBox Active="True" Description="Enter value in gwt-debug-McoAuthenticationRequestDTO-email" Guid="05166ab8-a4c2-42db-b96c-0151c434a223" MaxNumberOfRetries="2" ParentGuid="00000000-0000-0000-0000-000000000000" Platform="NA" RetryMechanismInterval="5" StatusConverter="None" TextBoxAction="SetValue" WaitVE="0" WindowsToCapture="OnlyActiveWindow">
<InputValues>
<ActInputValue Guid="97ef2654-84b4-4adf-89a1-9c2db52f9845" Param="LocateBy" ParentGuid="00000000-0000-0000-0000-000000000000" Value="ByID" />
<ActInputValue Guid="47290bd0-362e-4b99-bdfc-e05677fecf2f" Param="LocateValue" ParentGuid="00000000-0000-0000-0000-000000000000" Value="gwt-debug-McoAuthenticationRequestDTO-email" />
<ActInputValue Guid="3a383ca5-8515-41b0-b830-6ca1e8a8d5f0" Param="Value" ParentGuid="00000000-0000-0000-0000-000000000000" Value="root" />
</InputValues>
</ActTextBox>
<ActTextBox Active="True" Description="Enter value in gwt-debug-McoAuthenticationRequestDTO-password" Guid="7c6a7ac3-fbf1-4408-9236-8637cc2e79de" MaxNumberOfRetries="2" ParentGuid="00000000-0000-0000-0000-000000000000" Platform="NA" RetryMechanismInterval="5" StatusConverter="None" TextBoxAction="SetValue" WaitVE="0" WindowsToCapture="OnlyActiveWindow">
<InputValues>
<ActInputValue Guid="cf4668ea-0044-4d96-a4eb-a2571f5e8278" Param="LocateBy" ParentGuid="00000000-0000-0000-0000-000000000000" Value="ByID" />
<ActInputValue Guid="982ec7c6-7b17-4338-888e-4a8153cfc40c" Param="LocateValue" ParentGuid="00000000-0000-0000-0000-000000000000" Value="gwt-debug-McoAuthenticationRequestDTO-password" />
<ActInputValue Guid="d5a490c5-50de-4652-9a24-c1c48dd448c5" Param="Value" ParentGuid="00000000-0000-0000-0000-000000000000" Value="root" />
</InputValues>
</ActTextBox>
<ActTextBox Description="Enter value in gwt-debug-McoAuthenticationRequestDTO-password_Copy" Guid="afe594e1-a249-466c-ae13-dab64cd77675" MaxNumberOfRetries="2" ParentGuid="00000000-0000-0000-0000-000000000000" Platform="NA" RetryMechanismInterval="5" StatusConverter="None" TextBoxAction="SetValue" WaitVE="0" WindowsToCapture="OnlyActiveWindow">
<InputValues>
<ActInputValue Guid="cf4668ea-0044-4d96-a4eb-a2571f5e8278" Param="LocateBy" ParentGuid="00000000-0000-0000-0000-000000000000" Value="ByID" />
<ActInputValue Guid="982ec7c6-7b17-4338-888e-4a8153cfc40c" Param="LocateValue" ParentGuid="00000000-0000-0000-0000-000000000000" Value="gwt-debug-McoAuthenticationRequestDTO-password" />
<ActInputValue Guid="d5a490c5-50de-4652-9a24-c1c48dd448c5" Param="Value" ParentGuid="00000000-0000-0000-0000-000000000000" Value="root" />
</InputValues>
</ActTextBox>
<ActGenElement Description="Click  Webelement Login" GenElementAction="Click" Guid="5d253dc3-c740-4aca-a376-26194fe2ec55" MaxNumberOfRetries="2" ParentGuid="00000000-0000-0000-0000-000000000000" Platform="NA" RetryMechanismInterval="5" StatusConverter="None" WaitVE="0" WindowsToCapture="OnlyActiveWindow">
<InputValues>
<ActInputValue Guid="918d2ebb-0f25-4a29-9a98-1f9890bfc195" Param="LocateBy" ParentGuid="00000000-0000-0000-0000-000000000000" Value="ByLinkText" />
<ActInputValue Guid="1b6e91a2-73ed-4052-9e53-e20efed533fd" Param="LocateValue" ParentGuid="00000000-0000-0000-0000-000000000000" Value="Login" />
<ActInputValue Guid="e5c1dde4-64af-475d-8522-3b5d9b7ff09b" Param="Value" ParentGuid="00000000-0000-0000-0000-000000000000" />
<ActInputValue Guid="80adb1e5-4504-475a-9a99-e14891251269" Param="Xoffset" ParentGuid="00000000-0000-0000-0000-000000000000" />
<ActInputValue Guid="5cde765e-a138-438e-b582-0a3ece61caf1" Param="Yoffset" ParentGuid="00000000-0000-0000-0000-000000000000" />
</InputValues>
</ActGenElement>
<ActGenElement Active="True" Description="Click gwt-debug-Criteria_Submit" GenElementAction="Click" Guid="ca909900-e1c1-4eb9-9902-21339ed57155" MaxNumberOfRetries="2" ParentGuid="00000000-0000-0000-0000-000000000000" Platform="NA" RetryMechanismInterval="5" StatusConverter="None" WaitVE="0" WindowsToCapture="OnlyActiveWindow">
<InputValues>
<ActInputValue Guid="4806b4fe-4202-4f50-ad86-a90c548bb555" Param="LocateBy" ParentGuid="00000000-0000-0000-0000-000000000000" Value="ByID" />
<ActInputValue Guid="ccf5baee-c989-4203-8143-01405b0a6b8d" Param="LocateValue" ParentGuid="00000000-0000-0000-0000-000000000000" Value="gwt-debug-Criteria_Submit" />
</InputValues>
</ActGenElement>
<ActTextBox Active="True" Description="Enter value in gwt-debug-McoAuthenticationRequestDTO-password" Guid="24d59fb9-878c-46a8-9651-57d8c754673f" MaxNumberOfRetries="2" ParentGuid="00000000-0000-0000-0000-000000000000" Platform="NA" RetryMechanismInterval="5" StatusConverter="None" TextBoxAction="SetValue" WaitVE="0" WindowsToCapture="OnlyActiveWindow">
<InputValues>
<ActInputValue Guid="95ce00cf-84ea-46fa-aaff-447591978f38" Param="LocateBy" ParentGuid="00000000-0000-0000-0000-000000000000" Value="ByID" />
<ActInputValue Guid="58e4736b-be74-4209-a118-254344db6c8b" Param="LocateValue" ParentGuid="00000000-0000-0000-0000-000000000000" Value="gwt-debug-McoAuthenticationRequestDTO-password" />
<ActInputValue Guid="46f78c3c-71ac-41e2-99fa-83e00aa42286" Param="Value" ParentGuid="00000000-0000-0000-0000-000000000000" Value="root" />
</InputValues>
</ActTextBox>
<ActGenElement Active="True" Description="Send Keys gwt-debug-McoAuthenticationRequestDTO-password" GenElementAction="SendKeys" Guid="647d5f20-e3d8-4269-a6df-e66d176398dd" MaxNumberOfRetries="2" ParentGuid="00000000-0000-0000-0000-000000000000" Platform="NA" RetryMechanismInterval="5" StatusConverter="None" WindowsToCapture="OnlyActiveWindow">
<InputValues>
<ActInputValue Guid="de3a4478-64c3-4a45-a772-432f4105784b" Param="LocateBy" ParentGuid="00000000-0000-0000-0000-000000000000" Value="ByID" />
<ActInputValue Guid="f57e5ed8-81db-4144-87a0-d9c2f9747c03" Param="LocateValue" ParentGuid="00000000-0000-0000-0000-000000000000" Value="gwt-debug-McoAuthenticationRequestDTO-password" />
</InputValues>
</ActGenElement>
</Acts>
</Activity>
</Activities>

<ActivitiesGroups>
<ActivitiesGroup Guid="1afe8994-3e35-43a0-a48e-09fd490bdc9a" Name="Group" ParentGuid="00000000-0000-0000-0000-000000000000">
<ActivitiesIdentifiers>
<ActivityIdentifiers ActivityAutomationStatus="Development" ActivityGuid="6ccf58ad-e2c3-4dcc-8950-09c2d77812e3" ActivityName="Step 1" Guid="3d118dad-197b-4462-90fa-d948a27a355f" ParentGuid="00000000-0000-0000-0000-000000000000" />
</ActivitiesIdentifiers>
</ActivitiesGroup>
</ActivitiesGroups>

<TargetApplications>
<TargetApplication AppName="MyWebApp" Guid="d1df1f64-078b-4e4c-ad85-1c097457f6b0" LastExecutingAgentName="Web Chrome" ParentGuid="00000000-0000-0000-0000-000000000000" />
</TargetApplications>
</BusinessFlow></GingerRepositoryItem>