﻿<?xml version="1.0" encoding="utf-8"?>
<GingerRepositoryItem><Header ItemGuid="4ba76d94-519e-4013-9245-83850ee7bd0b" ItemType="BusinessFlow" CreatedBy="christian.poblete" Created="202101071600" GingerVersion="3.6.0.0" Version="42" LastUpdateBy="christian.poblete" LastUpdate="202101151835" />
<BusinessFlow Elapsed="75099" Guid="4ba76d94-519e-4013-9245-83850ee7bd0b" Name="Create Site" ParentGuid="00000000-0000-0000-0000-000000000000" Source="Ginger" Status="Unknown">
<Activities>
<Activity ActionRunOption="StopActionsRunOnFailure" Active="True" ActivitiesGroupID="Create site" ActivityName="Open Site screen" AutomationStatus="Automated" ErrorHandlerMappingType="AllAvailableHandlers" Guid="01f09d5f-662b-4a3e-80fd-e4040916e1fb" ParentGuid="00000000-0000-0000-0000-000000000000" PercentAutomated="100%" TargetApplication="MyJavaApp">
<Acts>
<ActUIElement Active="True" Description="Click : menuCreate" Guid="93339344-6487-4ed5-9648-5098c40a5337" MaxNumberOfRetries="2" ParentGuid="00000000-0000-0000-0000-000000000000" Platform="Java" RetryMechanismInterval="5" StatusConverter="None" TakeScreenShot="True" WaitVE="0" WindowsToCapture="OnlyActiveWindow">
<InputValues>
<ActInputValue Guid="0b151ba9-02d7-425a-b717-9de0fe4be6f8" Param="ElementAction" ParentGuid="00000000-0000-0000-0000-000000000000" Value="Click" />
<ActInputValue Guid="ed262f7d-9860-427e-8fa3-fc48155152ae" Param="ElementType" ParentGuid="00000000-0000-0000-0000-000000000000" Value="MenuItem" />
<ActInputValue Guid="4d571846-c715-4d8b-996f-ad787f28c758" Param="Value" ParentGuid="00000000-0000-0000-0000-000000000000" />
<ActInputValue Guid="3f155293-fd17-4ddf-a1b0-343ced2dd830" Param="ElementLocateBy" ParentGuid="00000000-0000-0000-0000-000000000000" Value="ByName" />
<ActInputValue Guid="0322c117-5e00-4964-af7d-1e7337f6b84d" Param="ElementLocateValue" ParentGuid="00000000-0000-0000-0000-000000000000" Value="menuCreate" />
<ActInputValue Guid="f45f734c-f450-4a4a-be4a-1eef0912e4c8" Param="ValueToSelect" ParentGuid="00000000-0000-0000-0000-000000000000" />
<ActInputValue Guid="c4149853-7b22-47d3-901b-ffc5b48cf3f0" Param="IsWidgetsElement" ParentGuid="00000000-0000-0000-0000-000000000000" Value="false" />
<ActInputValue Guid="06af8215-4b1a-4fab-8a37-8d16ef45dd52" Param="WaitforIdle" ParentGuid="00000000-0000-0000-0000-000000000000" Value="Medium" />
<ActInputValue Guid="cd9561b6-39af-4383-9719-6e30f0cf72ad" Param="TargetLocateBy" ParentGuid="00000000-0000-0000-0000-000000000000" Value="NA" />
<ActInputValue Guid="598038d6-cdcc-49b1-82ff-4ce8e09baca3" Param="TargetElementType" ParentGuid="00000000-0000-0000-0000-000000000000" Value="Unknown" />
<ActInputValue Guid="46a7631b-2343-42ee-9bc7-eedc433d1d8d" Param="HandleElementType" ParentGuid="00000000-0000-0000-0000-000000000000" Value="Unknown" />
<ActInputValue Guid="99ac4729-2d3a-4cae-ba15-fa6e4f29624d" Param="HandleActionType" ParentGuid="00000000-0000-0000-0000-000000000000" Value="Unknown" />
</InputValues>
</ActUIElement>
<ActUIElement Active="True" Description="Click : menu Create Site" Guid="a5a591ff-d6aa-454d-a6c4-6398248b0fa3" MaxNumberOfRetries="2" ParentGuid="00000000-0000-0000-0000-000000000000" Platform="Java" RetryMechanismInterval="5" StatusConverter="None" TakeScreenShot="True" WaitVE="0" WindowsToCapture="OnlyActiveWindow">
<InputValues>
<ActInputValue Guid="0b151ba9-02d7-425a-b717-9de0fe4be6f8" Param="ElementAction" ParentGuid="00000000-0000-0000-0000-000000000000" Value="Click" />
<ActInputValue Guid="ed262f7d-9860-427e-8fa3-fc48155152ae" Param="ElementType" ParentGuid="00000000-0000-0000-0000-000000000000" Value="MenuItem" />
<ActInputValue Guid="4d571846-c715-4d8b-996f-ad787f28c758" Param="Value" ParentGuid="00000000-0000-0000-0000-000000000000" />
<ActInputValue Guid="3f155293-fd17-4ddf-a1b0-343ced2dd830" Param="ElementLocateBy" ParentGuid="00000000-0000-0000-0000-000000000000" Value="ByName" />
<ActInputValue Guid="0322c117-5e00-4964-af7d-1e7337f6b84d" Param="ElementLocateValue" ParentGuid="00000000-0000-0000-0000-000000000000" Value="menuItemCreateSite" />
<ActInputValue Guid="f45f734c-f450-4a4a-be4a-1eef0912e4c8" Param="ValueToSelect" ParentGuid="00000000-0000-0000-0000-000000000000" Value="Site" />
<ActInputValue Guid="c4149853-7b22-47d3-901b-ffc5b48cf3f0" Param="IsWidgetsElement" ParentGuid="00000000-0000-0000-0000-000000000000" Value="false" />
<ActInputValue Guid="06af8215-4b1a-4fab-8a37-8d16ef45dd52" Param="WaitforIdle" ParentGuid="00000000-0000-0000-0000-000000000000" Value="Medium" />
<ActInputValue Guid="cd9561b6-39af-4383-9719-6e30f0cf72ad" Param="TargetLocateBy" ParentGuid="00000000-0000-0000-0000-000000000000" Value="NA" />
<ActInputValue Guid="598038d6-cdcc-49b1-82ff-4ce8e09baca3" Param="TargetElementType" ParentGuid="00000000-0000-0000-0000-000000000000" Value="Unknown" />
<ActInputValue Guid="46a7631b-2343-42ee-9bc7-eedc433d1d8d" Param="HandleElementType" ParentGuid="00000000-0000-0000-0000-000000000000" Value="Unknown" />
<ActInputValue Guid="99ac4729-2d3a-4cae-ba15-fa6e4f29624d" Param="HandleActionType" ParentGuid="00000000-0000-0000-0000-000000000000" Value="Unknown" />
</InputValues>
</ActUIElement>
<ActUIElement Active="True" Description="Validate Site screen is loaded" Guid="9286dc5d-db4f-4c2a-9eda-6cdcbc527889" MaxNumberOfRetries="3" ParentGuid="00000000-0000-0000-0000-000000000000" Platform="Java" RetryMechanismInterval="5" StatusConverter="None" TakeScreenShot="True" WaitVE="2" WindowsToCapture="OnlyActiveWindow">
<FlowControls>
<FlowControl Active="True" BusinessFlowControlAction="GoToBusinessFlow" FlowControlAction="StopRun" Guid="91b3ce4b-f15a-4b39-868e-70fcbe79d2a5" Operator="ActionFailed" ParentGuid="00000000-0000-0000-0000-000000000000" />
</FlowControls>

<InputValues>
<ActInputValue Guid="3102fda6-9140-4dcb-a377-fa4e6f3e76a8" Param="ElementLocateBy" ParentGuid="00000000-0000-0000-0000-000000000000" Value="ByXPath" />
<ActInputValue Guid="6c958ef8-4abb-4eae-b60e-4a564f58c124" Param="ElementLocateValue" ParentGuid="00000000-0000-0000-0000-000000000000" Value="/javax.swing.JRootPane[0]/null.layeredPane/null.contentPane/javax.swing.JSplitPane[0]/com.amdocs.uif.workspace.desktop.AppDesktopPane[0]/com.crmimpl.crm.isupport.site.popup.XSiteCreate/javax.swing.JRootPane[0]/null.layeredPane/root/javax.swing.JViewport[0]/root/[[Name:site_idval][ClassName:com.amdocs.uif.widgets.TextFieldNative$1]]" />
<ActInputValue Guid="3ba96db4-5daa-49f5-bfce-91bca895130f" Param="Value" ParentGuid="00000000-0000-0000-0000-000000000000" />
<ActInputValue Guid="5bb497cd-7ba0-49f6-9481-f22c4ad88c8c" Param="ElementType" ParentGuid="00000000-0000-0000-0000-000000000000" Value="TextBox" />
<ActInputValue Guid="4536c18f-d67b-4ba5-80dd-ca0e7faea5f7" Param="ElementAction" ParentGuid="00000000-0000-0000-0000-000000000000" Value="IsVisible" />
<ActInputValue Guid="757c19f3-4bdb-4a4d-bbc9-cacff0bb38a9" Param="IsWidgetsElement" ParentGuid="00000000-0000-0000-0000-000000000000" Value="false" />
<ActInputValue Guid="c8b32c69-e06f-4ee6-bd70-a67dd4c95b54" Param="WaitforIdle" ParentGuid="00000000-0000-0000-0000-000000000000" Value="None" />
<ActInputValue Guid="67cecc23-7d48-4bae-9f6f-0ede9a3978c6" Param="XCoordinate" ParentGuid="00000000-0000-0000-0000-000000000000" />
<ActInputValue Guid="dbf62706-2032-48e1-8d80-ec3bf44941af" Param="ValueToSelect" ParentGuid="00000000-0000-0000-0000-000000000000" />
<ActInputValue Guid="62059146-782e-4c13-b24c-9a2fbba91acc" Param="YCoordinate" ParentGuid="00000000-0000-0000-0000-000000000000" />
<ActInputValue Guid="f404997f-7966-40a1-af63-c75b8cb7b33a" Param="ControlAction" ParentGuid="00000000-0000-0000-0000-000000000000" />
<ActInputValue Guid="a14af611-9842-4e26-b781-14ce04c024ee" Param="TargetLocateBy" ParentGuid="00000000-0000-0000-0000-000000000000" Value="NA" />
<ActInputValue Guid="c20160eb-3f3c-422e-8fb8-74dc77857110" Param="TargetElementType" ParentGuid="00000000-0000-0000-0000-000000000000" Value="Unknown" />
<ActInputValue Guid="68a561a5-4a0e-40dd-9833-0cf1c7003384" Param="HandleElementType" ParentGuid="00000000-0000-0000-0000-000000000000" Value="Unknown" />
<ActInputValue Guid="caddd4a0-2da1-4f39-b642-e2092c403220" Param="HandleActionType" ParentGuid="00000000-0000-0000-0000-000000000000" Value="Unknown" />
</InputValues>

<ReturnValues>
<ActReturnValue Active="True" Guid="ea6fa88d-2114-461f-9c2d-1f65b2836d95" mExpected="true" Operator="Equals" Param="Actual0" ParentGuid="00000000-0000-0000-0000-000000000000" StoreTo="None" />
</ReturnValues>
</ActUIElement>
</Acts>
</Activity>
<Activity ActionRunOption="StopActionsRunOnFailure" Active="True" ActivitiesGroupID="Create site" ActivityName="Set Site name and select address" AutomationStatus="Automated" ErrorHandlerMappingType="AllAvailableHandlers" Guid="d51edc32-9f50-4058-8abb-75ad06964b29" ParentGuid="00000000-0000-0000-0000-000000000000" PercentAutomated="100%" TargetApplication="MyJavaApp">
<Acts>
<ActUIElement Active="True" Description="Set Text Box 'Site Name'" Guid="9225f90e-5ece-40a0-9078-45e774c5597a" MaxNumberOfRetries="2" ParentGuid="00000000-0000-0000-0000-000000000000" Platform="Java" RetryMechanismInterval="5" StatusConverter="None" TakeScreenShot="True" WaitVE="0" WindowsToCapture="OnlyActiveWindow">
<InputValues>
<ActInputValue Guid="205cf4ce-2dbe-4c6d-8d26-a53119482432" Param="ElementLocateBy" ParentGuid="00000000-0000-0000-0000-000000000000" Value="ByXPath" />
<ActInputValue Guid="3c871348-16ce-41cc-a3f4-2883b84e17c5" Param="ElementLocateValue" ParentGuid="00000000-0000-0000-0000-000000000000" Value="/javax.swing.JRootPane[0]/null.layeredPane/null.contentPane/javax.swing.JSplitPane[0]/com.amdocs.uif.workspace.desktop.AppDesktopPane[0]/com.crmimpl.crm.isupport.site.popup.XSiteCreate/javax.swing.JRootPane[0]/null.layeredPane/root/javax.swing.JViewport[0]/root/[[Name:site_nameval][ClassName:com.amdocs.uif.widgets.TextFieldNative$1]]" />
<ActInputValue Guid="96359cc6-21d8-4283-ba08-7625fe444ba1" Param="Value" ParentGuid="00000000-0000-0000-0000-000000000000" Value="siteName{CS Exp=DateTimeOffset.UtcNow.ToUnixTimeSeconds()}" />
<ActInputValue Guid="a99a6e2a-d382-4d1d-b929-4b982d4047f8" Param="ElementType" ParentGuid="00000000-0000-0000-0000-000000000000" Value="TextBox" />
<ActInputValue Guid="26ae4af8-cd65-42d6-ad89-a6155706cbc2" Param="ElementAction" ParentGuid="00000000-0000-0000-0000-000000000000" Value="SetValue" />
<ActInputValue Guid="301a83b5-8744-4907-943d-01d3118fc4c0" Param="IsWidgetsElement" ParentGuid="00000000-0000-0000-0000-000000000000" Value="false" />
<ActInputValue Guid="754c636c-350d-4c86-9692-76c97f4624f4" Param="WaitforIdle" ParentGuid="00000000-0000-0000-0000-000000000000" Value="None" />
<ActInputValue Guid="529fa60b-3f8f-4858-a640-1186f5771d26" Param="TargetLocateBy" ParentGuid="00000000-0000-0000-0000-000000000000" Value="NA" />
<ActInputValue Guid="dc94eb43-7c1d-4d2f-8ea0-f40c2591b752" Param="TargetElementType" ParentGuid="00000000-0000-0000-0000-000000000000" Value="Unknown" />
<ActInputValue Guid="8fbe8238-ed50-4d2c-bef2-051ff2a4cadc" Param="HandleElementType" ParentGuid="00000000-0000-0000-0000-000000000000" Value="Unknown" />
<ActInputValue Guid="86526d89-e0b4-401c-9e7f-1c876c216541" Param="HandleActionType" ParentGuid="00000000-0000-0000-0000-000000000000" Value="Unknown" />
</InputValues>
</ActUIElement>
<ActUIElement Active="True" Description="Click Button &quot;address lookup&quot;" Guid="435e5b2a-a91d-416b-b4ad-c465f14f34e8" MaxNumberOfRetries="2" ParentGuid="00000000-0000-0000-0000-000000000000" Platform="Java" RetryMechanismInterval="5" StatusConverter="None" TakeScreenShot="True" WaitVE="0" WindowsToCapture="OnlyActiveWindow">
<InputValues>
<ActInputValue Guid="f51da6dc-5084-43f1-a8c0-2a682d043970" Param="ElementLocateBy" ParentGuid="00000000-0000-0000-0000-000000000000" Value="ByXPath" />
<ActInputValue Guid="47b629fb-ffb5-4ccf-92d9-923369a7573f" Param="ElementLocateValue" ParentGuid="00000000-0000-0000-0000-000000000000" Value="/javax.swing.JRootPane[0]/null.layeredPane/null.contentPane/javax.swing.JSplitPane[0]/com.amdocs.uif.workspace.desktop.AppDesktopPane[0]/com.crmimpl.crm.isupport.site.popup.XSiteCreate/javax.swing.JRootPane[0]/null.layeredPane/root/javax.swing.JViewport[0]/root/clfy539/SearchAddress/[[Name:SearchAddress_ddbutton][ClassName:com.amdocs.uif.widgets.ButtonNative$JXButton]]" />
<ActInputValue Guid="49601b94-bb79-42bc-9602-7155e87752bf" Param="Value" ParentGuid="00000000-0000-0000-0000-000000000000" />
<ActInputValue Guid="7a38d221-165c-4702-b92e-fbfe733aa07f" Param="ElementType" ParentGuid="00000000-0000-0000-0000-000000000000" Value="Button" />
<ActInputValue Guid="6815e265-a091-4693-be05-e2af3b3f3598" Param="ElementAction" ParentGuid="00000000-0000-0000-0000-000000000000" Value="Click" />
<ActInputValue Guid="bdab1be9-53b2-41e3-8c22-938e9212ee2f" Param="WaitforIdle" ParentGuid="00000000-0000-0000-0000-000000000000" Value="Medium" />
<ActInputValue Guid="27c5dfb5-89bf-4760-a492-bed0283d4c7f" Param="IsWidgetsElement" ParentGuid="00000000-0000-0000-0000-000000000000" Value="false" />
<ActInputValue Guid="16ac887e-8d76-4300-bb28-3cb79386a939" Param="TargetLocateBy" ParentGuid="00000000-0000-0000-0000-000000000000" Value="NA" />
<ActInputValue Guid="1ecac646-76ee-4937-b2ec-e272ab4466aa" Param="TargetElementType" ParentGuid="00000000-0000-0000-0000-000000000000" Value="Unknown" />
<ActInputValue Guid="daf8a71c-8cfe-414a-afc1-3ce3e0731868" Param="HandleElementType" ParentGuid="00000000-0000-0000-0000-000000000000" Value="Unknown" />
<ActInputValue Guid="35c679a4-824b-4258-9ac7-534567d7ba89" Param="HandleActionType" ParentGuid="00000000-0000-0000-0000-000000000000" Value="Unknown" />
</InputValues>
</ActUIElement>
<ActUIElement Active="True" Description="Set Text Box 'Address' to search" Guid="90cfa690-9ad1-4c71-bf58-3b8f8ecbdce1" MaxNumberOfRetries="2" ParentGuid="00000000-0000-0000-0000-000000000000" Platform="Java" RetryMechanismInterval="5" StatusConverter="None" TakeScreenShot="True" WaitVE="0" WindowsToCapture="OnlyActiveWindow">
<InputValues>
<ActInputValue Guid="3192fc10-500e-44e9-a06e-80de5579b47f" Param="ElementLocateBy" ParentGuid="00000000-0000-0000-0000-000000000000" Value="ByXPath" />
<ActInputValue Guid="2daa5bba-38c7-455d-a18e-7e6b83eb49fb" Param="ElementLocateValue" ParentGuid="00000000-0000-0000-0000-000000000000" Value="/javax.swing.JRootPane[0]/null.layeredPane/null.contentPane/javax.swing.JSplitPane[0]/com.amdocs.uif.workspace.desktop.AppDesktopPane[0]/com.crmimpl.crm.isupport.address.XAddressListSingleSelect/javax.swing.JRootPane[0]/null.layeredPane/root/javax.swing.JViewport[0]/root/gridListing/javax.swing.JPanel[0]/com.amdocs.uif.widgets.SearchGridNative$6[0]/javax.swing.JViewport[1]/com.amdocs.uif.widgets.search.SearchJTableHeader[0]/com.amdocs.uif.widgets.PanelNative$JXPanel[0]/com.amdocs.uif.widgets.PanelNative$JXPanel[0]/[[Name:adhocValue_col_address][ClassName:com.amdocs.uif.widgets.TextFieldNative$1]]" />
<ActInputValue Guid="3f77da02-de2a-4994-9e58-6f6e95e96af2" Param="Value" ParentGuid="00000000-0000-0000-0000-000000000000" Value="9603 S Meridian" />
<ActInputValue Guid="343e57d2-363f-4d5e-a8f1-ab6e6b10eac5" Param="ElementType" ParentGuid="00000000-0000-0000-0000-000000000000" Value="TextBox" />
<ActInputValue Guid="79709648-064b-42b9-b582-9320b6b7a6ae" Param="ElementAction" ParentGuid="00000000-0000-0000-0000-000000000000" Value="SetValue" />
<ActInputValue Guid="260bc027-93c6-4c00-8b1b-1e808f055812" Param="IsWidgetsElement" ParentGuid="00000000-0000-0000-0000-000000000000" Value="false" />
<ActInputValue Guid="7cfe13ed-850f-446c-887b-63bb65f2cb9b" Param="WaitforIdle" ParentGuid="00000000-0000-0000-0000-000000000000" Value="None" />
<ActInputValue Guid="eaf43746-2235-495e-a897-8914187c58ca" Param="TargetLocateBy" ParentGuid="00000000-0000-0000-0000-000000000000" Value="NA" />
<ActInputValue Guid="b7f16b50-a3bb-40b9-908c-235a3926b44f" Param="TargetElementType" ParentGuid="00000000-0000-0000-0000-000000000000" Value="Unknown" />
<ActInputValue Guid="64d62a77-f290-4da0-88ec-731c1578ac21" Param="HandleElementType" ParentGuid="00000000-0000-0000-0000-000000000000" Value="Unknown" />
<ActInputValue Guid="468d96ae-7196-4c0a-85f2-c4614da10deb" Param="HandleActionType" ParentGuid="00000000-0000-0000-0000-000000000000" Value="Unknown" />
</InputValues>
</ActUIElement>
<ActUIElement Active="True" Description="Click Button 'Search Now'" Guid="659603c7-3605-4f71-a332-66179c3386c9" MaxNumberOfRetries="2" ParentGuid="00000000-0000-0000-0000-000000000000" Platform="NA" RetryMechanismInterval="5" StatusConverter="None" TakeScreenShot="True" WaitVE="0" WindowsToCapture="OnlyActiveWindow">
<InputValues>
<ActInputValue Guid="8b95adc6-74f3-49b9-9562-c7614f68de00" Param="ElementLocateBy" ParentGuid="00000000-0000-0000-0000-000000000000" Value="ByXPath" />
<ActInputValue Guid="b9d5d29e-67ca-4b44-9dff-df887cfedbeb" Param="ElementLocateValue" ParentGuid="00000000-0000-0000-0000-000000000000" Value="/javax.swing.JRootPane[0]/null.layeredPane/null.contentPane/javax.swing.JSplitPane[0]/com.amdocs.uif.workspace.desktop.AppDesktopPane[0]/com.crmimpl.crm.isupport.address.XAddressListSingleSelect/javax.swing.JRootPane[0]/null.layeredPane/root/javax.swing.JViewport[0]/root/gridListing/com.amdocs.uif.widgets.PanelNative$JXPanel[0]/com.amdocs.uif.widgets.PanelNative$JXPanel[0]/[[Name:btnSearchNow][ClassName:com.amdocs.uif.widgets.ButtonNative$JXButton]]" />
<ActInputValue Guid="962d0b90-08be-47fb-89dc-f670f493a938" Param="Value" ParentGuid="00000000-0000-0000-0000-000000000000" Value="Search Now" />
<ActInputValue Guid="5dbb582e-598c-4f69-a334-a22cff25af8e" Param="ElementType" ParentGuid="00000000-0000-0000-0000-000000000000" Value="Button" />
<ActInputValue Guid="699b2670-6495-4003-8de5-fb82788d53e8" Param="ElementAction" ParentGuid="00000000-0000-0000-0000-000000000000" Value="Click" />
<ActInputValue Guid="eefb484f-7cc3-438c-a574-7075d052a404" Param="WaitforIdle" ParentGuid="00000000-0000-0000-0000-000000000000" Value="Medium" />
<ActInputValue Guid="70c890e7-e5fd-4848-b1d0-735d2d002c91" Param="TargetLocateBy" ParentGuid="00000000-0000-0000-0000-000000000000" Value="NA" />
<ActInputValue Guid="0f8f2435-0a00-41d7-ab10-c7d58cfcf53d" Param="TargetElementType" ParentGuid="00000000-0000-0000-0000-000000000000" Value="Unknown" />
<ActInputValue Guid="b6d95c48-6214-41ca-a46e-929432c482d7" Param="HandleElementType" ParentGuid="00000000-0000-0000-0000-000000000000" Value="Unknown" />
<ActInputValue Guid="ebf1c41a-54b6-4781-ab5c-4e14dcc96149" Param="HandleActionType" ParentGuid="00000000-0000-0000-0000-000000000000" Value="Unknown" />
</InputValues>
</ActUIElement>
<ActUIElement Active="True" Description="Select address from list" Guid="55bb1402-24e1-4961-ad4a-2ccc9ad17c93" MaxNumberOfRetries="2" ParentGuid="00000000-0000-0000-0000-000000000000" Platform="Java" RetryMechanismInterval="5" StatusConverter="None" TakeScreenShot="True" WaitVE="2" WindowsToCapture="OnlyActiveWindow">
<InputValues>
<ActInputValue Guid="6e872acb-588b-4a28-b21b-69864108c14b" Param="ElementLocateBy" ParentGuid="00000000-0000-0000-0000-000000000000" Value="ByXPath" />
<ActInputValue Guid="54ecbc62-7cd8-4a89-8228-a92862d1b04f" Param="ElementLocateValue" ParentGuid="00000000-0000-0000-0000-000000000000" Value="/javax.swing.JRootPane[0]/null.layeredPane/null.contentPane/javax.swing.JSplitPane[0]/com.amdocs.uif.workspace.desktop.AppDesktopPane[0]/com.crmimpl.crm.isupport.address.XAddressListSingleSelect/javax.swing.JRootPane[0]/null.layeredPane/root/javax.swing.JViewport[0]/root/gridListing/javax.swing.JPanel[0]/com.amdocs.uif.widgets.SearchGridNative$6[0]/javax.swing.JViewport[0]/[[Name:gridListing][ClassName:com.amdocs.uif.widgets.search.SearchJTable]]" />
<ActInputValue Guid="114da7fa-d1d6-40d0-8568-77181c4ba90c" Param="Value" ParentGuid="00000000-0000-0000-0000-000000000000" Value="null" />
<ActInputValue Guid="c46d7b20-7854-42e1-a80b-e77a162412fd" Param="ElementType" ParentGuid="00000000-0000-0000-0000-000000000000" Value="Table" />
<ActInputValue Guid="7d1ba962-f5e2-4102-9e41-06d63ed0d7fc" Param="ElementAction" ParentGuid="00000000-0000-0000-0000-000000000000" Value="TableCellAction" />
<ActInputValue Guid="2200316f-1551-4b51-9d75-0142f0dc7034" Param="WhereColumnValue" ParentGuid="00000000-0000-0000-0000-000000000000" Value="0" />
<ActInputValue Guid="37747ff5-ff77-4a29-ba97-f420d11bd672" Param="LocateRowType" ParentGuid="00000000-0000-0000-0000-000000000000" Value="Row Number" />
<ActInputValue Guid="85b1ac5a-3168-4e92-a38d-0eca732c7e40" Param="ColSelectorValue" ParentGuid="00000000-0000-0000-0000-000000000000" Value="ColNum" />
<ActInputValue Guid="5b381f65-7be0-4532-bf5f-ff0091dcb2ca" Param="LocateColTitle" ParentGuid="00000000-0000-0000-0000-000000000000" Value="0" />
<ActInputValue Guid="8e32110a-e870-4b6d-8abe-13110bc796a9" Param="ControlAction" ParentGuid="00000000-0000-0000-0000-000000000000" Value="SetFocus" />
<ActInputValue Guid="8273a70d-e33f-4ea8-8444-6f8b4ca82312" Param="IsWidgetsElement" ParentGuid="00000000-0000-0000-0000-000000000000" Value="false" />
<ActInputValue Guid="53419b3f-62de-4b44-abee-09ea9ada7f96" Param="WaitforIdle" ParentGuid="00000000-0000-0000-0000-000000000000" />
<ActInputValue Guid="abd6e9eb-f3cf-4eb0-8935-54d1905d6eee" Param="WhereColSelector" ParentGuid="00000000-0000-0000-0000-000000000000" />
<ActInputValue Guid="359b60e3-c1e6-4342-9ccc-07fa6faa689c" Param="WhereColumnTitle" ParentGuid="00000000-0000-0000-0000-000000000000" />
<ActInputValue Guid="b745044b-b077-4891-9218-b2f6456315ac" Param="WhereProperty" ParentGuid="00000000-0000-0000-0000-000000000000" />
<ActInputValue Guid="2e07cb45-1e91-4505-a8b0-aa0a230b517b" Param="WhereOperator" ParentGuid="00000000-0000-0000-0000-000000000000" />
<ActInputValue Guid="87c69dc0-b2a1-472c-bd69-213ac3564fb9" Param="LocateRowValue" ParentGuid="00000000-0000-0000-0000-000000000000" Value="0" />
<ActInputValue Guid="ab9e7069-4bab-4e86-a39b-a3dce5e0a839" Param="TargetLocateBy" ParentGuid="00000000-0000-0000-0000-000000000000" Value="NA" />
<ActInputValue Guid="79e03bb4-347c-4631-92d0-0bbefea26e0c" Param="TargetElementType" ParentGuid="00000000-0000-0000-0000-000000000000" Value="Unknown" />
<ActInputValue Guid="01a714b5-f02c-464d-9b3f-8551b0beea81" Param="HandleElementType" ParentGuid="00000000-0000-0000-0000-000000000000" Value="Unknown" />
<ActInputValue Guid="880dddbf-51e5-40e5-8f89-8087ff4e60c3" Param="HandleActionType" ParentGuid="00000000-0000-0000-0000-000000000000" Value="Unknown" />
</InputValues>
</ActUIElement>
<ActUIElement Active="True" Description="Click Button 'Select'" Guid="d3505428-c2a2-4021-9397-9f8ddb881cc4" MaxNumberOfRetries="2" ParentGuid="00000000-0000-0000-0000-000000000000" Platform="NA" RetryMechanismInterval="5" StatusConverter="None" TakeScreenShot="True" WaitVE="0" WindowsToCapture="OnlyActiveWindow">
<InputValues>
<ActInputValue Guid="fe7ce3e1-7546-4064-89d0-13e45c21b4a3" Param="ElementLocateBy" ParentGuid="00000000-0000-0000-0000-000000000000" Value="ByXPath" />
<ActInputValue Guid="5ebec93d-a0da-40ff-84a9-5cb6ece91de4" Param="ElementLocateValue" ParentGuid="00000000-0000-0000-0000-000000000000" Value="/javax.swing.JRootPane[0]/null.layeredPane/null.contentPane/javax.swing.JSplitPane[0]/com.amdocs.uif.workspace.desktop.AppDesktopPane[0]/com.crmimpl.crm.isupport.address.XAddressListSingleSelect/javax.swing.JRootPane[0]/null.layeredPane/root/javax.swing.JViewport[0]/root/gridFooter/[[Name:ButtonNoDefaultText_1_3][ClassName:com.amdocs.uif.widgets.ButtonNative$JXButton]]" />
<ActInputValue Guid="cfb5551f-5746-4132-861e-42eee8551d22" Param="Value" ParentGuid="00000000-0000-0000-0000-000000000000" Value="Select" />
<ActInputValue Guid="16c438c9-f0c1-4c00-a816-5ab598db7e70" Param="ElementType" ParentGuid="00000000-0000-0000-0000-000000000000" Value="Button" />
<ActInputValue Guid="29806b00-e15a-4aa8-94f5-0032d8b755fe" Param="ElementAction" ParentGuid="00000000-0000-0000-0000-000000000000" Value="Click" />
<ActInputValue Guid="996638ff-197d-4087-bd11-dd49cbbaa020" Param="WaitforIdle" ParentGuid="00000000-0000-0000-0000-000000000000" Value="Medium" />
<ActInputValue Guid="795c181d-a232-4cb3-b3ec-b6b1c0f7ee27" Param="TargetLocateBy" ParentGuid="00000000-0000-0000-0000-000000000000" Value="NA" />
<ActInputValue Guid="9c886d7b-46e3-422f-8d79-b3f0362b6eaa" Param="TargetElementType" ParentGuid="00000000-0000-0000-0000-000000000000" Value="Unknown" />
<ActInputValue Guid="004a3bf0-bb2f-4ab2-80a5-7012f6f7514c" Param="HandleElementType" ParentGuid="00000000-0000-0000-0000-000000000000" Value="Unknown" />
<ActInputValue Guid="19005482-b0c3-4329-b56e-9341d71ab050" Param="HandleActionType" ParentGuid="00000000-0000-0000-0000-000000000000" Value="Unknown" />
</InputValues>
</ActUIElement>
</Acts>
</Activity>
<Activity ActionRunOption="StopActionsRunOnFailure" Active="True" ActivitiesGroupID="Create site" ActivityName="Select Dealer and Save" AutomationStatus="Automated" ErrorHandlerMappingType="AllAvailableHandlers" Guid="c9805524-f551-4ef2-b181-a155585cf89d" ParentGuid="00000000-0000-0000-0000-000000000000" PercentAutomated="88%" TargetApplication="MyJavaApp">
<Acts>
<ActUIElement Active="True" Description="Select ComboBox 'property Type'" Guid="3c94e0f3-26bd-40a0-9280-155391c2878b" MaxNumberOfRetries="2" ParentGuid="00000000-0000-0000-0000-000000000000" Platform="Java" RetryMechanismInterval="5" StatusConverter="None" TakeScreenShot="True" WaitVE="0" WindowsToCapture="OnlyActiveWindow">
<InputValues>
<ActInputValue Guid="bfb55930-381b-4221-a562-42f69f1141f0" Param="ElementLocateBy" ParentGuid="00000000-0000-0000-0000-000000000000" Value="ByXPath" />
<ActInputValue Guid="1e3cff79-b13e-49cd-94cf-4bc24c80f439" Param="ElementLocateValue" ParentGuid="00000000-0000-0000-0000-000000000000" Value="/javax.swing.JRootPane[0]/null.layeredPane/null.contentPane/javax.swing.JSplitPane[0]/com.amdocs.uif.workspace.desktop.AppDesktopPane[0]/com.crmimpl.crm.isupport.site.popup.XSiteCreate/javax.swing.JRootPane[0]/null.layeredPane/root/javax.swing.JViewport[0]/root/Pnl_Property/[[Name:propertyType][ClassName:com.amdocs.uif.widgets.ComboBoxNative$1]]" />
<ActInputValue Guid="89751d16-48d2-4a94-8aa7-16f558ffe011" Param="ElementType" ParentGuid="00000000-0000-0000-0000-000000000000" Value="ComboBox" />
<ActInputValue Guid="6ac87564-cd36-4fae-aac5-55f5a177510c" Param="ElementAction" ParentGuid="00000000-0000-0000-0000-000000000000" Value="Select" />
<ActInputValue Guid="64474791-0888-42c0-b35e-be8122bc4940" Param="ValueToSelect" ParentGuid="00000000-0000-0000-0000-000000000000" Value="{Var Name=Site property type}" />
<ActInputValue Guid="960f56af-972b-4885-9e9a-74ac38e40db4" Param="IsWidgetsElement" ParentGuid="00000000-0000-0000-0000-000000000000" Value="false" />
<ActInputValue Guid="558590f2-d65e-473e-881e-7d76e47ebc93" Param="WaitforIdle" ParentGuid="00000000-0000-0000-0000-000000000000" Value="None" />
<ActInputValue Guid="32471b77-8be7-454a-9c90-f760beb2c18e" Param="TargetLocateBy" ParentGuid="00000000-0000-0000-0000-000000000000" Value="NA" />
<ActInputValue Guid="c7455838-b9ab-487e-aefb-28da7ea7f596" Param="TargetElementType" ParentGuid="00000000-0000-0000-0000-000000000000" Value="Unknown" />
<ActInputValue Guid="f0e56a84-4f0b-4c45-ba0e-20f10b7d5962" Param="HandleElementType" ParentGuid="00000000-0000-0000-0000-000000000000" Value="Unknown" />
<ActInputValue Guid="d05d3858-cfe5-48ea-a8ce-5cfe5897a24c" Param="HandleActionType" ParentGuid="00000000-0000-0000-0000-000000000000" Value="Unknown" />
</InputValues>
</ActUIElement>
<ActUIElement Description="Select ComboBox 'propertySubType'" Guid="2da76ad7-3fff-4ecf-aaaf-e39db459703c" MaxNumberOfRetries="2" ParentGuid="00000000-0000-0000-0000-000000000000" Platform="Java" RetryMechanismInterval="5" StatusConverter="None" TakeScreenShot="True" WindowsToCapture="OnlyActiveWindow">
<InputValues>
<ActInputValue Guid="dd65e721-7f37-4d71-9c02-668b45325661" Param="ElementLocateBy" ParentGuid="00000000-0000-0000-0000-000000000000" Value="ByXPath" />
<ActInputValue Guid="8cd35e02-8bcf-424b-be3e-605b4eb8dd49" Param="ElementLocateValue" ParentGuid="00000000-0000-0000-0000-000000000000" Value="/javax.swing.JRootPane[0]/null.layeredPane/null.contentPane/javax.swing.JSplitPane[0]/com.amdocs.uif.workspace.desktop.AppDesktopPane[0]/com.crmimpl.crm.isupport.site.popup.XSiteCreate/javax.swing.JRootPane[0]/null.layeredPane/root/javax.swing.JViewport[0]/root/Pnl_Property/[[Name:propertySubType][ClassName:com.amdocs.uif.widgets.ComboBoxNative$1]]" />
<ActInputValue Guid="03eba6d1-4e78-49a9-bb33-ed128db714d9" Param="ElementType" ParentGuid="00000000-0000-0000-0000-000000000000" Value="ComboBox" />
<ActInputValue Guid="f9a9d5f6-eb41-4fdb-b38e-4a9c919318b1" Param="ElementAction" ParentGuid="00000000-0000-0000-0000-000000000000" Value="Select" />
<ActInputValue Guid="098d7949-a8b2-43bf-924a-0b0e33afdd0a" Param="ValueToSelect" ParentGuid="00000000-0000-0000-0000-000000000000" Value="Apartment" />
<ActInputValue Guid="db210f10-894e-4897-8267-b9a582a7f74f" Param="TargetLocateBy" ParentGuid="00000000-0000-0000-0000-000000000000" Value="NA" />
<ActInputValue Guid="0f46016b-1c6b-451a-8796-c7d826422598" Param="TargetElementType" ParentGuid="00000000-0000-0000-0000-000000000000" Value="Unknown" />
<ActInputValue Guid="c696841a-1a8f-49e6-998c-24e48e0b0b92" Param="HandleElementType" ParentGuid="00000000-0000-0000-0000-000000000000" Value="Unknown" />
<ActInputValue Guid="60f4ab9f-faa3-4e8c-9278-c2962afecbcf" Param="HandleActionType" ParentGuid="00000000-0000-0000-0000-000000000000" Value="Unknown" />
<ActInputValue Guid="420aa88b-f162-4671-89d9-b454334d4690" Param="IsWidgetsElement" ParentGuid="00000000-0000-0000-0000-000000000000" Value="false" />
<ActInputValue Guid="432b2f0f-38d5-4d48-8c39-3efbc01f86fa" Param="WaitforIdle" ParentGuid="00000000-0000-0000-0000-000000000000" Value="None" />
</InputValues>
</ActUIElement>
<ActUIElement Active="True" Description="Select ComboBox 'bulk Installation Type'" Guid="c3937c35-d952-4075-bb6a-9a7ab62aab50" MaxNumberOfRetries="2" ParentGuid="00000000-0000-0000-0000-000000000000" Platform="Java" RetryMechanismInterval="5" StatusConverter="None" TakeScreenShot="True" WaitVE="0" WindowsToCapture="OnlyActiveWindow">
<InputValues>
<ActInputValue Guid="d23f16af-c6ca-4785-960f-6d3e0d7f8079" Param="ElementLocateBy" ParentGuid="00000000-0000-0000-0000-000000000000" Value="ByXPath" />
<ActInputValue Guid="3f2323d4-83f8-42f6-b5c6-8057de578aed" Param="ElementLocateValue" ParentGuid="00000000-0000-0000-0000-000000000000" Value="/javax.swing.JRootPane[0]/null.layeredPane/null.contentPane/javax.swing.JSplitPane[0]/com.amdocs.uif.workspace.desktop.AppDesktopPane[0]/com.crmimpl.crm.isupport.site.popup.XSiteCreate/javax.swing.JRootPane[0]/null.layeredPane/root/javax.swing.JViewport[0]/root/Pnl_Property/[[Name:bulkInstallationType][ClassName:com.amdocs.uif.widgets.ComboBoxNative$1]]" />
<ActInputValue Guid="ce415dcb-33d7-4879-badc-9668c2e49f71" Param="ElementType" ParentGuid="00000000-0000-0000-0000-000000000000" Value="ComboBox" />
<ActInputValue Guid="31439f4d-c1b6-465b-b8cf-d34b3fe09205" Param="ElementAction" ParentGuid="00000000-0000-0000-0000-000000000000" Value="Select" />
<ActInputValue Guid="9b22724a-00c3-4c9b-9936-0f1cda16a692" Param="ValueToSelect" ParentGuid="00000000-0000-0000-0000-000000000000" Value="DISH Fiber" />
<ActInputValue Guid="a9df0b7f-0c49-4df1-acbe-ca7fc9b0811b" Param="TargetLocateBy" ParentGuid="00000000-0000-0000-0000-000000000000" Value="NA" />
<ActInputValue Guid="76e918d6-7c9f-4942-98da-e3019da2e46f" Param="TargetElementType" ParentGuid="00000000-0000-0000-0000-000000000000" Value="Unknown" />
<ActInputValue Guid="66d8b3d3-9952-43de-9af1-ab0947daa534" Param="HandleElementType" ParentGuid="00000000-0000-0000-0000-000000000000" Value="Unknown" />
<ActInputValue Guid="a9b3bdbf-68c4-45c4-8a3d-7e008508a617" Param="HandleActionType" ParentGuid="00000000-0000-0000-0000-000000000000" Value="Unknown" />
<ActInputValue Guid="558f74d3-699a-4563-a7dc-d631f4811a6e" Param="IsWidgetsElement" ParentGuid="00000000-0000-0000-0000-000000000000" Value="false" />
<ActInputValue Guid="4f95e0cc-e3cb-40fd-8ddc-d4758db4e7c9" Param="WaitforIdle" ParentGuid="00000000-0000-0000-0000-000000000000" Value="None" />
</InputValues>
</ActUIElement>
<ActUIElement Active="True" Description="Select ComboBox 'tenant Type'" Guid="770a0524-8e83-4d40-8f98-01c127b05867" MaxNumberOfRetries="2" ParentGuid="00000000-0000-0000-0000-000000000000" Platform="Java" RetryMechanismInterval="5" StatusConverter="None" TakeScreenShot="True" WaitVE="0" WindowsToCapture="OnlyActiveWindow">
<InputValues>
<ActInputValue Guid="a81d60eb-1675-43ce-82ff-6f0bfc1f36d3" Param="ElementLocateBy" ParentGuid="00000000-0000-0000-0000-000000000000" Value="ByXPath" />
<ActInputValue Guid="52a591cf-3aa1-4bba-a3b7-0ccc2ebb3855" Param="ElementLocateValue" ParentGuid="00000000-0000-0000-0000-000000000000" Value="/javax.swing.JRootPane[0]/null.layeredPane/null.contentPane/javax.swing.JSplitPane[0]/com.amdocs.uif.workspace.desktop.AppDesktopPane[0]/com.crmimpl.crm.isupport.site.popup.XSiteCreate/javax.swing.JRootPane[0]/null.layeredPane/root/javax.swing.JViewport[0]/root/Pnl_Property/[[Name:tenantType][ClassName:com.amdocs.uif.widgets.ComboBoxNative$1]]" />
<ActInputValue Guid="4cc16820-838e-4647-b051-d7f3b45e3b06" Param="ElementType" ParentGuid="00000000-0000-0000-0000-000000000000" Value="ComboBox" />
<ActInputValue Guid="294b9000-97be-4ac3-ab45-5c4120ae679a" Param="ElementAction" ParentGuid="00000000-0000-0000-0000-000000000000" Value="Select" />
<ActInputValue Guid="93db64dc-ea3b-442c-ad1b-c411827344be" Param="ValueToSelect" ParentGuid="00000000-0000-0000-0000-000000000000" Value="{Var Name=Site tenant type}" />
<ActInputValue Guid="35a4fd75-9fe5-48d5-9764-f6cef72e8c08" Param="TargetLocateBy" ParentGuid="00000000-0000-0000-0000-000000000000" Value="NA" />
<ActInputValue Guid="9772d02c-fe60-425d-be31-941bf10c7fb7" Param="TargetElementType" ParentGuid="00000000-0000-0000-0000-000000000000" Value="Unknown" />
<ActInputValue Guid="bc491f94-79d7-432b-b0fd-aa1c0074cd02" Param="HandleElementType" ParentGuid="00000000-0000-0000-0000-000000000000" Value="Unknown" />
<ActInputValue Guid="20ffbd3c-fa01-402e-9303-9f2133b9c2ca" Param="HandleActionType" ParentGuid="00000000-0000-0000-0000-000000000000" Value="Unknown" />
<ActInputValue Guid="b5badda6-04fa-4da2-8041-60d76e04d6be" Param="IsWidgetsElement" ParentGuid="00000000-0000-0000-0000-000000000000" Value="false" />
<ActInputValue Guid="ef331a86-1809-49f9-b684-8767e76994e6" Param="WaitforIdle" ParentGuid="00000000-0000-0000-0000-000000000000" Value="None" />
</InputValues>
</ActUIElement>
<ActUIElement Active="True" Description="Set Text Box 'phone'" Guid="94ec2a77-8181-45b0-a26b-23b907850670" MaxNumberOfRetries="2" ParentGuid="00000000-0000-0000-0000-000000000000" Platform="Java" RetryMechanismInterval="5" StatusConverter="None" TakeScreenShot="True" WaitVE="0" WindowsToCapture="OnlyActiveWindow">
<InputValues>
<ActInputValue Guid="4030ef04-31fc-4fa4-9d15-11c699ba50ac" Param="ElementLocateBy" ParentGuid="00000000-0000-0000-0000-000000000000" Value="ByXPath" />
<ActInputValue Guid="53af8c1c-6c3c-48ce-b6ab-839cb2bbb4b6" Param="ElementLocateValue" ParentGuid="00000000-0000-0000-0000-000000000000" Value="/javax.swing.JRootPane[0]/null.layeredPane/null.contentPane/javax.swing.JSplitPane[0]/com.amdocs.uif.workspace.desktop.AppDesktopPane[0]/com.crmimpl.crm.isupport.site.popup.XSiteCreate/javax.swing.JRootPane[0]/null.layeredPane/root/javax.swing.JViewport[0]/root/[[Name:phoneval][ClassName:com.amdocs.uif.widgets.TextFieldNative$1]]" />
<ActInputValue Guid="b07bf906-0c49-4a20-9213-f6bc2b04ac3b" Param="Value" ParentGuid="00000000-0000-0000-0000-000000000000" Value="56973816195" />
<ActInputValue Guid="9de11388-10c8-4c8b-97c9-a07a22174675" Param="ElementType" ParentGuid="00000000-0000-0000-0000-000000000000" Value="TextBox" />
<ActInputValue Guid="fd94d67d-c281-4d99-a7dc-9c6d97490971" Param="ElementAction" ParentGuid="00000000-0000-0000-0000-000000000000" Value="SetValue" />
<ActInputValue Guid="63e5df51-f55f-4576-874a-9ff30f015f7a" Param="TargetLocateBy" ParentGuid="00000000-0000-0000-0000-000000000000" Value="NA" />
<ActInputValue Guid="554bf652-edfc-47b0-acff-93d00b295dd1" Param="TargetElementType" ParentGuid="00000000-0000-0000-0000-000000000000" Value="Unknown" />
<ActInputValue Guid="988371eb-66b1-4f70-8d9d-29ba4d3d875b" Param="HandleElementType" ParentGuid="00000000-0000-0000-0000-000000000000" Value="Unknown" />
<ActInputValue Guid="e519f994-8941-4493-8a83-981c3c9c69a2" Param="HandleActionType" ParentGuid="00000000-0000-0000-0000-000000000000" Value="Unknown" />
<ActInputValue Guid="a1c38e2f-7423-47ec-91bb-41a21571f669" Param="IsWidgetsElement" ParentGuid="00000000-0000-0000-0000-000000000000" Value="false" />
<ActInputValue Guid="c1513563-7f57-430c-a3bd-22c91e9c65e9" Param="WaitforIdle" ParentGuid="00000000-0000-0000-0000-000000000000" Value="None" />
</InputValues>
</ActUIElement>
<ActUIElement Active="True" Description="Click Button 'Dealer Lookup'" Guid="7698d9fd-885f-4c02-989b-d69d4e095111" MaxNumberOfRetries="2" ParentGuid="00000000-0000-0000-0000-000000000000" Platform="Java" RetryMechanismInterval="5" StatusConverter="None" TakeScreenShot="True" WaitVE="0" WindowsToCapture="OnlyActiveWindow">
<InputValues>
<ActInputValue Guid="9a1f590e-4074-4940-ad76-515aa901a539" Param="ElementLocateBy" ParentGuid="00000000-0000-0000-0000-000000000000" Value="ByXPath" />
<ActInputValue Guid="c3b69e9e-9ac0-4cd0-8b25-2e335eace188" Param="ElementLocateValue" ParentGuid="00000000-0000-0000-0000-000000000000" Value="/javax.swing.JRootPane[0]/null.layeredPane/null.contentPane/javax.swing.JSplitPane[0]/com.amdocs.uif.workspace.desktop.AppDesktopPane[0]/com.crmimpl.crm.isupport.site.popup.XSiteCreate/javax.swing.JRootPane[0]/null.layeredPane/root/javax.swing.JViewport[0]/root/Panel_distributor/pnlDealer/dealer_lookup/[[Name:dealer_lookup_ddbutton][ClassName:com.amdocs.uif.widgets.ButtonNative$JXButton]]" />
<ActInputValue Guid="15bdb816-110e-4f23-8fbf-426e3e4ec6b5" Param="Value" ParentGuid="00000000-0000-0000-0000-000000000000" />
<ActInputValue Guid="1e59efbb-3cfb-49db-a36e-f7010aeb9449" Param="ElementType" ParentGuid="00000000-0000-0000-0000-000000000000" Value="Button" />
<ActInputValue Guid="74387b30-6724-4135-8f0f-dd55e0d1bf22" Param="ElementAction" ParentGuid="00000000-0000-0000-0000-000000000000" Value="Click" />
<ActInputValue Guid="63bd2124-4451-4c5e-878c-31ba0aec9319" Param="WaitforIdle" ParentGuid="00000000-0000-0000-0000-000000000000" Value="Medium" />
<ActInputValue Guid="f106aa9e-15e7-44bf-aa91-f06494ddd556" Param="TargetLocateBy" ParentGuid="00000000-0000-0000-0000-000000000000" Value="NA" />
<ActInputValue Guid="95abd3a4-1aae-4c27-b461-417439ddec7e" Param="TargetElementType" ParentGuid="00000000-0000-0000-0000-000000000000" Value="Unknown" />
<ActInputValue Guid="2147a132-e619-4e1a-b462-0263c08c7ed7" Param="HandleElementType" ParentGuid="00000000-0000-0000-0000-000000000000" Value="Unknown" />
<ActInputValue Guid="bbece637-eac1-4bfd-80f8-62baca274b2e" Param="HandleActionType" ParentGuid="00000000-0000-0000-0000-000000000000" Value="Unknown" />
<ActInputValue Guid="85493e96-5f8e-473a-9228-f6c7992382ed" Param="IsWidgetsElement" ParentGuid="00000000-0000-0000-0000-000000000000" Value="false" />
</InputValues>
</ActUIElement>
<ActUIElement Active="True" Description="Set Text Box 'Dealer Name'" Guid="09eceb18-b9c4-43d8-8d5a-b0437aa190b0" MaxNumberOfRetries="2" ParentGuid="00000000-0000-0000-0000-000000000000" Platform="Java" RetryMechanismInterval="5" StatusConverter="None" TakeScreenShot="True" WaitVE="2" WindowsToCapture="OnlyActiveWindow">
<InputValues>
<ActInputValue Guid="9c887eb8-435f-43c4-b642-393f9d53d8ed" Param="ElementLocateBy" ParentGuid="00000000-0000-0000-0000-000000000000" Value="ByXPath" />
<ActInputValue Guid="af50868d-57c4-4989-98e9-915a58b076aa" Param="ElementLocateValue" ParentGuid="00000000-0000-0000-0000-000000000000" Value="/javax.swing.JRootPane[0]/null.layeredPane/null.contentPane/javax.swing.JSplitPane[0]/com.amdocs.uif.workspace.desktop.AppDesktopPane[0]/com.crmimpl.crm.isales.account.XSearchDealers/javax.swing.JRootPane[0]/null.layeredPane/root/javax.swing.JViewport[0]/root/gridListing/javax.swing.JPanel[0]/com.amdocs.uif.widgets.SearchGridNative$6[0]/javax.swing.JViewport[1]/com.amdocs.uif.widgets.search.SearchJTableHeader[0]/com.amdocs.uif.widgets.PanelNative$JXPanel[1]/com.amdocs.uif.widgets.PanelNative$JXPanel[0]/[[Name:adhocValue_txtDealerName][ClassName:com.amdocs.uif.widgets.TextFieldNative$1]]" />
<ActInputValue Guid="6a82a767-6451-4936-bd76-5af5d2384f5b" Param="Value" ParentGuid="00000000-0000-0000-0000-000000000000" Value="No Assigned Retailer" />
<ActInputValue Guid="45616303-4335-49eb-8266-c1c7d1f4c03b" Param="ElementType" ParentGuid="00000000-0000-0000-0000-000000000000" Value="TextBox" />
<ActInputValue Guid="36871573-541e-4eb1-bf61-b863e4a38dd1" Param="ElementAction" ParentGuid="00000000-0000-0000-0000-000000000000" Value="SetValue" />
<ActInputValue Guid="878cbb6c-4ecb-41c6-911c-4d642ed87e56" Param="TargetLocateBy" ParentGuid="00000000-0000-0000-0000-000000000000" Value="NA" />
<ActInputValue Guid="7cea12e6-3dd2-4bb0-9730-76397f3a516e" Param="TargetElementType" ParentGuid="00000000-0000-0000-0000-000000000000" Value="Unknown" />
<ActInputValue Guid="a82355df-9469-43cc-a936-220ba6e32089" Param="HandleElementType" ParentGuid="00000000-0000-0000-0000-000000000000" Value="Unknown" />
<ActInputValue Guid="2f9b1f1c-1201-4b33-b5a7-0364c215e824" Param="HandleActionType" ParentGuid="00000000-0000-0000-0000-000000000000" Value="Unknown" />
<ActInputValue Guid="ef91a5d0-f3b3-48a5-a042-a23d6743fd08" Param="IsWidgetsElement" ParentGuid="00000000-0000-0000-0000-000000000000" Value="false" />
<ActInputValue Guid="0b883eb3-bb77-4ed4-9a4e-3162fba5332a" Param="WaitforIdle" ParentGuid="00000000-0000-0000-0000-000000000000" Value="None" />
</InputValues>
</ActUIElement>
<ActUIElement Active="True" Description="Click Button 'Search Now'" Guid="41633482-4604-4946-b577-e1db9305c23a" MaxNumberOfRetries="2" ParentGuid="00000000-0000-0000-0000-000000000000" Platform="NA" RetryMechanismInterval="5" StatusConverter="None" TakeScreenShot="True" WaitVE="0" WindowsToCapture="OnlyActiveWindow">
<InputValues>
<ActInputValue Guid="10af0bab-ed10-43f1-a978-94de69468db4" Param="ElementLocateBy" ParentGuid="00000000-0000-0000-0000-000000000000" Value="ByXPath" />
<ActInputValue Guid="8b439d2f-4adc-4db8-8f71-417620b64b52" Param="ElementLocateValue" ParentGuid="00000000-0000-0000-0000-000000000000" Value="/javax.swing.JRootPane[0]/null.layeredPane/null.contentPane/javax.swing.JSplitPane[0]/com.amdocs.uif.workspace.desktop.AppDesktopPane[0]/com.crmimpl.crm.isales.account.XSearchDealers/javax.swing.JRootPane[0]/null.layeredPane/root/javax.swing.JViewport[0]/root/gridListing/com.amdocs.uif.widgets.PanelNative$JXPanel[0]/com.amdocs.uif.widgets.PanelNative$JXPanel[0]/[[Name:btnSearchNow][ClassName:com.amdocs.uif.widgets.ButtonNative$JXButton]]" />
<ActInputValue Guid="c094cefb-3d6e-420a-99c7-e7164faee398" Param="Value" ParentGuid="00000000-0000-0000-0000-000000000000" Value="Search Now" />
<ActInputValue Guid="94430b5e-fdd2-4aa3-9df3-93e70f3fceeb" Param="ElementType" ParentGuid="00000000-0000-0000-0000-000000000000" Value="Button" />
<ActInputValue Guid="d387ebbb-858e-4642-9c12-849df315b713" Param="ElementAction" ParentGuid="00000000-0000-0000-0000-000000000000" Value="Click" />
<ActInputValue Guid="bc1c6190-e4d2-4aa6-b264-d11bbb312562" Param="WaitforIdle" ParentGuid="00000000-0000-0000-0000-000000000000" Value="Medium" />
<ActInputValue Guid="08bb7890-491e-4058-afcd-14da491e2575" Param="TargetLocateBy" ParentGuid="00000000-0000-0000-0000-000000000000" Value="NA" />
<ActInputValue Guid="ad1864cc-2fbe-45f9-9dc4-0c2f1056963c" Param="TargetElementType" ParentGuid="00000000-0000-0000-0000-000000000000" Value="Unknown" />
<ActInputValue Guid="09e78378-2ead-4af7-a24b-81bc1c0121c9" Param="HandleElementType" ParentGuid="00000000-0000-0000-0000-000000000000" Value="Unknown" />
<ActInputValue Guid="4cfce43a-66b7-471e-9906-87c5b037114d" Param="HandleActionType" ParentGuid="00000000-0000-0000-0000-000000000000" Value="Unknown" />
</InputValues>
</ActUIElement>
<ActUIElement Active="True" Description="Select dealer from list" Guid="a3e64a39-0da6-4b91-9a5d-c75576620985" MaxNumberOfRetries="2" ParentGuid="00000000-0000-0000-0000-000000000000" Platform="Java" RetryMechanismInterval="5" StatusConverter="None" TakeScreenShot="True" WaitVE="0" WindowsToCapture="OnlyActiveWindow">
<InputValues>
<ActInputValue Guid="2f5fdbd6-46af-4a7d-9b54-95711be64f13" Param="ElementLocateBy" ParentGuid="00000000-0000-0000-0000-000000000000" Value="ByXPath" />
<ActInputValue Guid="20c80468-9d04-48a5-9bc7-f99fa8567883" Param="ElementLocateValue" ParentGuid="00000000-0000-0000-0000-000000000000" Value="/javax.swing.JRootPane[0]/null.layeredPane/null.contentPane/javax.swing.JSplitPane[0]/com.amdocs.uif.workspace.desktop.AppDesktopPane[0]/com.crmimpl.crm.isales.account.XSearchDealers/javax.swing.JRootPane[0]/null.layeredPane/root/javax.swing.JViewport[0]/root/gridListing/javax.swing.JPanel[0]/com.amdocs.uif.widgets.SearchGridNative$6[0]/javax.swing.JViewport[0]/[[Name:gridListing][ClassName:com.amdocs.uif.widgets.search.SearchJTable]]" />
<ActInputValue Guid="a7b10bd0-7780-4d25-889c-1fb02af4182a" Param="Value" ParentGuid="00000000-0000-0000-0000-000000000000" Value="null" />
<ActInputValue Guid="5e2296e2-4275-40b4-9a6e-32d6e4e6f7eb" Param="ElementType" ParentGuid="00000000-0000-0000-0000-000000000000" Value="Table" />
<ActInputValue Guid="78c9df0b-dce0-4474-a67e-c21a081e9dd9" Param="ElementAction" ParentGuid="00000000-0000-0000-0000-000000000000" Value="TableCellAction" />
<ActInputValue Guid="6e8e286f-87cf-43c3-a940-b8d450d2a672" Param="WhereColumnValue" ParentGuid="00000000-0000-0000-0000-000000000000" Value="0" />
<ActInputValue Guid="e569ae81-bbcf-479c-b50c-7af668f8424f" Param="LocateRowType" ParentGuid="00000000-0000-0000-0000-000000000000" Value="Row Number" />
<ActInputValue Guid="f4e18fbf-3f2f-462d-8ff4-140b58dea27f" Param="ColSelectorValue" ParentGuid="00000000-0000-0000-0000-000000000000" Value="ColNum" />
<ActInputValue Guid="42b51f49-5bca-4350-bc4a-859a8d1854ee" Param="LocateColTitle" ParentGuid="00000000-0000-0000-0000-000000000000" Value="0" />
<ActInputValue Guid="27b56bc8-e775-4bed-9757-695869108c41" Param="ControlAction" ParentGuid="00000000-0000-0000-0000-000000000000" Value="SetFocus" />
<ActInputValue Guid="7d0b9f99-eca6-4ec5-af88-2b96e068331c" Param="TargetLocateBy" ParentGuid="00000000-0000-0000-0000-000000000000" Value="NA" />
<ActInputValue Guid="7c50d3d3-daf0-4fb7-96a0-8e0a927f7b74" Param="TargetElementType" ParentGuid="00000000-0000-0000-0000-000000000000" Value="Unknown" />
<ActInputValue Guid="15ebe799-4e9c-4bee-b423-538a8d60ccee" Param="HandleElementType" ParentGuid="00000000-0000-0000-0000-000000000000" Value="Unknown" />
<ActInputValue Guid="8464f0f9-daed-44df-95c7-8cf78f1dba83" Param="HandleActionType" ParentGuid="00000000-0000-0000-0000-000000000000" Value="Unknown" />
<ActInputValue Guid="1c5265b4-2035-42c9-8021-3e4775cbf559" Param="IsWidgetsElement" ParentGuid="00000000-0000-0000-0000-000000000000" Value="false" />
<ActInputValue Guid="90e5a8c6-6a92-4bd6-80c6-2906358de5a1" Param="WaitforIdle" ParentGuid="00000000-0000-0000-0000-000000000000" />
<ActInputValue Guid="04a07f73-6944-48df-91a1-773280cc28e6" Param="WhereColSelector" ParentGuid="00000000-0000-0000-0000-000000000000" />
<ActInputValue Guid="3e949c58-7cae-49bc-b243-931c5966fbf8" Param="WhereColumnTitle" ParentGuid="00000000-0000-0000-0000-000000000000" />
<ActInputValue Guid="d1655fba-2e37-4744-8276-b17679a4a5a8" Param="WhereProperty" ParentGuid="00000000-0000-0000-0000-000000000000" />
<ActInputValue Guid="f30c6376-f650-456d-95dc-c5099cdf73cd" Param="WhereOperator" ParentGuid="00000000-0000-0000-0000-000000000000" />
<ActInputValue Guid="0554e4fb-099b-49f3-8da0-71e4c4bb0212" Param="LocateRowValue" ParentGuid="00000000-0000-0000-0000-000000000000" Value="0" />
</InputValues>
</ActUIElement>
<ActUIElement Active="True" Description="Click Button 'Select'" Guid="d23a67ef-fcfc-4bb2-add8-badb0ba81a6e" MaxNumberOfRetries="2" ParentGuid="00000000-0000-0000-0000-000000000000" Platform="NA" RetryMechanismInterval="5" StatusConverter="None" TakeScreenShot="True" WaitVE="0" WindowsToCapture="OnlyActiveWindow">
<InputValues>
<ActInputValue Guid="f3682e8f-3730-4496-b992-4cfd657b1c25" Param="ElementLocateBy" ParentGuid="00000000-0000-0000-0000-000000000000" Value="ByXPath" />
<ActInputValue Guid="76aacc70-63ac-452a-ac81-dc5b6858b47f" Param="ElementLocateValue" ParentGuid="00000000-0000-0000-0000-000000000000" Value="/javax.swing.JRootPane[0]/null.layeredPane/null.contentPane/javax.swing.JSplitPane[0]/com.amdocs.uif.workspace.desktop.AppDesktopPane[0]/com.crmimpl.crm.isales.account.XSearchDealers/javax.swing.JRootPane[0]/null.layeredPane/root/javax.swing.JViewport[0]/root/gridFooter/[[Name:ButtonNoDefaultText_6][ClassName:com.amdocs.uif.widgets.ButtonNative$JXButton]]" />
<ActInputValue Guid="8f6badfd-7957-43a4-9e91-c897d9720c64" Param="Value" ParentGuid="00000000-0000-0000-0000-000000000000" Value="Select" />
<ActInputValue Guid="a62905c1-2876-41de-b09b-5eb9398d3fc1" Param="ElementType" ParentGuid="00000000-0000-0000-0000-000000000000" Value="Button" />
<ActInputValue Guid="789f8387-ada5-4d93-a16a-74f27b08d2c8" Param="ElementAction" ParentGuid="00000000-0000-0000-0000-000000000000" Value="Click" />
<ActInputValue Guid="2238aca4-551f-422b-9ebe-6b9c1358b0b3" Param="WaitforIdle" ParentGuid="00000000-0000-0000-0000-000000000000" Value="Medium" />
<ActInputValue Guid="6d3fa0b5-7e71-4948-ba8b-306843fcb5ad" Param="TargetLocateBy" ParentGuid="00000000-0000-0000-0000-000000000000" Value="NA" />
<ActInputValue Guid="bfeb95e0-d19e-43d9-8420-4d2aa36ec000" Param="TargetElementType" ParentGuid="00000000-0000-0000-0000-000000000000" Value="Unknown" />
<ActInputValue Guid="efbf8715-5274-418d-8efa-b85be1960a00" Param="HandleElementType" ParentGuid="00000000-0000-0000-0000-000000000000" Value="Unknown" />
<ActInputValue Guid="201b0a6e-c532-45dd-81e5-7599606b7b35" Param="HandleActionType" ParentGuid="00000000-0000-0000-0000-000000000000" Value="Unknown" />
</InputValues>
</ActUIElement>
<ActUIElement Active="True" Description="Toggle : save and view details" Guid="0cb3da04-bd3c-498d-8c7d-9559fc239d8f" MaxNumberOfRetries="2" ParentGuid="00000000-0000-0000-0000-000000000000" Platform="Java" RetryMechanismInterval="5" StatusConverter="None" TakeScreenShot="True" WaitVE="2" WindowsToCapture="OnlyActiveWindow">
<InputValues>
<ActInputValue Guid="bfdabf1f-a4d8-4d78-b087-4adab19b245c" Param="ElementAction" ParentGuid="00000000-0000-0000-0000-000000000000" Value="Toggle" />
<ActInputValue Guid="9d02e8cb-f53f-45a1-8416-8f3f05d9a7f6" Param="ElementType" ParentGuid="00000000-0000-0000-0000-000000000000" Value="CheckBox" />
<ActInputValue Guid="018cd3e0-f852-4eb0-814a-252778accadf" Param="Value" ParentGuid="00000000-0000-0000-0000-000000000000" />
<ActInputValue Guid="c93ccf39-6dc5-437a-9b22-0186236209d7" Param="ElementLocateBy" ParentGuid="00000000-0000-0000-0000-000000000000" Value="ByXPath" />
<ActInputValue Guid="28039ed8-c588-4cea-b39c-3dd3b5d4c10f" Param="ElementLocateValue" ParentGuid="00000000-0000-0000-0000-000000000000" Value="/javax.swing.JRootPane[0]/null.layeredPane/null.contentPane/javax.swing.JSplitPane[0]/com.amdocs.uif.workspace.desktop.AppDesktopPane[0]/com.crmimpl.crm.isupport.site.popup.XSiteCreate/javax.swing.JRootPane[0]/null.layeredPane/root/javax.swing.JViewport[0]/root/clfy514/[[Name:saveoption][ClassName:javax.swing.JCheckBox]]" />
<ActInputValue Guid="e655aa37-5393-4997-8d49-0a040fbc2df8" Param="IsWidgetsElement" ParentGuid="00000000-0000-0000-0000-000000000000" Value="false" />
<ActInputValue Guid="86f959d4-e4e2-4b76-9071-d577d3f322ad" Param="WaitforIdle" ParentGuid="00000000-0000-0000-0000-000000000000" Value="None" />
<ActInputValue Guid="5133460d-8f99-4c79-bbe2-93e1efaf980c" Param="TargetLocateBy" ParentGuid="00000000-0000-0000-0000-000000000000" Value="NA" />
<ActInputValue Guid="1d7b0a36-4b1b-4ad0-b84d-cd441fedf5f2" Param="TargetElementType" ParentGuid="00000000-0000-0000-0000-000000000000" Value="Unknown" />
<ActInputValue Guid="07f46aee-a177-4dd6-862b-2b2cccddd50a" Param="HandleElementType" ParentGuid="00000000-0000-0000-0000-000000000000" Value="Unknown" />
<ActInputValue Guid="4deed6ab-9676-42d5-95b5-23537edf7be0" Param="HandleActionType" ParentGuid="00000000-0000-0000-0000-000000000000" Value="Unknown" />
</InputValues>
</ActUIElement>
<ActUIElement Active="True" Description="Click Button 'Save'" Guid="47563471-4084-4195-b081-9ee21eaf7764" MaxNumberOfRetries="2" ParentGuid="00000000-0000-0000-0000-000000000000" Platform="NA" RetryMechanismInterval="5" StatusConverter="None" TakeScreenShot="True" WaitVE="0" WindowsToCapture="OnlyActiveWindow">
<InputValues>
<ActInputValue Guid="06196fdd-975f-49ae-850e-3c4f1e9bacfa" Param="ElementLocateBy" ParentGuid="00000000-0000-0000-0000-000000000000" Value="ByXPath" />
<ActInputValue Guid="228cf829-c4b0-431e-a73b-004c31618587" Param="ElementLocateValue" ParentGuid="00000000-0000-0000-0000-000000000000" Value="/javax.swing.JRootPane[0]/null.layeredPane/null.contentPane/javax.swing.JSplitPane[0]/com.amdocs.uif.workspace.desktop.AppDesktopPane[0]/com.crmimpl.crm.isupport.site.popup.XSiteCreate/javax.swing.JRootPane[0]/null.layeredPane/root/javax.swing.JViewport[0]/root/clfy514/[[Name:Save][ClassName:com.amdocs.uif.widgets.ButtonNative$JXButton]]" />
<ActInputValue Guid="d7356556-a34c-4c4b-b252-668e4abc42c4" Param="Value" ParentGuid="00000000-0000-0000-0000-000000000000" Value="Save" />
<ActInputValue Guid="a8fda46f-6326-458a-a376-448955cebb8a" Param="ElementType" ParentGuid="00000000-0000-0000-0000-000000000000" Value="Button" />
<ActInputValue Guid="30e60cb3-af58-4ae7-84a8-6de2616022ae" Param="ElementAction" ParentGuid="00000000-0000-0000-0000-000000000000" Value="Click" />
<ActInputValue Guid="9a18e856-3de9-49a1-b301-5175358fdbe4" Param="WaitforIdle" ParentGuid="00000000-0000-0000-0000-000000000000" Value="Medium" />
<ActInputValue Guid="b5d0b96c-b63d-40aa-b280-0dd91461d8ba" Param="TargetLocateBy" ParentGuid="00000000-0000-0000-0000-000000000000" Value="NA" />
<ActInputValue Guid="09d0e43f-646b-420b-832f-867bfb0a5764" Param="TargetElementType" ParentGuid="00000000-0000-0000-0000-000000000000" Value="Unknown" />
<ActInputValue Guid="6db73962-232e-43ac-beb0-4a9b94d518fe" Param="HandleElementType" ParentGuid="00000000-0000-0000-0000-000000000000" Value="Unknown" />
<ActInputValue Guid="cd87a7ec-f7cf-43ae-b81e-9a0544ae1198" Param="HandleActionType" ParentGuid="00000000-0000-0000-0000-000000000000" Value="Unknown" />
</InputValues>
</ActUIElement>
<ActUIElement Active="True" Description="Validate created Site screen" EnableRetryMechanism="True" Guid="99747c76-dbbe-4d65-b4ce-4fe3237a6e99" MaxNumberOfRetries="4" ParentGuid="00000000-0000-0000-0000-000000000000" Platform="Java" RetryMechanismInterval="3" StatusConverter="None" TakeScreenShot="True" WaitVE="2" WindowsToCapture="OnlyActiveWindow">
<FlowControls>
<FlowControl Active="True" BusinessFlowControlAction="GoToBusinessFlow" FlowControlAction="StopRun" Guid="69ba1c6d-8dbc-4452-ae90-f8b998d88865" Operator="ActionFailed" ParentGuid="00000000-0000-0000-0000-000000000000" />
</FlowControls>

<InputValues>
<ActInputValue Guid="439527ad-81ee-4f7f-b27c-6864694e0530" Param="ElementAction" ParentGuid="00000000-0000-0000-0000-000000000000" Value="GetValue" />
<ActInputValue Guid="30ad2d30-9b58-455a-ad15-7da883cb78aa" Param="ElementType" ParentGuid="00000000-0000-0000-0000-000000000000" Value="TextBox" />
<ActInputValue Guid="c016e53d-83d0-4f6f-80f8-d855d0da43ad" Param="Value" ParentGuid="00000000-0000-0000-0000-000000000000" />
<ActInputValue Guid="8adb67c3-069e-485e-a697-5ad15c661dfd" Param="ElementLocateBy" ParentGuid="00000000-0000-0000-0000-000000000000" Value="ByXPath" />
<ActInputValue Guid="8ebb2723-b509-4ae4-b951-5d112d50ad77" Param="ElementLocateValue" ParentGuid="00000000-0000-0000-0000-000000000000" Value="/javax.swing.JRootPane[0]/null.layeredPane/null.contentPane/javax.swing.JSplitPane[0]/com.amdocs.uif.workspace.desktop.AppDesktopPane[0]/com.crmimpl.crm.isupport.site.XSiteOverview/javax.swing.JRootPane[0]/null.layeredPane/root/javax.swing.JViewport[0]/root/[[Name:site_idval][ClassName:com.amdocs.uif.widgets.TextFieldNative$1]]" />
<ActInputValue Guid="442a97f4-2e1f-4e59-ab4b-a2863666f987" Param="IsWidgetsElement" ParentGuid="00000000-0000-0000-0000-000000000000" Value="false" />
<ActInputValue Guid="4719acd7-59eb-45f2-8c61-58ed261f045d" Param="WaitforIdle" ParentGuid="00000000-0000-0000-0000-000000000000" Value="None" />
<ActInputValue Guid="105a5edc-1286-4287-8724-8d4c660fa8c9" Param="TargetLocateBy" ParentGuid="00000000-0000-0000-0000-000000000000" Value="NA" />
<ActInputValue Guid="e84cc7b1-f8f9-41b1-bba4-40642af2763d" Param="TargetElementType" ParentGuid="00000000-0000-0000-0000-000000000000" Value="Unknown" />
<ActInputValue Guid="ab8183d4-f539-4c01-9641-cb115f5342f9" Param="HandleElementType" ParentGuid="00000000-0000-0000-0000-000000000000" Value="Unknown" />
<ActInputValue Guid="df818b52-d87f-445d-b664-bcb8eb440812" Param="HandleActionType" ParentGuid="00000000-0000-0000-0000-000000000000" Value="Unknown" />
</InputValues>

<ReturnValues>
<ActReturnValue Active="True" Guid="f344f1eb-a670-4065-be0e-fc1040f95a03" Operator="Equals" Param="Actual0" ParentGuid="00000000-0000-0000-0000-000000000000" StoreTo="Variable" StoreToValue="CreatedSiteID" />
</ReturnValues>
</ActUIElement>
<ActUIElement Description="Click : Save" Guid="37a7781f-61a2-4c59-b040-39604a56dd47" MaxNumberOfRetries="2" ParentGuid="00000000-0000-0000-0000-000000000000" Platform="NA" RetryMechanismInterval="5" StatusConverter="None" TakeScreenShot="True" WindowsToCapture="OnlyActiveWindow">
<InputValues>
<ActInputValue Guid="2e5ec994-f9dc-43a5-9b6e-f0f6f4dc7dbd" Param="ElementAction" ParentGuid="00000000-0000-0000-0000-000000000000" Value="Click" />
<ActInputValue Guid="38474507-bd43-4471-8e6a-1d87b70e9265" Param="ElementType" ParentGuid="00000000-0000-0000-0000-000000000000" Value="Button" />
<ActInputValue Guid="a7b29f1e-7faa-4897-9803-7f62f3a0b1b5" Param="Value" ParentGuid="00000000-0000-0000-0000-000000000000" />
<ActInputValue Guid="96e17fc8-cb5a-409a-b023-af61cc7d3276" Param="ElementLocateBy" ParentGuid="00000000-0000-0000-0000-000000000000" Value="ByXPath" />
<ActInputValue Guid="fd6afd82-f0e2-42ea-a427-6b169a37b111" Param="ElementLocateValue" ParentGuid="00000000-0000-0000-0000-000000000000" Value="/javax.swing.JRootPane[0]/null.layeredPane/null.contentPane/javax.swing.JSplitPane[0]/com.amdocs.uif.workspace.desktop.AppDesktopPane[0]/com.crmimpl.crm.isupport.site.XSiteOverview/javax.swing.JRootPane[0]/null.layeredPane/root/javax.swing.JViewport[0]/root/temp_grid_clfy1076145/[[Name:Save][ClassName:com.amdocs.uif.widgets.ButtonNative$JXButton]]" />
<ActInputValue Guid="e3d0f661-c3d0-4601-9da4-347b62a7eff4" Param="ValueToSelect" ParentGuid="00000000-0000-0000-0000-000000000000" />
<ActInputValue Guid="f768a414-578f-4689-8d8d-2295660ae079" Param="TargetLocateBy" ParentGuid="00000000-0000-0000-0000-000000000000" Value="NA" />
<ActInputValue Guid="30233cf6-0509-4e2e-8c85-d2f8e7ae2de1" Param="TargetElementType" ParentGuid="00000000-0000-0000-0000-000000000000" Value="Unknown" />
<ActInputValue Guid="79bbdf3a-dedf-41ff-b4ea-76c8688f73d4" Param="HandleElementType" ParentGuid="00000000-0000-0000-0000-000000000000" Value="Unknown" />
<ActInputValue Guid="2c7fecc7-5753-4d38-b122-53bf5dcbd2ac" Param="HandleActionType" ParentGuid="00000000-0000-0000-0000-000000000000" Value="Unknown" />
</InputValues>
</ActUIElement>
<ActUIElement Active="True" Description="Click : Cancel to close site screen" Guid="d876a190-7963-4ab0-9ced-eaa39935fa9a" MaxNumberOfRetries="2" ParentGuid="00000000-0000-0000-0000-000000000000" Platform="NA" RetryMechanismInterval="5" StatusConverter="None" TakeScreenShot="True" WaitVE="0" WindowsToCapture="OnlyActiveWindow">
<InputValues>
<ActInputValue Guid="f27a62e0-f23b-4940-a944-b7085177b84f" Param="ElementAction" ParentGuid="00000000-0000-0000-0000-000000000000" Value="Click" />
<ActInputValue Guid="ae1f5df6-a0ad-4762-92ac-22495c8ffa56" Param="ElementType" ParentGuid="00000000-0000-0000-0000-000000000000" Value="Button" />
<ActInputValue Guid="03ab7b38-532f-4ab7-ac44-1c76bc513b1b" Param="Value" ParentGuid="00000000-0000-0000-0000-000000000000" />
<ActInputValue Guid="781ebb9b-3bac-47c2-bd26-07219b378337" Param="ElementLocateBy" ParentGuid="00000000-0000-0000-0000-000000000000" Value="ByName" />
<ActInputValue Guid="a4b316ca-ae90-46b9-bb51-5103fddaa7f4" Param="ElementLocateValue" ParentGuid="00000000-0000-0000-0000-000000000000" Value="Cancel" />
<ActInputValue Guid="2578f040-751c-4c64-86b7-b0d194b25190" Param="ValueToSelect" ParentGuid="00000000-0000-0000-0000-000000000000" />
<ActInputValue Guid="e466bad3-689f-4326-8ce9-5b63dddbc798" Param="TargetLocateBy" ParentGuid="00000000-0000-0000-0000-000000000000" Value="NA" />
<ActInputValue Guid="c01656b3-0016-4fe3-8f24-2b0a7cf98dc9" Param="TargetElementType" ParentGuid="00000000-0000-0000-0000-000000000000" Value="Unknown" />
<ActInputValue Guid="2977f0f1-1e54-4d0a-a634-16386cdba467" Param="HandleElementType" ParentGuid="00000000-0000-0000-0000-000000000000" Value="Unknown" />
<ActInputValue Guid="0c7065d3-722f-47ce-bb5f-32d765127b8c" Param="HandleActionType" ParentGuid="00000000-0000-0000-0000-000000000000" Value="Unknown" />
</InputValues>
</ActUIElement>
<ActUIElement Active="True" Description="Click  refresh button" Guid="c0808a24-32eb-491a-b589-cae9c6948756" MaxNumberOfRetries="2" ParentGuid="00000000-0000-0000-0000-000000000000" Platform="Java" RetryMechanismInterval="5" StatusConverter="None" TakeScreenShot="True" WaitVE="0" WindowsToCapture="OnlyActiveWindow">
<InputValues>
<ActInputValue Guid="1d792dbd-573c-4760-8433-46cd60a2d6c5" Param="ElementAction" ParentGuid="00000000-0000-0000-0000-000000000000" Value="Click" />
<ActInputValue Guid="2bf72665-8a8d-46a3-9036-3309d7255e32" Param="ElementType" ParentGuid="00000000-0000-0000-0000-000000000000" Value="Button" />
<ActInputValue Guid="9ee26008-d3dc-4399-8a27-91d88a81352d" Param="Value" ParentGuid="00000000-0000-0000-0000-000000000000" />
<ActInputValue Guid="42b3d140-f013-46c9-bb98-6511eade190b" Param="ElementLocateBy" ParentGuid="00000000-0000-0000-0000-000000000000" Value="ByXPath" />
<ActInputValue Guid="da0cb90c-6dc9-49d7-8848-e4e70394173e" Param="ElementLocateValue" ParentGuid="00000000-0000-0000-0000-000000000000" Value="/javax.swing.JRootPane[0]/null.layeredPane/null.contentPane/com.amdocs.uif.workspace.ToolBarPane[0]/CIM Find Caller/com.amdocs.uif.workspace.MDIWorkspace$23[0]/null.layeredPane/root/Panel_2_370/[[Name:btnRefreshPanels][ClassName:com.amdocs.uif.widgets.ButtonNative$JXButton]]" />
<ActInputValue Guid="f070baf1-a265-4123-a0ee-0cc9ffc3b781" Param="ValueToSelect" ParentGuid="00000000-0000-0000-0000-000000000000" />
<ActInputValue Guid="c635ede6-6c13-4397-9e25-7729874df363" Param="IsWidgetsElement" ParentGuid="00000000-0000-0000-0000-000000000000" Value="false" />
<ActInputValue Guid="9e14541a-d76c-4705-8ba5-3b7a5f0cb11b" Param="WaitforIdle" ParentGuid="00000000-0000-0000-0000-000000000000" Value="Medium" />
<ActInputValue Guid="ed8850f5-58ca-473c-b8fd-a23fbeca62da" Param="TargetLocateBy" ParentGuid="00000000-0000-0000-0000-000000000000" Value="NA" />
<ActInputValue Guid="b6cdce9e-a2f9-48a8-984d-cc7acc1263ac" Param="TargetElementType" ParentGuid="00000000-0000-0000-0000-000000000000" Value="Unknown" />
<ActInputValue Guid="298f2dc0-6bbc-479a-bc91-42d4c82c2152" Param="HandleElementType" ParentGuid="00000000-0000-0000-0000-000000000000" Value="Unknown" />
<ActInputValue Guid="a96871dd-d8e1-42d7-9db8-e061f358cbca" Param="HandleActionType" ParentGuid="00000000-0000-0000-0000-000000000000" Value="Unknown" />
</InputValues>
</ActUIElement>
</Acts>

<Variables>
<VariableString Guid="a7cd138a-bce9-43b3-b66d-db3f05fad724" InitialStringValue="21010710997" MappedOutputType="None" Name="CreatedSiteID" ParentGuid="00000000-0000-0000-0000-000000000000" SetAsInputValue="False" />
</Variables>
</Activity>
</Activities>

<ActivitiesGroups>
<ActivitiesGroup Guid="9048d340-95d9-4361-aba9-611590004014" Name="Create site" ParentGuid="00000000-0000-0000-0000-000000000000">
<ActivitiesIdentifiers>
<ActivityIdentifiers ActivityAutomationStatus="Automated" ActivityGuid="01f09d5f-662b-4a3e-80fd-e4040916e1fb" ActivityName="Open Site screen" Guid="d1dc6a13-985c-491b-8f7a-6fe4a96248b3" ParentGuid="00000000-0000-0000-0000-000000000000" />
<ActivityIdentifiers ActivityAutomationStatus="Automated" ActivityGuid="d51edc32-9f50-4058-8abb-75ad06964b29" ActivityName="Set Site name and select address" Guid="15e643cf-e47a-4875-93d7-8083d637bbcf" ParentGuid="00000000-0000-0000-0000-000000000000" />
<ActivityIdentifiers ActivityAutomationStatus="Automated" ActivityGuid="c9805524-f551-4ef2-b181-a155585cf89d" ActivityName="Select Dealer and Save" Guid="09d0058f-e8f6-4998-af48-28acc2cf8ef7" ParentGuid="00000000-0000-0000-0000-000000000000" />
</ActivitiesIdentifiers>
</ActivitiesGroup>
</ActivitiesGroups>

<TargetApplications>
<TargetApplication AppName="MyJavaApp" Guid="b570b092-e93f-4a08-89c1-a4a58463723e" LastExecutingAgentName="MyJavaApp - Agent 1" ParentGuid="00000000-0000-0000-0000-000000000000" />
<TargetApplication AppName="Mediation" Guid="f1af307b-6f0f-4249-ab2c-c0c81a0a6db0" LastExecutingAgentName="Unix" ParentGuid="00000000-0000-0000-0000-000000000000" />
<TargetApplication AppName="MyWindowsApp" Guid="12f3bb0a-8f3b-4b25-bb74-b5e2bc475adb" LastExecutingAgentName="Windows" ParentGuid="00000000-0000-0000-0000-000000000000" />
</TargetApplications>

<Variables>
<VariableString Guid="285cb562-9661-442b-a067-4b19729d8e88" InitialStringValue="MDU" MappedOutputType="None" Name="SelectPropertyType" ParentGuid="00000000-0000-0000-0000-000000000000" SetAsOutputValue="False" />
<VariableString Guid="15e2edb7-ed4d-4c06-84d6-df37e36ba34a" InitialStringValue="Individual" MappedOutputType="None" Name="SelectTenantType" ParentGuid="00000000-0000-0000-0000-000000000000" SetAsOutputValue="False" />
<VariableString Guid="a7cd138a-bce9-43b3-b66d-db3f05fad724" InitialStringValue="21010710997" MappedOutputType="None" Name="CreatedSiteID" ParentGuid="00000000-0000-0000-0000-000000000000" SetAsInputValue="False" />
</Variables>
</BusinessFlow></GingerRepositoryItem>