﻿<?xml version="1.0" encoding="utf-8"?>
<GingerRepositoryItem><Header ItemGuid="d86b9b77-4638-4b49-9ffa-9a9d82fa5931" ItemType="BusinessFlow" CreatedBy="christian.poblete" Created="202101201456" GingerVersion="3.6.0.0" Version="10" LastUpdateBy="christian.poblete" LastUpdate="202101201957" />
<BusinessFlow Guid="d86b9b77-4638-4b49-9ffa-9a9d82fa5931" Name="Select Site" ParentGuid="00000000-0000-0000-0000-000000000000" Source="Ginger" Status="Unknown">
<Activities>
<Activity ActionRunOption="StopActionsRunOnFailure" Active="True" ActivitiesGroupID="Select Site" ActivityName="Select site" AutomationStatus="Development" ErrorHandlerMappingType="AllAvailableHandlers" Guid="26c7a60a-340d-4575-8709-784d3e28a0f7" ParentGuid="00000000-0000-0000-0000-000000000000" PercentAutomated="100%" TargetApplication="MyJavaApp">
<Acts>
<ActUIElement Active="True" Description="IsVisible : Select site link" EnableRetryMechanism="True" Guid="53379070-412d-4179-b611-5649547a0460" MaxNumberOfRetries="2" ParentGuid="00000000-0000-0000-0000-000000000000" Platform="Java" RetryMechanismInterval="2" StatusConverter="IgnoreFail" TakeScreenShot="True" WaitVE="0" WindowsToCapture="OnlyActiveWindow">
<FlowControls>
<FlowControl Active="True" BusinessFlowControlAction="GoToBusinessFlow" FlowControlAction="GoToNextActivity" Guid="376095ed-18f3-46d4-b7bf-789a9ccdfc3e" Operator="ActionFailed" ParentGuid="00000000-0000-0000-0000-000000000000" />
</FlowControls>

<InputValues>
<ActInputValue Guid="b83f2704-2b82-4bdd-8145-17fe8e5b00f4" Param="ElementAction" ParentGuid="00000000-0000-0000-0000-000000000000" Value="IsVisible" />
<ActInputValue Guid="14dfa464-4c6c-4e27-9b47-124d2bb9a492" Param="ElementType" ParentGuid="00000000-0000-0000-0000-000000000000" Value="Button" />
<ActInputValue Guid="3edebe28-fa64-4ba2-a19c-0cd089eb3458" Param="Value" ParentGuid="00000000-0000-0000-0000-000000000000" />
<ActInputValue Guid="06d83a5c-3090-4da9-8fb5-cda98f60caca" Param="ElementLocateBy" ParentGuid="00000000-0000-0000-0000-000000000000" Value="ByXPath" />
<ActInputValue Guid="10f470f1-d91b-4ebd-901b-24edaab73d33" Param="ElementLocateValue" ParentGuid="00000000-0000-0000-0000-000000000000" Value="/javax.swing.JRootPane[0]/null.layeredPane/null.contentPane/com.amdocs.uif.workspace.ToolBarPane[0]/CIM Find Caller/com.amdocs.uif.workspace.MDIWorkspace$23[0]/null.layeredPane/root/Panel2_back/Subformpanel_2/root/ctxPnlCardPane/ctxPnlSubPanel_2/ctxPnlSubPanel_2/root/crdPnlSiteView/pnlSiteNumber/pnlSiteNumber/[[Name:hypSelectSite][ClassName:com.amdocs.uif.widgets.JXHyperlink]]" />
<ActInputValue Guid="bf23101c-e68b-49c6-97bc-95127434dfd3" Param="IsWidgetsElement" ParentGuid="00000000-0000-0000-0000-000000000000" Value="false" />
<ActInputValue Guid="e01f53f0-64e6-40a0-a83f-e86471aafa1b" Param="WaitforIdle" ParentGuid="00000000-0000-0000-0000-000000000000" Value="None" />
<ActInputValue Guid="e1971eeb-302a-4275-80a7-09980494ab34" Param="TargetLocateBy" ParentGuid="00000000-0000-0000-0000-000000000000" Value="NA" />
<ActInputValue Guid="db525308-d775-42da-85fc-a3fdc3e51d14" Param="TargetElementType" ParentGuid="00000000-0000-0000-0000-000000000000" Value="Unknown" />
<ActInputValue Guid="9c03690c-16c7-4ab0-8338-ad7e70265472" Param="HandleElementType" ParentGuid="00000000-0000-0000-0000-000000000000" Value="Unknown" />
<ActInputValue Guid="cd8e0902-7eae-44ef-b06e-a7b95f60dc94" Param="HandleActionType" ParentGuid="00000000-0000-0000-0000-000000000000" Value="Unknown" />
</InputValues>

<ReturnValues>
<ActReturnValue Active="True" Guid="3fc62218-3e84-40f9-9c71-698ce9d4d100" mExpected="true" Operator="Equals" Param="Actual0" ParentGuid="00000000-0000-0000-0000-000000000000" StoreTo="None" />
</ReturnValues>
</ActUIElement>
<ActUIElement Active="True" Description="Click : SelectSite" Guid="67de5181-0204-4ad1-8cc8-bb278a8d54c1" MaxNumberOfRetries="2" ParentGuid="00000000-0000-0000-0000-000000000000" Platform="Java" RetryMechanismInterval="5" StatusConverter="None" TakeScreenShot="True" WaitVE="0" WindowsToCapture="OnlyActiveWindow">
<InputValues>
<ActInputValue Guid="62728252-e831-4488-bad4-4a878dccb37b" Param="ElementAction" ParentGuid="00000000-0000-0000-0000-000000000000" Value="Click" />
<ActInputValue Guid="5f0e0d33-3c48-4239-86e2-f95600ae9c0b" Param="ElementType" ParentGuid="00000000-0000-0000-0000-000000000000" Value="Button" />
<ActInputValue Guid="e38f4926-f42b-4ecd-8ef9-0ebc5d7c680f" Param="Value" ParentGuid="00000000-0000-0000-0000-000000000000" />
<ActInputValue Guid="4e889822-56e3-4620-89d4-90303869c28a" Param="ElementLocateBy" ParentGuid="00000000-0000-0000-0000-000000000000" Value="ByXPath" />
<ActInputValue Guid="aa330ecb-9804-4526-b97f-cce9b614f872" Param="ElementLocateValue" ParentGuid="00000000-0000-0000-0000-000000000000" Value="/javax.swing.JRootPane[0]/null.layeredPane/null.contentPane/com.amdocs.uif.workspace.ToolBarPane[0]/CIM Find Caller/com.amdocs.uif.workspace.MDIWorkspace$23[0]/null.layeredPane/root/Panel2_back/Subformpanel_2/root/ctxPnlCardPane/ctxPnlSubPanel_2/ctxPnlSubPanel_2/root/crdPnlSiteView/pnlSiteNumber/pnlSiteNumber/[[Name:hypSelectSite][ClassName:com.amdocs.uif.widgets.JXHyperlink]]" />
<ActInputValue Guid="6429a4de-8ab4-4669-8231-6e243c522217" Param="ValueToSelect" ParentGuid="00000000-0000-0000-0000-000000000000" />
<ActInputValue Guid="8be96f44-2fe9-413a-a6eb-56c5828c3c69" Param="IsWidgetsElement" ParentGuid="00000000-0000-0000-0000-000000000000" Value="false" />
<ActInputValue Guid="6c548e1b-070b-4ed8-ba22-8a8966b2a9f8" Param="WaitforIdle" ParentGuid="00000000-0000-0000-0000-000000000000" Value="Medium" />
<ActInputValue Guid="41b1c0fd-2d6a-4ef7-a8c2-b2502cd0e66e" Param="TargetLocateBy" ParentGuid="00000000-0000-0000-0000-000000000000" Value="NA" />
<ActInputValue Guid="ca8649a1-66ba-48e0-ae1f-59e714b256d3" Param="TargetElementType" ParentGuid="00000000-0000-0000-0000-000000000000" Value="Unknown" />
<ActInputValue Guid="1538a9bd-2ce8-4615-8f20-a349191864a9" Param="HandleElementType" ParentGuid="00000000-0000-0000-0000-000000000000" Value="Unknown" />
<ActInputValue Guid="1820d33b-8853-425f-a628-1119f06e8949" Param="HandleActionType" ParentGuid="00000000-0000-0000-0000-000000000000" Value="Unknown" />
</InputValues>
</ActUIElement>
<ActUIElement Active="True" Description="switch window search site" Guid="3a6e5000-5e0e-4081-b815-9480839f2274" MaxNumberOfRetries="2" ParentGuid="00000000-0000-0000-0000-000000000000" Platform="Java" RetryMechanismInterval="5" StatusConverter="None" TakeScreenShot="True" WaitVE="0" WindowsToCapture="OnlyActiveWindow">
<InputValues>
<ActInputValue Guid="3b665839-165f-4b96-a5e3-bb13d17dc837" Param="LocateBy" ParentGuid="00000000-0000-0000-0000-000000000000" Value="NA" />
<ActInputValue Guid="7fb60dab-a2e4-429f-83bf-53a1c03aa6f1" Param="LocateValue" ParentGuid="00000000-0000-0000-0000-000000000000" />
<ActInputValue Guid="cae5dceb-524f-49ff-ba0f-61553fb50608" Param="Value" ParentGuid="00000000-0000-0000-0000-000000000000" />
<ActInputValue Guid="78a7388c-2447-4c98-a7ed-559bba5c4482" Param="ElementType" ParentGuid="00000000-0000-0000-0000-000000000000" Value="Window" />
<ActInputValue Guid="2d96c504-d653-41f3-af3f-319eaf9b2ab8" Param="ElementAction" ParentGuid="00000000-0000-0000-0000-000000000000" Value="Switch" />
<ActInputValue Guid="e4d7f4da-2ab2-48b2-bdb3-cf4fc72275c2" Param="ElementLocateBy" ParentGuid="00000000-0000-0000-0000-000000000000" Value="ByTitle" />
<ActInputValue Guid="bf3e8ce5-800a-4f95-a423-9df3acf6919f" Param="ElementLocateValue" ParentGuid="00000000-0000-0000-0000-000000000000" Value="Search site" />
<ActInputValue Guid="64eed5d7-3049-42e2-a4cb-24fc957d4cfe" Param="SyncTime" ParentGuid="00000000-0000-0000-0000-000000000000" Value="30" />
<ActInputValue Guid="945bc35e-42c6-4151-a11b-cd9beccb041f" Param="IsWidgetsElement" ParentGuid="00000000-0000-0000-0000-000000000000" Value="false" />
<ActInputValue Guid="0c6dff56-ae90-49d0-b1bf-5633a762823e" Param="WaitforIdle" ParentGuid="00000000-0000-0000-0000-000000000000" Value="None" />
<ActInputValue Guid="9a0074ca-1b9e-4dc7-8d07-cbc376504cea" Param="TargetLocateBy" ParentGuid="00000000-0000-0000-0000-000000000000" Value="NA" />
<ActInputValue Guid="ee265ebd-8c49-494e-ac19-ca6828711463" Param="TargetElementType" ParentGuid="00000000-0000-0000-0000-000000000000" Value="Unknown" />
<ActInputValue Guid="f21a7c72-5f3c-40b3-96ba-f28a32d4688c" Param="HandleElementType" ParentGuid="00000000-0000-0000-0000-000000000000" Value="Unknown" />
<ActInputValue Guid="65a63453-6ff6-4013-b7c5-d028fc7d8226" Param="HandleActionType" ParentGuid="00000000-0000-0000-0000-000000000000" Value="Unknown" />
</InputValues>
</ActUIElement>
<ActUIElement Active="True" Description="SetText : Site ID" Guid="7504c367-f3e8-42d9-940c-723d8161c710" MaxNumberOfRetries="2" ParentGuid="00000000-0000-0000-0000-000000000000" Platform="Java" RetryMechanismInterval="5" StatusConverter="None" TakeScreenShot="True" WaitVE="0" WindowsToCapture="OnlyActiveWindow">
<InputValues>
<ActInputValue Guid="e50ecb78-bee9-4f14-90da-00f419110f14" Param="ElementAction" ParentGuid="00000000-0000-0000-0000-000000000000" Value="SetText" />
<ActInputValue Guid="8aba3e95-3846-4fcc-bb2a-8c20d1a9879b" Param="ElementType" ParentGuid="00000000-0000-0000-0000-000000000000" Value="TextBox" />
<ActInputValue Guid="b1014daf-887a-4bab-bc58-4c51c4443793" Param="Value" ParentGuid="00000000-0000-0000-0000-000000000000" Value="2002248437" />
<ActInputValue Guid="c7b9176a-3168-4ade-bebb-5c1eb0bcef5b" Param="ElementLocateBy" ParentGuid="00000000-0000-0000-0000-000000000000" Value="ByXPath" />
<ActInputValue Guid="a694846e-5e84-4a52-9e76-9194bf3f87c6" Param="ElementLocateValue" ParentGuid="00000000-0000-0000-0000-000000000000" Value="/javax.swing.JRootPane[0]/null.layeredPane/root/javax.swing.JViewport[0]/root/XSiteListSerachGrid/javax.swing.JPanel[0]/com.amdocs.uif.widgets.SearchGridNative$6[0]/javax.swing.JViewport[1]/com.amdocs.uif.widgets.search.SearchJTableHeader[0]/com.amdocs.uif.widgets.PanelNative$JXPanel[0]/com.amdocs.uif.widgets.PanelNative$JXPanel[0]/[[Name:adhocValue_Site Id][ClassName:com.amdocs.uif.widgets.TextFieldNative$1]]" />
<ActInputValue Guid="fe4390d0-8b95-4338-b862-ad441ea38f7b" Param="IsWidgetsElement" ParentGuid="00000000-0000-0000-0000-000000000000" Value="false" />
<ActInputValue Guid="921e1529-9e57-40b2-b0f1-a200bdbf96ad" Param="WaitforIdle" ParentGuid="00000000-0000-0000-0000-000000000000" Value="None" />
<ActInputValue Guid="90d8ef3b-cde0-4f1f-bfe9-beebbe8490b3" Param="TargetLocateBy" ParentGuid="00000000-0000-0000-0000-000000000000" Value="NA" />
<ActInputValue Guid="9ad0fec6-d411-419b-b249-008f3011330d" Param="TargetElementType" ParentGuid="00000000-0000-0000-0000-000000000000" Value="Unknown" />
<ActInputValue Guid="118fa4bb-a1e9-4358-bee0-77fb26a22b3c" Param="HandleElementType" ParentGuid="00000000-0000-0000-0000-000000000000" Value="Unknown" />
<ActInputValue Guid="2d6742aa-8be2-4139-9256-f3681a9bbea3" Param="HandleActionType" ParentGuid="00000000-0000-0000-0000-000000000000" Value="Unknown" />
</InputValues>
</ActUIElement>
<ActUIElement Active="True" Description="Click : btnSearchNow" Guid="53697a0d-95aa-4da3-8b8d-1b8edfcc6d4c" MaxNumberOfRetries="2" ParentGuid="00000000-0000-0000-0000-000000000000" Platform="NA" RetryMechanismInterval="5" StatusConverter="None" TakeScreenShot="True" WaitVE="0" WindowsToCapture="OnlyActiveWindow">
<InputValues>
<ActInputValue Guid="e2b6ffb2-5131-46a5-aa6b-e97a18bbec1f" Param="ElementAction" ParentGuid="00000000-0000-0000-0000-000000000000" Value="Click" />
<ActInputValue Guid="851f39f2-dc28-47c9-b3e6-b69f66121efc" Param="ElementType" ParentGuid="00000000-0000-0000-0000-000000000000" Value="Button" />
<ActInputValue Guid="8b20d801-ebe2-469e-b068-543ab794c25b" Param="Value" ParentGuid="00000000-0000-0000-0000-000000000000" />
<ActInputValue Guid="e525873b-d5db-4002-8150-f4f8d90a2672" Param="ElementLocateBy" ParentGuid="00000000-0000-0000-0000-000000000000" Value="ByXPath" />
<ActInputValue Guid="ac1bd2cc-1e72-415d-b627-abc98083585f" Param="ElementLocateValue" ParentGuid="00000000-0000-0000-0000-000000000000" Value="/javax.swing.JRootPane[0]/null.layeredPane/root/javax.swing.JViewport[0]/root/XSiteListSerachGrid/com.amdocs.uif.widgets.PanelNative$JXPanel[0]/com.amdocs.uif.widgets.PanelNative$JXPanel[0]/[[Name:btnSearchNow][ClassName:com.amdocs.uif.widgets.ButtonNative$JXButton]]" />
<ActInputValue Guid="676b1e29-07e6-444c-ac16-6eef9c9027a0" Param="ValueToSelect" ParentGuid="00000000-0000-0000-0000-000000000000" />
<ActInputValue Guid="cb005d03-a5c7-4241-a8cd-8dc78af693b1" Param="TargetLocateBy" ParentGuid="00000000-0000-0000-0000-000000000000" Value="NA" />
<ActInputValue Guid="fc1cbe68-d8d7-4e8b-8634-dbdccd0e65f6" Param="TargetElementType" ParentGuid="00000000-0000-0000-0000-000000000000" Value="Unknown" />
<ActInputValue Guid="7ebde371-5a18-4893-af28-401005998b39" Param="HandleElementType" ParentGuid="00000000-0000-0000-0000-000000000000" Value="Unknown" />
<ActInputValue Guid="434c1166-5f44-4ed0-9081-1f8b9c0ae49f" Param="HandleActionType" ParentGuid="00000000-0000-0000-0000-000000000000" Value="Unknown" />
</InputValues>
</ActUIElement>
<ActUIElement Active="True" Description="Set Table Mark radio button for site" EnableRetryMechanism="True" Guid="245badb0-b4d2-4360-8123-c15bb4df15b4" MaxNumberOfRetries="4" ParentGuid="00000000-0000-0000-0000-000000000000" Platform="Java" RetryMechanismInterval="2" StatusConverter="None" TakeScreenShot="True" WaitVE="1" WindowsToCapture="OnlyActiveWindow">
<FlowControls>
<FlowControl Active="True" BusinessFlowControlAction="GoToBusinessFlow" FlowControlAction="StopRun" Guid="80aaec98-00e3-4fb5-8816-190199755f34" Operator="ActionFailed" ParentGuid="00000000-0000-0000-0000-000000000000" />
</FlowControls>

<InputValues>
<ActInputValue Guid="3635d3d3-e6ec-4f51-8753-f1dc209d6c03" Param="ElementLocateBy" ParentGuid="00000000-0000-0000-0000-000000000000" Value="ByXPath" />
<ActInputValue Guid="c2406b4f-f43a-437d-84f8-4e37e822f77a" Param="ElementLocateValue" ParentGuid="00000000-0000-0000-0000-000000000000" Value="/javax.swing.JRootPane[0]/null.layeredPane/root/javax.swing.JViewport[0]/root/XSiteListSerachGrid/javax.swing.JPanel[0]/com.amdocs.uif.widgets.SearchGridNative$6[0]/javax.swing.JViewport[0]/[[Name:XSiteListSerachGrid][ClassName:com.amdocs.uif.widgets.search.SearchJTable]]" />
<ActInputValue Guid="17370501-a2a0-4bb6-a87e-32076f547219" Param="Value" ParentGuid="00000000-0000-0000-0000-000000000000" Value="null" />
<ActInputValue Guid="a5e9fcb1-9fd4-4004-8ff0-174bec7d4904" Param="ElementType" ParentGuid="00000000-0000-0000-0000-000000000000" Value="Table" />
<ActInputValue Guid="8c6cc380-b1ba-4ac6-9f76-f5a370ef618e" Param="ElementAction" ParentGuid="00000000-0000-0000-0000-000000000000" Value="TableCellAction" />
<ActInputValue Guid="d3cce545-7fcb-4004-bb8b-aaa0b1361b29" Param="WhereColumnValue" ParentGuid="00000000-0000-0000-0000-000000000000" Value="0" />
<ActInputValue Guid="2f652c90-88e9-4922-8c94-3bf15325db15" Param="LocateRowType" ParentGuid="00000000-0000-0000-0000-000000000000" Value="Row Number" />
<ActInputValue Guid="17e182d6-da7d-4c1e-a70d-047c31c9a39c" Param="ColSelectorValue" ParentGuid="00000000-0000-0000-0000-000000000000" Value="ColNum" />
<ActInputValue Guid="891e224e-2b7c-4014-8162-0546f7b20f69" Param="LocateColTitle" ParentGuid="00000000-0000-0000-0000-000000000000" Value="0" />
<ActInputValue Guid="e4087fac-9995-41cf-a593-bf94770146fb" Param="ControlAction" ParentGuid="00000000-0000-0000-0000-000000000000" Value="SetFocus" />
<ActInputValue Guid="99e1d980-a51b-4b1c-ac23-3416f0904462" Param="IsWidgetsElement" ParentGuid="00000000-0000-0000-0000-000000000000" Value="false" />
<ActInputValue Guid="bfbfcce3-422e-49e7-b8a7-3ba78c72f060" Param="WaitforIdle" ParentGuid="00000000-0000-0000-0000-000000000000" />
<ActInputValue Guid="2f265f61-1ab0-4ad6-b3c2-81042ca20545" Param="WhereColSelector" ParentGuid="00000000-0000-0000-0000-000000000000" />
<ActInputValue Guid="200e1819-b500-4574-8c7b-b8071d4dc0df" Param="WhereColumnTitle" ParentGuid="00000000-0000-0000-0000-000000000000" />
<ActInputValue Guid="382f66a7-d7c5-458e-8ee0-da1472cb45d8" Param="WhereProperty" ParentGuid="00000000-0000-0000-0000-000000000000" />
<ActInputValue Guid="2cfca587-daec-4a08-b39a-4156b0c8b873" Param="WhereOperator" ParentGuid="00000000-0000-0000-0000-000000000000" />
<ActInputValue Guid="256960aa-4166-405d-9a85-63d626f14040" Param="LocateRowValue" ParentGuid="00000000-0000-0000-0000-000000000000" Value="0" />
<ActInputValue Guid="50dc610c-f7aa-4605-94dc-02289c64191c" Param="TargetLocateBy" ParentGuid="00000000-0000-0000-0000-000000000000" Value="NA" />
<ActInputValue Guid="8220ff6f-24d3-437e-9530-8667f54e17b5" Param="TargetElementType" ParentGuid="00000000-0000-0000-0000-000000000000" Value="Unknown" />
<ActInputValue Guid="343ea147-36c9-46b9-b6ad-eaed43298f11" Param="HandleElementType" ParentGuid="00000000-0000-0000-0000-000000000000" Value="Unknown" />
<ActInputValue Guid="e73dd554-5565-423d-a3b9-070b9d3ec9d2" Param="HandleActionType" ParentGuid="00000000-0000-0000-0000-000000000000" Value="Unknown" />
</InputValues>
</ActUIElement>
<ActUIElement Active="True" Description="Click : Select" Guid="05845b34-dfb0-4a73-9300-f78f8fba7298" MaxNumberOfRetries="2" ParentGuid="00000000-0000-0000-0000-000000000000" Platform="NA" RetryMechanismInterval="5" StatusConverter="None" TakeScreenShot="True" WaitVE="0" WindowsToCapture="OnlyActiveWindow">
<InputValues>
<ActInputValue Guid="5c35a5f7-8c58-4cfe-93ef-211d414b6d57" Param="ElementAction" ParentGuid="00000000-0000-0000-0000-000000000000" Value="Click" />
<ActInputValue Guid="8fec5a3f-3f82-45e0-8739-4ef29885edb7" Param="ElementType" ParentGuid="00000000-0000-0000-0000-000000000000" Value="Button" />
<ActInputValue Guid="6d88dee1-1e5e-4467-ae79-ebf69342d046" Param="Value" ParentGuid="00000000-0000-0000-0000-000000000000" />
<ActInputValue Guid="7f2e960c-1dcd-4c39-b687-d79c636a09d4" Param="ElementLocateBy" ParentGuid="00000000-0000-0000-0000-000000000000" Value="ByXPath" />
<ActInputValue Guid="eed27630-eef9-483c-be49-e365c75ff9d1" Param="ElementLocateValue" ParentGuid="00000000-0000-0000-0000-000000000000" Value="/javax.swing.JRootPane[0]/null.layeredPane/root/javax.swing.JViewport[0]/root/XSiteListSerachGridFooter/[[Name:ButtonNoDefaultText_10][ClassName:com.amdocs.uif.widgets.ButtonNative$JXButton]]" />
<ActInputValue Guid="5d48adea-0883-40f4-a16a-03114cbe38d8" Param="ValueToSelect" ParentGuid="00000000-0000-0000-0000-000000000000" />
<ActInputValue Guid="d4760e9f-746d-47ee-9a0c-c1c667ea9a54" Param="TargetLocateBy" ParentGuid="00000000-0000-0000-0000-000000000000" Value="NA" />
<ActInputValue Guid="78911da8-513f-46b9-ae03-de309295bbfa" Param="TargetElementType" ParentGuid="00000000-0000-0000-0000-000000000000" Value="Unknown" />
<ActInputValue Guid="094365a0-c483-4b43-869c-b852832e027c" Param="HandleElementType" ParentGuid="00000000-0000-0000-0000-000000000000" Value="Unknown" />
<ActInputValue Guid="8934988c-f3f3-4aeb-876b-6fe97eab5518" Param="HandleActionType" ParentGuid="00000000-0000-0000-0000-000000000000" Value="Unknown" />
</InputValues>
</ActUIElement>
<ActUIElement Active="True" Description="switch window Amdocs customer " Guid="f5ea5aca-f725-46ea-b11e-996e22256609" MaxNumberOfRetries="2" ParentGuid="00000000-0000-0000-0000-000000000000" Platform="Java" RetryMechanismInterval="5" StatusConverter="None" TakeScreenShot="True" WaitVE="0" WindowsToCapture="OnlyActiveWindow">
<InputValues>
<ActInputValue Guid="3b665839-165f-4b96-a5e3-bb13d17dc837" Param="LocateBy" ParentGuid="00000000-0000-0000-0000-000000000000" Value="NA" />
<ActInputValue Guid="7fb60dab-a2e4-429f-83bf-53a1c03aa6f1" Param="LocateValue" ParentGuid="00000000-0000-0000-0000-000000000000" />
<ActInputValue Guid="cae5dceb-524f-49ff-ba0f-61553fb50608" Param="Value" ParentGuid="00000000-0000-0000-0000-000000000000" />
<ActInputValue Guid="78a7388c-2447-4c98-a7ed-559bba5c4482" Param="ElementType" ParentGuid="00000000-0000-0000-0000-000000000000" Value="Window" />
<ActInputValue Guid="2d96c504-d653-41f3-af3f-319eaf9b2ab8" Param="ElementAction" ParentGuid="00000000-0000-0000-0000-000000000000" Value="Switch" />
<ActInputValue Guid="e4d7f4da-2ab2-48b2-bdb3-cf4fc72275c2" Param="ElementLocateBy" ParentGuid="00000000-0000-0000-0000-000000000000" Value="ByTitle" />
<ActInputValue Guid="bf3e8ce5-800a-4f95-a423-9df3acf6919f" Param="ElementLocateValue" ParentGuid="00000000-0000-0000-0000-000000000000" Value="Amdocs Customer" />
<ActInputValue Guid="64eed5d7-3049-42e2-a4cb-24fc957d4cfe" Param="SyncTime" ParentGuid="00000000-0000-0000-0000-000000000000" Value="30" />
<ActInputValue Guid="945bc35e-42c6-4151-a11b-cd9beccb041f" Param="IsWidgetsElement" ParentGuid="00000000-0000-0000-0000-000000000000" Value="false" />
<ActInputValue Guid="0c6dff56-ae90-49d0-b1bf-5633a762823e" Param="WaitforIdle" ParentGuid="00000000-0000-0000-0000-000000000000" Value="None" />
<ActInputValue Guid="dbec5318-8d6c-47d6-80ed-67999418851c" Param="TargetLocateBy" ParentGuid="00000000-0000-0000-0000-000000000000" Value="NA" />
<ActInputValue Guid="b49d6154-ffa9-420b-b2e3-1557e1b8e7f4" Param="TargetElementType" ParentGuid="00000000-0000-0000-0000-000000000000" Value="Unknown" />
<ActInputValue Guid="1012600e-3a69-431b-a47d-c26e2b988e55" Param="HandleElementType" ParentGuid="00000000-0000-0000-0000-000000000000" Value="Unknown" />
<ActInputValue Guid="0e430370-4b34-4029-8705-9eb0ea813c3d" Param="HandleActionType" ParentGuid="00000000-0000-0000-0000-000000000000" Value="Unknown" />
</InputValues>
</ActUIElement>
</Acts>
</Activity>
</Activities>

<ActivitiesGroups>
<ActivitiesGroup Guid="6a36d1b3-9758-420b-a39b-426b0fe4f1e4" Name="Select Site" ParentGuid="00000000-0000-0000-0000-000000000000">
<ActivitiesIdentifiers>
<ActivityIdentifiers ActivityAutomationStatus="Development" ActivityGuid="26c7a60a-340d-4575-8709-784d3e28a0f7" ActivityName="Select site" Guid="3ebaec82-e43e-422a-98f5-3801a7de2fec" ParentGuid="00000000-0000-0000-0000-000000000000" />
</ActivitiesIdentifiers>
</ActivitiesGroup>
</ActivitiesGroups>

<TargetApplications>
<TargetApplication AppName="MyJavaApp" Guid="6bfc4713-6ea5-405e-99eb-0193ab457750" ParentGuid="00000000-0000-0000-0000-000000000000" />
<TargetApplication AppName="Mediation" Guid="dcaea7f8-ad87-4cc8-8476-6e1544c3eb2b" ParentGuid="00000000-0000-0000-0000-000000000000" />
<TargetApplication AppName="MyWindowsApp" Guid="6888744c-5ff9-4877-b765-ef2e4002b8f2" ParentGuid="00000000-0000-0000-0000-000000000000" />
<TargetApplication AppName="MyWebApp" Guid="de791d5f-a662-40ac-bf9c-ab5df1cc7a4b" ParentGuid="00000000-0000-0000-0000-000000000000" />
</TargetApplications>
</BusinessFlow></GingerRepositoryItem>