﻿<?xml version="1.0" encoding="utf-8"?>
<GingerRepositoryItem><Header ItemGuid="24666bbd-a3ea-41f2-b354-9a4bc5d6b94e" ItemType="BusinessFlow" CreatedBy="christian.poblete" Created="202102112016" GingerVersion="3.6.0.0" Version="15" LastUpdateBy="christian.poblete" LastUpdate="202102121918" />
<BusinessFlow Guid="24666bbd-a3ea-41f2-b354-9a4bc5d6b94e" Name="CHQ - Change Ownership - Start Change Ownership order" ParentGuid="00000000-0000-0000-0000-000000000000" Source="Ginger" Status="Unknown">
<Activities>
<Activity ActionRunOption="StopActionsRunOnFailure" Active="True" ActivitiesGroupID="CHQ - Change Ownership - Start Change Ownership order" ActivityName="CHQ - Change Ownership - Select Menu change ownership" AutomationStatus="Automated" ErrorHandlerMappingType="AllAvailableHandlers" Guid="613b77d3-c347-4b03-a90a-d816467cc554" ParentGuid="00000000-0000-0000-0000-000000000000" PercentAutomated="100%" TargetApplication="MyJavaApp">
<Acts>
<ActUIElement Active="True" Description="Click : menuAction" Guid="0b074132-c204-44ab-b071-b9d58f031d87" MaxNumberOfRetries="2" ParentGuid="00000000-0000-0000-0000-000000000000" Platform="Java" RetryMechanismInterval="5" StatusConverter="None" TakeScreenShot="True" WaitVE="0" WindowsToCapture="OnlyActiveWindow">
<InputValues>
<ActInputValue Guid="4c725e5f-20ca-42d9-b385-2ae7801fe174" Param="ElementAction" ParentGuid="00000000-0000-0000-0000-000000000000" Value="Click" />
<ActInputValue Guid="d2558362-dff3-4052-91f1-a24e0f4f8117" Param="ElementType" ParentGuid="00000000-0000-0000-0000-000000000000" Value="MenuItem" />
<ActInputValue Guid="71ff16fc-2ec2-4074-afed-406f27075c28" Param="Value" ParentGuid="00000000-0000-0000-0000-000000000000" />
<ActInputValue Guid="53b0da14-1046-4e60-9812-322981b7238a" Param="ElementLocateBy" ParentGuid="00000000-0000-0000-0000-000000000000" Value="ByName" />
<ActInputValue Guid="50870562-0a43-42f7-a79a-0295dd2b1459" Param="ElementLocateValue" ParentGuid="00000000-0000-0000-0000-000000000000" Value="menuAction" />
<ActInputValue Guid="f61914c8-8239-451b-8b5d-6763851b6bbc" Param="ValueToSelect" ParentGuid="00000000-0000-0000-0000-000000000000" />
<ActInputValue Guid="cd64fff1-b4e0-4fc2-95f5-63303c1ef653" Param="TargetLocateBy" ParentGuid="00000000-0000-0000-0000-000000000000" Value="NA" />
<ActInputValue Guid="7fb6367f-eab7-4779-8e48-f05267b3411f" Param="TargetElementType" ParentGuid="00000000-0000-0000-0000-000000000000" Value="Unknown" />
<ActInputValue Guid="e14549e2-dec6-4368-a858-9d8780733784" Param="HandleElementType" ParentGuid="00000000-0000-0000-0000-000000000000" Value="Unknown" />
<ActInputValue Guid="f86c813e-0a19-45af-9447-0fb723622f0f" Param="HandleActionType" ParentGuid="00000000-0000-0000-0000-000000000000" Value="Unknown" />
<ActInputValue Guid="872a1adb-0de7-4d07-89cb-d1f72b1fc658" Param="IsWidgetsElement" ParentGuid="00000000-0000-0000-0000-000000000000" Value="false" />
<ActInputValue Guid="2e05fa9c-a813-4a35-b083-956e94d75ce7" Param="WaitforIdle" ParentGuid="00000000-0000-0000-0000-000000000000" Value="Medium" />
</InputValues>
</ActUIElement>
<ActUIElement Active="True" Description="Click : menuActionsOrdering" Guid="409cdb39-311f-4301-ad71-b5da18c80f58" MaxNumberOfRetries="2" ParentGuid="00000000-0000-0000-0000-000000000000" Platform="Java" RetryMechanismInterval="5" StatusConverter="None" TakeScreenShot="True" WaitVE="0" WindowsToCapture="OnlyActiveWindow">
<InputValues>
<ActInputValue Guid="2c470fc7-8899-4ead-91ca-55caf2c6feba" Param="ElementAction" ParentGuid="00000000-0000-0000-0000-000000000000" Value="Click" />
<ActInputValue Guid="ff8d5dab-bd96-45b2-9d5c-701e22148631" Param="ElementType" ParentGuid="00000000-0000-0000-0000-000000000000" Value="MenuItem" />
<ActInputValue Guid="dbd0d7eb-a7ee-421b-8353-2cf1d8b84ee4" Param="Value" ParentGuid="00000000-0000-0000-0000-000000000000" />
<ActInputValue Guid="066fb4bf-27c5-4e9c-9b49-672493b74999" Param="ElementLocateBy" ParentGuid="00000000-0000-0000-0000-000000000000" Value="ByName" />
<ActInputValue Guid="206ed061-56df-4461-a5b1-79f75da698df" Param="ElementLocateValue" ParentGuid="00000000-0000-0000-0000-000000000000" Value="menuActionsOrdering" />
<ActInputValue Guid="f6761aa5-d89c-422f-acba-156bc4f89646" Param="ValueToSelect" ParentGuid="00000000-0000-0000-0000-000000000000" />
<ActInputValue Guid="fa632b84-cbbe-40e8-b7ab-1d5df17e6256" Param="TargetLocateBy" ParentGuid="00000000-0000-0000-0000-000000000000" Value="NA" />
<ActInputValue Guid="d8439650-d5f4-4b4f-9a1e-46832a12887c" Param="TargetElementType" ParentGuid="00000000-0000-0000-0000-000000000000" Value="Unknown" />
<ActInputValue Guid="b1c3d522-cfc2-4a89-9f2d-21d5d5584a55" Param="HandleElementType" ParentGuid="00000000-0000-0000-0000-000000000000" Value="Unknown" />
<ActInputValue Guid="5fde88be-5998-46d9-b574-d2626ea10519" Param="HandleActionType" ParentGuid="00000000-0000-0000-0000-000000000000" Value="Unknown" />
<ActInputValue Guid="7ef04832-35ff-49ce-8a78-338a9d6b7e60" Param="IsWidgetsElement" ParentGuid="00000000-0000-0000-0000-000000000000" Value="false" />
<ActInputValue Guid="1500a836-d808-47b5-afdc-1371b1abfb29" Param="WaitforIdle" ParentGuid="00000000-0000-0000-0000-000000000000" Value="Medium" />
</InputValues>
</ActUIElement>
<ActUIElement Active="True" Description="Click : menuItemActionChangeOwnership" Guid="5abc24d1-611e-4491-b526-4a9ef1ed3f92" MaxNumberOfRetries="2" ParentGuid="00000000-0000-0000-0000-000000000000" Platform="Java" RetryMechanismInterval="5" StatusConverter="None" TakeScreenShot="True" WaitVE="0" WindowsToCapture="OnlyActiveWindow">
<InputValues>
<ActInputValue Guid="b2e3b251-472a-483d-9c3e-c259bf3c7704" Param="ElementAction" ParentGuid="00000000-0000-0000-0000-000000000000" Value="Click" />
<ActInputValue Guid="a0e73541-c296-4493-ba1a-81669b978109" Param="ElementType" ParentGuid="00000000-0000-0000-0000-000000000000" Value="Unknown" />
<ActInputValue Guid="aa1847f4-ca9e-49ed-8990-3da39f7622e6" Param="Value" ParentGuid="00000000-0000-0000-0000-000000000000" />
<ActInputValue Guid="5fe58020-2f38-4c0e-a3f4-bab2405b9f2c" Param="ElementLocateBy" ParentGuid="00000000-0000-0000-0000-000000000000" Value="ByName" />
<ActInputValue Guid="33cb5ac0-1463-491d-b8ab-897607aca221" Param="ElementLocateValue" ParentGuid="00000000-0000-0000-0000-000000000000" Value="menuItemActionsChangeOwnership" />
<ActInputValue Guid="c143841d-db56-4b65-b87d-fdc19e39d528" Param="ValueToSelect" ParentGuid="00000000-0000-0000-0000-000000000000" />
<ActInputValue Guid="498b6706-8338-4674-80ee-7f78850098a7" Param="TargetLocateBy" ParentGuid="00000000-0000-0000-0000-000000000000" Value="NA" />
<ActInputValue Guid="6a0a2bd6-a630-4b11-b844-69638af51d3a" Param="TargetElementType" ParentGuid="00000000-0000-0000-0000-000000000000" Value="Unknown" />
<ActInputValue Guid="13aeb5e9-a2b8-4fc0-b5d9-a0d930b083a1" Param="HandleElementType" ParentGuid="00000000-0000-0000-0000-000000000000" Value="Unknown" />
<ActInputValue Guid="d437f27d-e125-4207-adb9-adeaee132fe9" Param="HandleActionType" ParentGuid="00000000-0000-0000-0000-000000000000" Value="Unknown" />
<ActInputValue Guid="78466c2d-e223-4309-8b36-328452645d9a" Param="IsWidgetsElement" ParentGuid="00000000-0000-0000-0000-000000000000" Value="false" />
<ActInputValue Guid="118dbfc7-b68d-4627-a4ac-4586fb1369cd" Param="WaitforIdle" ParentGuid="00000000-0000-0000-0000-000000000000" Value="Medium" />
<ActInputValue Guid="696d7399-8d97-420f-87b1-3ce4d3854461" Param="XCoordinate" ParentGuid="00000000-0000-0000-0000-000000000000" />
<ActInputValue Guid="839b78f9-eb70-4175-b529-742c9e377d06" Param="YCoordinate" ParentGuid="00000000-0000-0000-0000-000000000000" />
<ActInputValue Guid="4aa8b471-e8d2-4373-8fdb-088fe03cc1da" Param="ControlAction" ParentGuid="00000000-0000-0000-0000-000000000000" />
</InputValues>
</ActUIElement>
</Acts>
</Activity>
<Activity ActionRunOption="StopActionsRunOnFailure" Active="True" ActivitiesGroupID="CHQ - Change Ownership - Start Change Ownership order" ActivityName="CHQ - Change Ownership - Identify customer" AutomationStatus="Development" ErrorHandlerMappingType="AllAvailableHandlers" Guid="8081817a-14d6-402a-a726-08530fd189da" ParentGuid="00000000-0000-0000-0000-000000000000" PercentAutomated="100%" TargetApplication="MyJavaApp">
<Acts>
<ActUIElement Active="True" Description="SetValue : account id" Guid="08b01236-4adf-4d0c-ba52-14534c2ed84f" MaxNumberOfRetries="2" ParentGuid="00000000-0000-0000-0000-000000000000" Platform="Java" RetryMechanismInterval="5" StatusConverter="None" TakeScreenShot="True" WaitVE="0" WindowsToCapture="OnlyActiveWindow">
<InputValues>
<ActInputValue Guid="90fee317-08df-4488-a9f3-c65f9050dc38" Param="ElementAction" ParentGuid="00000000-0000-0000-0000-000000000000" Value="SetValue" />
<ActInputValue Guid="7e7e51d0-81e8-4bfe-8a1c-b438d189d265" Param="ElementType" ParentGuid="00000000-0000-0000-0000-000000000000" Value="TextBox" />
<ActInputValue Guid="33032e44-ac92-4191-b3bc-bf780025a537" Param="Value" ParentGuid="00000000-0000-0000-0000-000000000000" Value="%%%%" />
<ActInputValue Guid="e0ea372f-f4ff-4c7c-93ea-554f8491fd20" Param="ElementLocateBy" ParentGuid="00000000-0000-0000-0000-000000000000" Value="ByName" />
<ActInputValue Guid="5cc814c4-42f5-46c1-ae62-401e2d581b12" Param="ElementLocateValue" ParentGuid="00000000-0000-0000-0000-000000000000" Value="adhocValue_col_org_idColumn" />
<ActInputValue Guid="1f59a028-6fe7-4311-8649-58b5ef838b28" Param="IsWidgetsElement" ParentGuid="00000000-0000-0000-0000-000000000000" Value="false" />
<ActInputValue Guid="89a2cac9-1972-43a4-a528-96e188f8bed9" Param="WaitforIdle" ParentGuid="00000000-0000-0000-0000-000000000000" Value="None" />
<ActInputValue Guid="44c771ff-1e8b-4577-9a70-70f900b7115a" Param="TargetLocateBy" ParentGuid="00000000-0000-0000-0000-000000000000" Value="NA" />
<ActInputValue Guid="4712402b-93e1-48e0-9aea-8fb01840e12e" Param="TargetElementType" ParentGuid="00000000-0000-0000-0000-000000000000" Value="Unknown" />
<ActInputValue Guid="df759806-0ed4-48ae-b2fd-c893cd81e424" Param="HandleElementType" ParentGuid="00000000-0000-0000-0000-000000000000" Value="Unknown" />
<ActInputValue Guid="48c44ee5-3c92-4303-b332-23fbd58addb3" Param="HandleActionType" ParentGuid="00000000-0000-0000-0000-000000000000" Value="Unknown" />
</InputValues>
</ActUIElement>
<ActUIElement Active="True" Description="Click : btnSearchNow" Guid="3f48ddb6-e78e-4d8d-b65b-188eb3ca8cc4" MaxNumberOfRetries="2" ParentGuid="00000000-0000-0000-0000-000000000000" Platform="NA" RetryMechanismInterval="5" StatusConverter="None" TakeScreenShot="True" WaitVE="0" WindowsToCapture="OnlyActiveWindow">
<InputValues>
<ActInputValue Guid="6e4e6dbb-a5b3-43ed-93c6-d926258e1e2c" Param="ElementAction" ParentGuid="00000000-0000-0000-0000-000000000000" Value="Click" />
<ActInputValue Guid="6ec2daf9-33a9-45cc-b89d-2bc01ce598cf" Param="ElementType" ParentGuid="00000000-0000-0000-0000-000000000000" Value="Button" />
<ActInputValue Guid="a2f472d9-74c6-4fd6-97d5-ec5911ca7c29" Param="Value" ParentGuid="00000000-0000-0000-0000-000000000000" />
<ActInputValue Guid="30b0aeb1-79b7-4b36-922a-6c41bd4b5af8" Param="ElementLocateBy" ParentGuid="00000000-0000-0000-0000-000000000000" Value="ByXPath" />
<ActInputValue Guid="7058e9a4-42d0-4246-8d7f-b34e0c17759f" Param="ElementLocateValue" ParentGuid="00000000-0000-0000-0000-000000000000" Value="/javax.swing.JRootPane[0]/null.layeredPane/null.contentPane/javax.swing.JSplitPane[0]/com.amdocs.uif.workspace.desktop.AppDesktopPane[0]/com.crmphd.crm.isales.account.X3IdentifyCustomerExt/javax.swing.JRootPane[0]/null.layeredPane/root/javax.swing.JViewport[0]/root/IdentifyCustomerGrid/com.amdocs.uif.widgets.PanelNative$JXPanel[0]/com.amdocs.uif.widgets.PanelNative$JXPanel[0]/[[Name:btnSearchNow][ClassName:com.amdocs.uif.widgets.ButtonNative$JXButton]]" />
<ActInputValue Guid="d9b20410-44b0-4e1b-82c9-0c19bcb2826a" Param="ValueToSelect" ParentGuid="00000000-0000-0000-0000-000000000000" />
<ActInputValue Guid="f6c1e268-49f9-4ce0-be5d-963c4f81a95d" Param="TargetLocateBy" ParentGuid="00000000-0000-0000-0000-000000000000" Value="NA" />
<ActInputValue Guid="453a5ee9-6e95-4d0b-83c0-8ae3b37c09b3" Param="TargetElementType" ParentGuid="00000000-0000-0000-0000-000000000000" Value="Unknown" />
<ActInputValue Guid="9f25bfe3-4179-4e9e-80ef-dbab40293113" Param="HandleElementType" ParentGuid="00000000-0000-0000-0000-000000000000" Value="Unknown" />
<ActInputValue Guid="26952d28-822c-4c68-896c-ca2ac2577d5b" Param="HandleActionType" ParentGuid="00000000-0000-0000-0000-000000000000" Value="Unknown" />
</InputValues>
</ActUIElement>
<ActUIElement Active="True" Description="ActivateRow : Select first row" Guid="d2a493d2-5197-4517-8c69-93e5a0a2eaf3" MaxNumberOfRetries="2" ParentGuid="00000000-0000-0000-0000-000000000000" Platform="Java" RetryMechanismInterval="5" StatusConverter="None" TakeScreenShot="True" WaitVE="0" WindowsToCapture="OnlyActiveWindow">
<InputValues>
<ActInputValue Guid="add56f91-7686-425e-a82b-78633e3c560c" Param="ElementType" ParentGuid="00000000-0000-0000-0000-000000000000" Value="Table" />
<ActInputValue Guid="c6d4a089-1e76-4026-bf3b-c86359fcb938" Param="ElementAction" ParentGuid="00000000-0000-0000-0000-000000000000" Value="TableCellAction" />
<ActInputValue Guid="1336a766-e16f-4367-b8c6-30e82b6f3151" Param="ControlAction" ParentGuid="00000000-0000-0000-0000-000000000000" Value="ActivateRow" />
<ActInputValue Guid="475d7cc1-2cb8-4e2d-82f1-d890da00a826" Param="WaitforIdle" ParentGuid="00000000-0000-0000-0000-000000000000" Value="Medium" />
<ActInputValue Guid="950ea484-5c7b-4bc9-8d98-20fc18ff6fa3" Param="LocateRowType" ParentGuid="00000000-0000-0000-0000-000000000000" Value="Row Number" />
<ActInputValue Guid="93b33f05-519f-42b9-9ed5-e40790ade179" Param="LocateRowValue" ParentGuid="00000000-0000-0000-0000-000000000000" Value="0" />
<ActInputValue Guid="f2939237-2e6b-4e90-a87b-7b3c1722cf7e" Param="ColSelectorValue" ParentGuid="00000000-0000-0000-0000-000000000000" Value="ColNum" />
<ActInputValue Guid="b98bcb77-5f83-4c9d-b69c-fad47cc344ef" Param="LocateColTitle" ParentGuid="00000000-0000-0000-0000-000000000000" Value="1" />
<ActInputValue Guid="9da735ac-5ac4-43b7-a082-d4080144ff1d" Param="Value" ParentGuid="00000000-0000-0000-0000-000000000000" />
<ActInputValue Guid="5312c2eb-fb85-40c2-95d5-86a070d9c1e8" Param="WhereColSelector" ParentGuid="00000000-0000-0000-0000-000000000000" Value="ColNum" />
<ActInputValue Guid="63c950ad-27e3-4451-ad51-0a1061b842da" Param="WhereColumnTitle" ParentGuid="00000000-0000-0000-0000-000000000000" Value="0" />
<ActInputValue Guid="c6201eac-32c4-4769-a709-c28e40791cda" Param="WhereProperty" ParentGuid="00000000-0000-0000-0000-000000000000" Value="Value" />
<ActInputValue Guid="125f16a2-a649-4f07-b33f-20cac531c672" Param="WhereOperator" ParentGuid="00000000-0000-0000-0000-000000000000" Value="Equals" />
<ActInputValue Guid="ace60a32-eedf-495d-b915-1df654d8c608" Param="ElementLocateBy" ParentGuid="00000000-0000-0000-0000-000000000000" Value="ByXPath" />
<ActInputValue Guid="51ad4e62-dec0-4f3f-8cb6-502987783c1b" Param="ElementLocateValue" ParentGuid="00000000-0000-0000-0000-000000000000" Value="/javax.swing.JRootPane[0]/null.layeredPane/null.contentPane/javax.swing.JSplitPane[0]/com.amdocs.uif.workspace.desktop.AppDesktopPane[0]/com.crmphd.crm.isales.account.X3IdentifyCustomerExt/javax.swing.JRootPane[0]/null.layeredPane/root/javax.swing.JViewport[0]/root/IdentifyCustomerGrid/javax.swing.JPanel[0]/com.amdocs.uif.widgets.SearchGridNative$6[0]/javax.swing.JViewport[0]/[[Name:IdentifyCustomerGrid][ClassName:com.amdocs.uif.widgets.search.SearchJTable]]" />
<ActInputValue Guid="6640c5a2-9631-49a3-a5e5-5c4f594b0ee2" Param="ControlActionValue" ParentGuid="00000000-0000-0000-0000-000000000000" />
<ActInputValue Guid="423248af-c94e-4214-89ce-b7245f58fa32" Param="IsWidgetsElement" ParentGuid="00000000-0000-0000-0000-000000000000" Value="false" />
<ActInputValue Guid="cdc83c45-a750-4c33-be8f-9062bb15b972" Param="WhereColumnValue" ParentGuid="00000000-0000-0000-0000-000000000000" />
<ActInputValue Guid="b4b10b8b-674e-4355-a900-cf4a16ecb974" Param="TargetLocateBy" ParentGuid="00000000-0000-0000-0000-000000000000" Value="NA" />
<ActInputValue Guid="5b7307a6-586c-4dde-8e22-db57d6f3d652" Param="TargetElementType" ParentGuid="00000000-0000-0000-0000-000000000000" Value="Unknown" />
<ActInputValue Guid="cc5dba78-a197-481a-a3c4-10a801b71a6b" Param="HandleElementType" ParentGuid="00000000-0000-0000-0000-000000000000" Value="Unknown" />
<ActInputValue Guid="544a62fc-f9dd-4553-a6c0-f24594c95e8c" Param="HandleActionType" ParentGuid="00000000-0000-0000-0000-000000000000" Value="Unknown" />
</InputValues>
</ActUIElement>
<ActUIElement Active="True" Description="Click : btn_start_order" Guid="bd4e6803-5572-432e-8abe-7db3be349897" MaxNumberOfRetries="2" ParentGuid="00000000-0000-0000-0000-000000000000" Platform="NA" RetryMechanismInterval="5" StatusConverter="None" TakeScreenShot="True" WaitVE="0" WindowsToCapture="OnlyActiveWindow">
<InputValues>
<ActInputValue Guid="9639ae73-3f48-42fa-b97f-8c8acfadc393" Param="ElementAction" ParentGuid="00000000-0000-0000-0000-000000000000" Value="Click" />
<ActInputValue Guid="7c7d0434-f981-47ff-939b-86ca2709789d" Param="ElementType" ParentGuid="00000000-0000-0000-0000-000000000000" Value="Button" />
<ActInputValue Guid="50a8b994-1db4-4b89-a1b3-5b329a36c071" Param="Value" ParentGuid="00000000-0000-0000-0000-000000000000" />
<ActInputValue Guid="c7998f80-dfc5-4e0c-ab08-55efbc66c15c" Param="ElementLocateBy" ParentGuid="00000000-0000-0000-0000-000000000000" Value="ByXPath" />
<ActInputValue Guid="612c1dab-af93-4b2c-b68f-252cf424f91b" Param="ElementLocateValue" ParentGuid="00000000-0000-0000-0000-000000000000" Value="/javax.swing.JRootPane[0]/null.layeredPane/null.contentPane/javax.swing.JSplitPane[0]/com.amdocs.uif.workspace.desktop.AppDesktopPane[0]/com.crmphd.crm.isales.account.X3IdentifyCustomerExt/javax.swing.JRootPane[0]/null.layeredPane/root/javax.swing.JViewport[0]/root/pnl_IdentifyCustomer_footer/[[Name:btn_start_order][ClassName:com.amdocs.uif.widgets.ButtonNative$JXButton]]" />
<ActInputValue Guid="d6306365-08c1-480c-83ec-4fc974d70f7c" Param="ValueToSelect" ParentGuid="00000000-0000-0000-0000-000000000000" />
<ActInputValue Guid="0b6fb820-1692-4d5b-8557-362b58062859" Param="TargetLocateBy" ParentGuid="00000000-0000-0000-0000-000000000000" Value="NA" />
<ActInputValue Guid="04eb8154-a4fe-4bd6-82fe-a6cdfa2e48f8" Param="TargetElementType" ParentGuid="00000000-0000-0000-0000-000000000000" Value="Unknown" />
<ActInputValue Guid="73a6589d-6e37-42b4-96cb-2578859f77ea" Param="HandleElementType" ParentGuid="00000000-0000-0000-0000-000000000000" Value="Unknown" />
<ActInputValue Guid="c7902bb8-bfbf-4f95-b053-1b15179235a2" Param="HandleActionType" ParentGuid="00000000-0000-0000-0000-000000000000" Value="Unknown" />
</InputValues>
</ActUIElement>
</Acts>
</Activity>
<Activity ActionRunOption="StopActionsRunOnFailure" Active="True" ActivitiesGroupID="CHQ - Change Ownership - Start Change Ownership order" ActivityName="CHQ - Change Ownership - Select service to change" AutomationStatus="Development" ErrorHandlerMappingType="AllAvailableHandlers" Guid="9930fa1a-a220-49ba-b7d7-16d779c51688" ParentGuid="00000000-0000-0000-0000-000000000000" PercentAutomated="100%" TargetApplication="MyJavaApp">
<Acts>
<ActUIElement Active="True" Description="SetValue : adhocValue_colServiceID" Guid="73318188-2727-4cce-baeb-f98ea38a92eb" MaxNumberOfRetries="2" ParentGuid="00000000-0000-0000-0000-000000000000" Platform="Java" RetryMechanismInterval="5" StatusConverter="None" TakeScreenShot="True" WaitVE="0" WindowsToCapture="OnlyActiveWindow">
<InputValues>
<ActInputValue Guid="abba595e-7e1b-420b-a067-7efe8f266a3e" Param="ElementAction" ParentGuid="00000000-0000-0000-0000-000000000000" Value="SetValue" />
<ActInputValue Guid="ea75f2c2-4749-4bff-ae6f-bb2052d2ebc9" Param="ElementType" ParentGuid="00000000-0000-0000-0000-000000000000" Value="TextBox" />
<ActInputValue Guid="05ef5f47-0c49-4134-9d21-633aec979724" Param="Value" ParentGuid="00000000-0000-0000-0000-000000000000" Value="{Var Name=Output Service ID}" />
<ActInputValue Guid="fa857d76-3a0f-4206-974e-a7e05498ad7e" Param="ElementLocateBy" ParentGuid="00000000-0000-0000-0000-000000000000" Value="ByXPath" />
<ActInputValue Guid="22caffce-cf8f-480a-bf54-3e6fd377683d" Param="ElementLocateValue" ParentGuid="00000000-0000-0000-0000-000000000000" Value="/javax.swing.JRootPane[0]/null.layeredPane/null.contentPane/javax.swing.JSplitPane[0]/com.amdocs.uif.workspace.desktop.AppDesktopPane[0]/com.amdocs.oms.phd.order.OrderingFrameworkPHD/javax.swing.JRootPane[0]/null.layeredPane/root/javax.swing.JViewport[0]/root/pnlActivityArea/root/pnlContainedForm/root/pnlHeaderAndSearch/pnlSearchAP/hsgSearchAssignedProduct/javax.swing.JPanel[0]/com.amdocs.uif.widgets.SearchGridNative$6[0]/javax.swing.JViewport[1]/com.amdocs.uif.widgets.search.SearchJTableHeader[0]/com.amdocs.uif.widgets.PanelNative$JXPanel[1]/com.amdocs.uif.widgets.PanelNative$JXPanel[0]/[[Name:adhocValue_colServiceID][ClassName:com.amdocs.uif.widgets.TextFieldNative$1]]" />
<ActInputValue Guid="7ccf8457-462f-49f0-9c4f-ad098618792b" Param="IsWidgetsElement" ParentGuid="00000000-0000-0000-0000-000000000000" Value="false" />
<ActInputValue Guid="cf428aa5-1719-416b-99e4-21d0c7ceffda" Param="WaitforIdle" ParentGuid="00000000-0000-0000-0000-000000000000" Value="None" />
<ActInputValue Guid="9d924ad9-2e88-4cac-8809-7b7e1e4291e5" Param="TargetLocateBy" ParentGuid="00000000-0000-0000-0000-000000000000" Value="NA" />
<ActInputValue Guid="dd8aa65f-f07c-43cb-9081-67b69b359e72" Param="TargetElementType" ParentGuid="00000000-0000-0000-0000-000000000000" Value="Unknown" />
<ActInputValue Guid="c8ed7687-d53b-4ad9-9e17-e03e59d9ba3a" Param="HandleElementType" ParentGuid="00000000-0000-0000-0000-000000000000" Value="Unknown" />
<ActInputValue Guid="abf54f03-c782-4839-a552-8824718429b3" Param="HandleActionType" ParentGuid="00000000-0000-0000-0000-000000000000" Value="Unknown" />
</InputValues>
</ActUIElement>
<ActUIElement Active="True" Description="Click : btnSearchNow" Guid="6ebd4c08-c8d9-41ff-b738-ac112f5f32ec" MaxNumberOfRetries="2" ParentGuid="00000000-0000-0000-0000-000000000000" Platform="NA" RetryMechanismInterval="5" StatusConverter="None" TakeScreenShot="True" WaitVE="0" WindowsToCapture="OnlyActiveWindow">
<InputValues>
<ActInputValue Guid="8ff934a6-64f0-4a28-bc4e-f27e6ce50de4" Param="ElementAction" ParentGuid="00000000-0000-0000-0000-000000000000" Value="Click" />
<ActInputValue Guid="4d58b468-40dc-48eb-ae95-81a7c24b77a3" Param="ElementType" ParentGuid="00000000-0000-0000-0000-000000000000" Value="Button" />
<ActInputValue Guid="551ee7fe-9d80-48ec-971d-ada58a11f08f" Param="Value" ParentGuid="00000000-0000-0000-0000-000000000000" />
<ActInputValue Guid="6d531690-5d6f-4a7e-907a-e79d372c2af8" Param="ElementLocateBy" ParentGuid="00000000-0000-0000-0000-000000000000" Value="ByXPath" />
<ActInputValue Guid="e082b51e-e0b7-469f-a451-c20d053acb8c" Param="ElementLocateValue" ParentGuid="00000000-0000-0000-0000-000000000000" Value="/javax.swing.JRootPane[0]/null.layeredPane/null.contentPane/javax.swing.JSplitPane[0]/com.amdocs.uif.workspace.desktop.AppDesktopPane[0]/com.amdocs.oms.phd.order.OrderingFrameworkPHD/javax.swing.JRootPane[0]/null.layeredPane/root/javax.swing.JViewport[0]/root/pnlActivityArea/root/pnlContainedForm/root/pnlHeaderAndSearch/pnlSearchAP/hsgSearchAssignedProduct/com.amdocs.uif.widgets.PanelNative$JXPanel[0]/com.amdocs.uif.widgets.PanelNative$JXPanel[0]/[[Name:btnSearchNow][ClassName:com.amdocs.uif.widgets.ButtonNative$JXButton]]" />
<ActInputValue Guid="5769f34f-108d-4370-9fed-c2292bb89236" Param="ValueToSelect" ParentGuid="00000000-0000-0000-0000-000000000000" />
<ActInputValue Guid="5df73b8e-a96c-466c-bbe0-a969316dee47" Param="TargetLocateBy" ParentGuid="00000000-0000-0000-0000-000000000000" Value="NA" />
<ActInputValue Guid="657f3f3e-65d8-4994-b53f-3f43c2ecc623" Param="TargetElementType" ParentGuid="00000000-0000-0000-0000-000000000000" Value="Unknown" />
<ActInputValue Guid="34264da9-a06f-484a-b1b7-a775ada0978f" Param="HandleElementType" ParentGuid="00000000-0000-0000-0000-000000000000" Value="Unknown" />
<ActInputValue Guid="375bc624-6e37-4c5f-bb6f-c73d60785edf" Param="HandleActionType" ParentGuid="00000000-0000-0000-0000-000000000000" Value="Unknown" />
</InputValues>
</ActUIElement>
<ActUIElement Active="True" Description="Click : activate selected product" Guid="21b69317-56ff-4d42-973a-8bce72dd0177" MaxNumberOfRetries="2" ParentGuid="00000000-0000-0000-0000-000000000000" Platform="Java" RetryMechanismInterval="5" StatusConverter="None" TakeScreenShot="True" WaitVE="0" WindowsToCapture="OnlyActiveWindow">
<InputValues>
<ActInputValue Guid="e5ce672b-e9c9-4a1f-b973-5ba807ee4c00" Param="ElementType" ParentGuid="00000000-0000-0000-0000-000000000000" Value="Table" />
<ActInputValue Guid="ccfa9b91-4986-489e-811c-46d8bd852f0d" Param="ElementAction" ParentGuid="00000000-0000-0000-0000-000000000000" Value="TableCellAction" />
<ActInputValue Guid="8be4822d-d0f6-44fe-a644-743e2969dfa9" Param="ControlAction" ParentGuid="00000000-0000-0000-0000-000000000000" Value="Click" />
<ActInputValue Guid="0aaacd35-2fe2-444f-b32e-2dd882325ec4" Param="WaitforIdle" ParentGuid="00000000-0000-0000-0000-000000000000" Value="Medium" />
<ActInputValue Guid="4e2a147d-bb05-47b9-8064-16eb8a1d2441" Param="LocateRowType" ParentGuid="00000000-0000-0000-0000-000000000000" Value="Row Number" />
<ActInputValue Guid="58c8259e-dea6-422c-b049-412799a2a044" Param="LocateRowValue" ParentGuid="00000000-0000-0000-0000-000000000000" Value="0" />
<ActInputValue Guid="05d3fa9e-b6ea-4045-b745-c393c7146913" Param="ColSelectorValue" ParentGuid="00000000-0000-0000-0000-000000000000" Value="ColNum" />
<ActInputValue Guid="b5679b85-a548-4ad3-87da-9d4fd63b8bbc" Param="LocateColTitle" ParentGuid="00000000-0000-0000-0000-000000000000" Value="0" />
<ActInputValue Guid="c4570800-d3d5-457b-a6c0-7ff25441a57a" Param="Value" ParentGuid="00000000-0000-0000-0000-000000000000" />
<ActInputValue Guid="5ff59c1f-757d-4b3a-826b-3a58fab0305b" Param="WhereColSelector" ParentGuid="00000000-0000-0000-0000-000000000000" Value="ColTitle" />
<ActInputValue Guid="77029b53-32d4-42d7-9bdf-fe7af8089bec" Param="WhereColumnTitle" ParentGuid="00000000-0000-0000-0000-000000000000" Value="Select" />
<ActInputValue Guid="71e8baea-b944-4891-858a-24ea1cdd35dc" Param="WhereProperty" ParentGuid="00000000-0000-0000-0000-000000000000" Value="Value" />
<ActInputValue Guid="4e10966d-0558-4b46-a2c6-34f8a38753b8" Param="WhereOperator" ParentGuid="00000000-0000-0000-0000-000000000000" Value="Equals" />
<ActInputValue Guid="8a3a962b-5a3e-4ce0-a643-6595d0016e70" Param="ElementLocateBy" ParentGuid="00000000-0000-0000-0000-000000000000" Value="ByXPath" />
<ActInputValue Guid="535ed557-9666-422f-851a-d67c728a43d0" Param="ElementLocateValue" ParentGuid="00000000-0000-0000-0000-000000000000" Value="/javax.swing.JRootPane[0]/null.layeredPane/null.contentPane/javax.swing.JSplitPane[0]/com.amdocs.uif.workspace.desktop.AppDesktopPane[0]/com.amdocs.oms.phd.order.OrderingFrameworkPHD/javax.swing.JRootPane[0]/null.layeredPane/root/javax.swing.JViewport[0]/root/pnlActivityArea/root/pnlContainedForm/root/pnlHeaderAndSearch/pnlSearchAP/hsgSearchAssignedProduct/javax.swing.JPanel[0]/com.amdocs.uif.widgets.SearchGridNative$6[0]/javax.swing.JViewport[0]/[[Name:hsgSearchAssignedProduct][ClassName:com.amdocs.uif.widgets.search.SearchJTable]]" />
<ActInputValue Guid="6f0047a3-ea64-4b47-81c9-1a54eaf0c574" Param="ControlActionValue" ParentGuid="00000000-0000-0000-0000-000000000000" />
<ActInputValue Guid="0972539d-c248-4e4b-930d-d0a385b2b0a4" Param="IsWidgetsElement" ParentGuid="00000000-0000-0000-0000-000000000000" Value="false" />
<ActInputValue Guid="40d64a20-a12f-4ebd-950d-c9f84fd96cd9" Param="WhereColumnValue" ParentGuid="00000000-0000-0000-0000-000000000000" />
<ActInputValue Guid="11ce3545-1752-4669-ace8-77b7235dcdce" Param="TargetLocateBy" ParentGuid="00000000-0000-0000-0000-000000000000" Value="NA" />
<ActInputValue Guid="bd766bc1-5536-4974-add2-2c7f9c6e888e" Param="TargetElementType" ParentGuid="00000000-0000-0000-0000-000000000000" Value="Unknown" />
<ActInputValue Guid="f42c497a-5652-4e0a-9247-e453f76403e3" Param="HandleElementType" ParentGuid="00000000-0000-0000-0000-000000000000" Value="Unknown" />
<ActInputValue Guid="5a9bec6d-7898-49f1-b9ff-f37306e5f170" Param="HandleActionType" ParentGuid="00000000-0000-0000-0000-000000000000" Value="Unknown" />
</InputValues>
</ActUIElement>
<ActUIElement Active="True" Description="Click : btnChangeOwnership" Guid="9f1119e1-a736-497d-a40d-b75c04c3fdfa" MaxNumberOfRetries="2" ParentGuid="00000000-0000-0000-0000-000000000000" Platform="NA" RetryMechanismInterval="5" StatusConverter="None" TakeScreenShot="True" WaitVE="0" WindowsToCapture="OnlyActiveWindow">
<InputValues>
<ActInputValue Guid="990ec301-f33a-496a-bf99-0ff135e1a3cf" Param="ElementAction" ParentGuid="00000000-0000-0000-0000-000000000000" Value="Click" />
<ActInputValue Guid="6b6711ed-5de2-486c-90e7-e27c1c148332" Param="ElementType" ParentGuid="00000000-0000-0000-0000-000000000000" Value="Button" />
<ActInputValue Guid="1dfd8029-ecae-42ab-b2ba-227ed1517c48" Param="Value" ParentGuid="00000000-0000-0000-0000-000000000000" />
<ActInputValue Guid="54748204-d221-44c5-a51a-a5e3ddeedd34" Param="ElementLocateBy" ParentGuid="00000000-0000-0000-0000-000000000000" Value="ByXPath" />
<ActInputValue Guid="217632f6-e90b-40ef-abf6-8afb7a0c9e43" Param="ElementLocateValue" ParentGuid="00000000-0000-0000-0000-000000000000" Value="/javax.swing.JRootPane[0]/null.layeredPane/null.contentPane/javax.swing.JSplitPane[0]/com.amdocs.uif.workspace.desktop.AppDesktopPane[0]/com.amdocs.oms.phd.order.OrderingFrameworkPHD/javax.swing.JRootPane[0]/null.layeredPane/root/javax.swing.JViewport[0]/root/pnlActivityArea/root/pnlChageOwnershipControls/[[Name:btnChangeOwnership][ClassName:com.amdocs.uif.widgets.ButtonNative$JXButton]]" />
<ActInputValue Guid="0717e18b-5cce-4be4-9be7-7390d073d367" Param="ValueToSelect" ParentGuid="00000000-0000-0000-0000-000000000000" />
<ActInputValue Guid="e9a68abf-c34f-4880-a158-54f3ecc38f61" Param="TargetLocateBy" ParentGuid="00000000-0000-0000-0000-000000000000" Value="NA" />
<ActInputValue Guid="53ceb79d-08b8-41ff-899c-d24aff189f9c" Param="TargetElementType" ParentGuid="00000000-0000-0000-0000-000000000000" Value="Unknown" />
<ActInputValue Guid="c32caa93-c53e-4aba-937c-67b015498686" Param="HandleElementType" ParentGuid="00000000-0000-0000-0000-000000000000" Value="Unknown" />
<ActInputValue Guid="d820a6ab-befc-4758-8d66-3f737b6f0576" Param="HandleActionType" ParentGuid="00000000-0000-0000-0000-000000000000" Value="Unknown" />
</InputValues>
</ActUIElement>
<ActUIElement Active="True" Description="Click : btnNextStep" Guid="944b2306-1ea2-445b-b76b-e48042cf2331" MaxNumberOfRetries="2" ParentGuid="00000000-0000-0000-0000-000000000000" Platform="NA" RetryMechanismInterval="5" StatusConverter="None" TakeScreenShot="True" WaitVE="0" WindowsToCapture="OnlyActiveWindow">
<InputValues>
<ActInputValue Guid="a6a3ea27-6558-4216-bf7f-12903ac7bc9d" Param="ElementAction" ParentGuid="00000000-0000-0000-0000-000000000000" Value="Click" />
<ActInputValue Guid="f5cf2723-6e4f-4da2-8089-1dabdd6db0ee" Param="ElementType" ParentGuid="00000000-0000-0000-0000-000000000000" Value="Button" />
<ActInputValue Guid="19adb434-b053-42a3-8ec9-7b320512c79c" Param="Value" ParentGuid="00000000-0000-0000-0000-000000000000" />
<ActInputValue Guid="ae962841-7c37-45cb-ad2d-ef632c4201d0" Param="ElementLocateBy" ParentGuid="00000000-0000-0000-0000-000000000000" Value="ByXPath" />
<ActInputValue Guid="ae7892c7-1d3a-48c7-8f35-bdae2e1dc07c" Param="ElementLocateValue" ParentGuid="00000000-0000-0000-0000-000000000000" Value="/javax.swing.JRootPane[0]/null.layeredPane/null.contentPane/javax.swing.JSplitPane[0]/com.amdocs.uif.workspace.desktop.AppDesktopPane[0]/com.amdocs.oms.phd.order.OrderingFrameworkPHD/javax.swing.JRootPane[0]/null.layeredPane/root/javax.swing.JViewport[0]/root/pnlNavigationButtons/[[Name:btnNextStep][ClassName:com.amdocs.uif.widgets.ButtonNative$JXButton]]" />
<ActInputValue Guid="f8a2d12e-c94d-4bc5-b5fc-158f1a8aeb3e" Param="ValueToSelect" ParentGuid="00000000-0000-0000-0000-000000000000" />
<ActInputValue Guid="efa7e3a7-b499-4a9f-af61-cbfbbffe2aad" Param="TargetLocateBy" ParentGuid="00000000-0000-0000-0000-000000000000" Value="NA" />
<ActInputValue Guid="6ada5cdd-5994-4e4b-91b0-19870eda856f" Param="TargetElementType" ParentGuid="00000000-0000-0000-0000-000000000000" Value="Unknown" />
<ActInputValue Guid="24df3870-88b0-4e3b-8e94-ab4f6f744d60" Param="HandleElementType" ParentGuid="00000000-0000-0000-0000-000000000000" Value="Unknown" />
<ActInputValue Guid="89560460-75a6-4d2c-a326-44a28c6b3f7d" Param="HandleActionType" ParentGuid="00000000-0000-0000-0000-000000000000" Value="Unknown" />
</InputValues>
</ActUIElement>
</Acts>
</Activity>
<Activity ActionRunOption="StopActionsRunOnFailure" Active="True" ActivitiesGroupID="CHQ - Change Ownership - Start Change Ownership order" ActivityName="CHQ - Change Ownership - UOAA set reason and continue" AutomationStatus="Development" ErrorHandlerMappingType="AllAvailableHandlers" Guid="93855952-7e6e-4b43-a820-673f095592b1" ParentGuid="00000000-0000-0000-0000-000000000000" PercentAutomated="100%" TargetApplication="MyJavaApp">
<Acts>
<ActUIElement Active="True" Description="Verify UOAA screen is displayed" EnableRetryMechanism="True" Guid="a1cea97a-0131-4ce8-b9d6-ea548f5e1ec8" MaxNumberOfRetries="5" ParentGuid="00000000-0000-0000-0000-000000000000" Platform="Java" RetryMechanismInterval="3" StatusConverter="None" TakeScreenShot="True" WaitVE="1" WindowsToCapture="OnlyActiveWindow">
<FlowControls>
<FlowControl Active="True" BusinessFlowControlAction="GoToBusinessFlow" FlowControlAction="StopRun" Guid="0c0661aa-8ccb-4580-9fc2-4117397a4033" Operator="ActionFailed" ParentGuid="00000000-0000-0000-0000-000000000000" />
</FlowControls>

<InputValues>
<ActInputValue Guid="80524c39-46ad-4094-a558-b02dc2e152d0" Param="ElementAction" ParentGuid="00000000-0000-0000-0000-000000000000" Value="IsVisible" />
<ActInputValue Guid="45be2070-c535-461a-bdc7-b7b03165f627" Param="ElementType" ParentGuid="00000000-0000-0000-0000-000000000000" Value="TextBox" />
<ActInputValue Guid="9cc29e3d-b0d1-4bf6-a97e-a62cbc7f7227" Param="Value" ParentGuid="00000000-0000-0000-0000-000000000000" />
<ActInputValue Guid="35627fab-6fa0-4e18-ae8f-e2860e6748b6" Param="ElementLocateBy" ParentGuid="00000000-0000-0000-0000-000000000000" Value="ByXPath" />
<ActInputValue Guid="d609bebe-dc91-45df-82ce-1c8916571e7b" Param="ElementLocateValue" ParentGuid="00000000-0000-0000-0000-000000000000" Value="/javax.swing.JRootPane[0]/null.layeredPane/null.contentPane/javax.swing.JSplitPane[0]/com.amdocs.uif.workspace.desktop.AppDesktopPane[0]/com.amdocs.oms.phd.order.OrderingFrameworkPHD/javax.swing.JRootPane[0]/null.layeredPane/root/javax.swing.JViewport[0]/root/pnlActivityArea/root/pnlOrderHeader/[[Name:txtOrderStatus][ClassName:com.amdocs.uif.widgets.TextFieldNative$1]]" />
<ActInputValue Guid="85b67b33-2166-4d44-8a96-241a82d7400f" Param="IsWidgetsElement" ParentGuid="00000000-0000-0000-0000-000000000000" Value="false" />
<ActInputValue Guid="0ef18f73-7989-4990-8987-03e56a894830" Param="WaitforIdle" ParentGuid="00000000-0000-0000-0000-000000000000" Value="None" />
<ActInputValue Guid="34bd696b-b390-4a89-9c46-095c3ec746d3" Param="TargetLocateBy" ParentGuid="00000000-0000-0000-0000-000000000000" Value="NA" />
<ActInputValue Guid="8a370054-ce9a-4862-ac12-91acfef54974" Param="TargetElementType" ParentGuid="00000000-0000-0000-0000-000000000000" Value="Unknown" />
<ActInputValue Guid="0e827682-7001-4bc1-8efa-3f8275df3783" Param="HandleElementType" ParentGuid="00000000-0000-0000-0000-000000000000" Value="Unknown" />
<ActInputValue Guid="2a406650-7ab1-4041-9913-57815a4a4b5e" Param="HandleActionType" ParentGuid="00000000-0000-0000-0000-000000000000" Value="Unknown" />
</InputValues>

<ReturnValues>
<ActReturnValue Active="True" Guid="d720f363-ad76-4b25-9cbb-dcd905668fa3" mExpected="true" Operator="Equals" Param="Actual0" ParentGuid="00000000-0000-0000-0000-000000000000" StoreTo="None" />
</ReturnValues>
</ActUIElement>
<ActUIElement Active="True" Description="UI Element Action. Switch" Guid="f2422a83-7e5a-4e85-9622-b5af65292bb3" MaxNumberOfRetries="2" ParentGuid="00000000-0000-0000-0000-000000000000" Platform="Java" RetryMechanismInterval="5" StatusConverter="None" WaitVE="0" WindowsToCapture="OnlyActiveWindow">
<InputValues>
<ActInputValue Guid="bff8cf47-08d6-4266-a005-147634f40c67" Param="LocateBy" ParentGuid="00000000-0000-0000-0000-000000000000" Value="NA" />
<ActInputValue Guid="002e247f-cf9d-4749-8a6a-ee5b67702195" Param="LocateValue" ParentGuid="00000000-0000-0000-0000-000000000000" />
<ActInputValue Guid="12a11b9f-5437-499f-ba0f-43642964d86f" Param="Value" ParentGuid="00000000-0000-0000-0000-000000000000" />
<ActInputValue Guid="1371eed8-6e2f-48d2-8e32-d3891b91e93f" Param="ElementType" ParentGuid="00000000-0000-0000-0000-000000000000" Value="Window" />
<ActInputValue Guid="8cc36efa-ca48-4a37-9981-7abfd2cc3b3f" Param="ElementAction" ParentGuid="00000000-0000-0000-0000-000000000000" Value="Switch" />
<ActInputValue Guid="875533d9-d5c3-479f-8a58-bb595780dbee" Param="ElementLocateBy" ParentGuid="00000000-0000-0000-0000-000000000000" Value="ByTitle" />
<ActInputValue Guid="52b7d53b-ade0-4b90-bbcf-065b9f2a015a" Param="ElementLocateValue" ParentGuid="00000000-0000-0000-0000-000000000000" Value="Amdocs Customer" />
<ActInputValue Guid="2a1b2d74-0885-40dd-8ac6-9cfeb4704f6a" Param="SyncTime" ParentGuid="00000000-0000-0000-0000-000000000000" Value="30" />
<ActInputValue Guid="ee70387e-5901-45a0-93a6-41bc9f239845" Param="IsWidgetsElement" ParentGuid="00000000-0000-0000-0000-000000000000" Value="false" />
<ActInputValue Guid="9029a57d-8843-4a74-b4e2-1e8a2481ea2e" Param="WaitforIdle" ParentGuid="00000000-0000-0000-0000-000000000000" Value="None" />
<ActInputValue Guid="762a0308-caf6-4495-a871-614c1a0b9cd2" Param="TargetLocateBy" ParentGuid="00000000-0000-0000-0000-000000000000" Value="NA" />
<ActInputValue Guid="7874af86-5122-4cc1-8f61-b082106963ea" Param="TargetElementType" ParentGuid="00000000-0000-0000-0000-000000000000" Value="Unknown" />
<ActInputValue Guid="6a9786e5-a835-4a62-ba15-bf5eddbdb547" Param="HandleElementType" ParentGuid="00000000-0000-0000-0000-000000000000" Value="Unknown" />
<ActInputValue Guid="920af8f0-bd05-4b11-b741-0592f0c10633" Param="HandleActionType" ParentGuid="00000000-0000-0000-0000-000000000000" Value="Unknown" />
</InputValues>
</ActUIElement>
<ActUIElement Active="True" Description="Select :Reason" EnableRetryMechanism="True" Guid="2a3fdf51-0a26-41a5-b53d-f0f803161b53" MaxNumberOfRetries="3" ParentGuid="00000000-0000-0000-0000-000000000000" Platform="Java" RetryMechanismInterval="5" StatusConverter="None" TakeScreenShot="True" WaitVE="0" WindowsToCapture="OnlyActiveWindow">
<FlowControls>
<FlowControl Active="True" BusinessFlowControlAction="GoToBusinessFlow" FlowControlAction="StopRun" Guid="eb0ee209-cd98-4ead-8b31-7359d0af2b71" Operator="ActionFailed" ParentGuid="00000000-0000-0000-0000-000000000000" />
</FlowControls>

<InputValues>
<ActInputValue Guid="6d44fa32-808a-4910-b9c2-4de9a51efbbf" Param="ElementAction" ParentGuid="00000000-0000-0000-0000-000000000000" Value="Select" />
<ActInputValue Guid="72fbb409-6aeb-47ec-8f67-cd88dfbae7d2" Param="ElementType" ParentGuid="00000000-0000-0000-0000-000000000000" Value="ComboBox" />
<ActInputValue Guid="446839f3-f5c6-4ef8-9dd4-b413be8462f0" Param="Value" ParentGuid="00000000-0000-0000-0000-000000000000" Value="Audit" />
<ActInputValue Guid="8ace58fe-3d88-4cfe-b4b2-88fefe63890b" Param="ElementLocateBy" ParentGuid="00000000-0000-0000-0000-000000000000" Value="ByXPath" />
<ActInputValue Guid="1784a115-c85a-4b01-9aa5-16d3af87054a" Param="ElementLocateValue" ParentGuid="00000000-0000-0000-0000-000000000000" Value="/javax.swing.JRootPane[0]/null.layeredPane/null.contentPane/javax.swing.JSplitPane[0]/com.amdocs.uif.workspace.desktop.AppDesktopPane[0]/com.amdocs.oms.phd.order.OrderingFrameworkPHD/javax.swing.JRootPane[0]/null.layeredPane/root/javax.swing.JViewport[0]/root/pnlActivityArea/root/pnlOrderHeader/[[Name:cmbReason][ClassName:com.amdocs.uif.widgets.ComboBoxNative$1]]" />
<ActInputValue Guid="b4e9f337-c657-4edc-a401-5790aaabc5e6" Param="ValueToSelect" ParentGuid="00000000-0000-0000-0000-000000000000" Value="Customer Request" />
<ActInputValue Guid="ac097d7e-46d2-49fc-96d6-288a4e233dd5" Param="IsWidgetsElement" ParentGuid="00000000-0000-0000-0000-000000000000" Value="false" />
<ActInputValue Guid="19916423-542a-4f34-8b9f-cd8176a444d9" Param="WaitforIdle" ParentGuid="00000000-0000-0000-0000-000000000000" Value="None" />
<ActInputValue Guid="3217b871-18ae-477f-909b-04ffd0373305" Param="TargetLocateBy" ParentGuid="00000000-0000-0000-0000-000000000000" Value="NA" />
<ActInputValue Guid="13d2fec7-9d8b-4f1b-a5a9-f24a3098b0de" Param="TargetElementType" ParentGuid="00000000-0000-0000-0000-000000000000" Value="Unknown" />
<ActInputValue Guid="8a4b62ce-397a-40c7-9941-07f19685963d" Param="HandleElementType" ParentGuid="00000000-0000-0000-0000-000000000000" Value="Unknown" />
<ActInputValue Guid="553659fb-a651-4141-8b8b-f4593e3343ca" Param="HandleActionType" ParentGuid="00000000-0000-0000-0000-000000000000" Value="Unknown" />
</InputValues>
</ActUIElement>
<ActUIElement Active="True" Description="Click : btnNextStep" Guid="51fc12a7-9a55-43e4-a23c-8865260578b2" MaxNumberOfRetries="2" ParentGuid="00000000-0000-0000-0000-000000000000" Platform="NA" RetryMechanismInterval="5" StatusConverter="None" TakeScreenShot="True" WaitVE="0" WindowsToCapture="OnlyActiveWindow">
<InputValues>
<ActInputValue Guid="b01db33b-3968-480f-acfa-b27fa8802212" Param="ElementAction" ParentGuid="00000000-0000-0000-0000-000000000000" Value="Click" />
<ActInputValue Guid="da6cde53-063d-4e4d-9407-3dfddd24938a" Param="ElementType" ParentGuid="00000000-0000-0000-0000-000000000000" Value="Button" />
<ActInputValue Guid="00f1247c-7ba2-4ee6-ba2f-71bfcffb4765" Param="Value" ParentGuid="00000000-0000-0000-0000-000000000000" />
<ActInputValue Guid="d24943c8-5ae1-49c0-843a-f0a75909f9ba" Param="ElementLocateBy" ParentGuid="00000000-0000-0000-0000-000000000000" Value="ByXPath" />
<ActInputValue Guid="b217a6ca-c3c1-4136-8fff-a2d46c9bc103" Param="ElementLocateValue" ParentGuid="00000000-0000-0000-0000-000000000000" Value="/javax.swing.JRootPane[0]/null.layeredPane/null.contentPane/javax.swing.JSplitPane[0]/com.amdocs.uif.workspace.desktop.AppDesktopPane[0]/com.amdocs.oms.phd.order.OrderingFrameworkPHD/javax.swing.JRootPane[0]/null.layeredPane/root/javax.swing.JViewport[0]/root/pnlNavigationButtons/[[Name:btnNextStep][ClassName:com.amdocs.uif.widgets.ButtonNative$JXButton]]" />
<ActInputValue Guid="b323345e-870d-482a-b374-dc78dfc6c2c7" Param="ValueToSelect" ParentGuid="00000000-0000-0000-0000-000000000000" />
<ActInputValue Guid="e70e9e19-a2ac-4ffa-a21c-5c851f1503ed" Param="TargetLocateBy" ParentGuid="00000000-0000-0000-0000-000000000000" Value="NA" />
<ActInputValue Guid="f7127f36-6a9b-4f3a-9a25-8b83f004fe52" Param="TargetElementType" ParentGuid="00000000-0000-0000-0000-000000000000" Value="Unknown" />
<ActInputValue Guid="042b0f14-bcd2-4299-aa4b-1a75b23fd1f1" Param="HandleElementType" ParentGuid="00000000-0000-0000-0000-000000000000" Value="Unknown" />
<ActInputValue Guid="3b2a6454-2cb3-4aab-8edc-e688d80d0cf2" Param="HandleActionType" ParentGuid="00000000-0000-0000-0000-000000000000" Value="Unknown" />
</InputValues>
</ActUIElement>
<ActUIElement Active="True" Description="Click : btnNextStep to order summary" Guid="698fdbf1-5115-475d-9867-a4a063179fd3" MaxNumberOfRetries="2" ParentGuid="00000000-0000-0000-0000-000000000000" Platform="NA" RetryMechanismInterval="5" StatusConverter="None" TakeScreenShot="True" WaitVE="0" WindowsToCapture="OnlyActiveWindow">
<InputValues>
<ActInputValue Guid="b01db33b-3968-480f-acfa-b27fa8802212" Param="ElementAction" ParentGuid="00000000-0000-0000-0000-000000000000" Value="Click" />
<ActInputValue Guid="da6cde53-063d-4e4d-9407-3dfddd24938a" Param="ElementType" ParentGuid="00000000-0000-0000-0000-000000000000" Value="Button" />
<ActInputValue Guid="00f1247c-7ba2-4ee6-ba2f-71bfcffb4765" Param="Value" ParentGuid="00000000-0000-0000-0000-000000000000" />
<ActInputValue Guid="d24943c8-5ae1-49c0-843a-f0a75909f9ba" Param="ElementLocateBy" ParentGuid="00000000-0000-0000-0000-000000000000" Value="ByXPath" />
<ActInputValue Guid="b217a6ca-c3c1-4136-8fff-a2d46c9bc103" Param="ElementLocateValue" ParentGuid="00000000-0000-0000-0000-000000000000" Value="/javax.swing.JRootPane[0]/null.layeredPane/null.contentPane/javax.swing.JSplitPane[0]/com.amdocs.uif.workspace.desktop.AppDesktopPane[0]/com.amdocs.oms.phd.order.OrderingFrameworkPHD/javax.swing.JRootPane[0]/null.layeredPane/root/javax.swing.JViewport[0]/root/pnlNavigationButtons/[[Name:btnNextStep][ClassName:com.amdocs.uif.widgets.ButtonNative$JXButton]]" />
<ActInputValue Guid="b323345e-870d-482a-b374-dc78dfc6c2c7" Param="ValueToSelect" ParentGuid="00000000-0000-0000-0000-000000000000" />
<ActInputValue Guid="e70e9e19-a2ac-4ffa-a21c-5c851f1503ed" Param="TargetLocateBy" ParentGuid="00000000-0000-0000-0000-000000000000" Value="NA" />
<ActInputValue Guid="f7127f36-6a9b-4f3a-9a25-8b83f004fe52" Param="TargetElementType" ParentGuid="00000000-0000-0000-0000-000000000000" Value="Unknown" />
<ActInputValue Guid="042b0f14-bcd2-4299-aa4b-1a75b23fd1f1" Param="HandleElementType" ParentGuid="00000000-0000-0000-0000-000000000000" Value="Unknown" />
<ActInputValue Guid="3b2a6454-2cb3-4aab-8edc-e688d80d0cf2" Param="HandleActionType" ParentGuid="00000000-0000-0000-0000-000000000000" Value="Unknown" />
</InputValues>
</ActUIElement>
</Acts>
</Activity>
</Activities>

<ActivitiesGroups>
<ActivitiesGroup Guid="801b04ac-16fb-4f25-b53b-80b05dc8de55" Name="CHQ - Change Ownership - Start Change Ownership order" ParentGuid="00000000-0000-0000-0000-000000000000">
<ActivitiesIdentifiers>
<ActivityIdentifiers ActivityAutomationStatus="Development" ActivityGuid="613b77d3-c347-4b03-a90a-d816467cc554" ActivityName="CHQ - Change Ownership - Select Menu change ownership" Guid="ef16adae-e69d-4d41-aa11-bfb3e6e64ff8" ParentGuid="00000000-0000-0000-0000-000000000000" />
<ActivityIdentifiers ActivityAutomationStatus="Development" ActivityGuid="8081817a-14d6-402a-a726-08530fd189da" ActivityName="CHQ - Change Ownership - Identify customer" Guid="c6cd242f-976b-4a12-b719-33dcd8f525d0" ParentGuid="00000000-0000-0000-0000-000000000000" />
<ActivityIdentifiers ActivityAutomationStatus="Development" ActivityGuid="9930fa1a-a220-49ba-b7d7-16d779c51688" ActivityName="CHQ - Change Ownership - Select service to change" Guid="461c6e41-b090-44f5-b598-72419f814e07" ParentGuid="00000000-0000-0000-0000-000000000000" />
<ActivityIdentifiers ActivityAutomationStatus="Development" ActivityGuid="93855952-7e6e-4b43-a820-673f095592b1" ActivityName="CHQ - Change Ownership - UOAA set reason and continue" Guid="993df173-275d-49e3-bb32-c564f976a72d" ParentGuid="00000000-0000-0000-0000-000000000000" />
</ActivitiesIdentifiers>
</ActivitiesGroup>
</ActivitiesGroups>

<TargetApplications>
<TargetApplication AppName="MyJavaApp" Guid="250efa4d-85e5-49fd-83f9-5045acde90fb" ParentGuid="00000000-0000-0000-0000-000000000000" />
<TargetApplication AppName="Mediation" Guid="f2058b09-994b-4735-9e6c-43b273cf78c3" ParentGuid="00000000-0000-0000-0000-000000000000" />
<TargetApplication AppName="MyWindowsApp" Guid="53b29a17-d8a0-4417-92c6-2df271817fb7" ParentGuid="00000000-0000-0000-0000-000000000000" />
<TargetApplication AppName="MyWebApp" Guid="55730eb1-aac2-4f35-8695-abba2d0ba7cc" ParentGuid="00000000-0000-0000-0000-000000000000" />
</TargetApplications>
</BusinessFlow></GingerRepositoryItem>