﻿<?xml version="1.0" encoding="utf-8"?>
<GingerRepositoryItem><Header ItemGuid="9930fa1a-a220-49ba-b7d7-16d779c51688" ItemType="Activity" CreatedBy="christian.poblete" Created="202102121916" GingerVersion="3.6.0.0" Version="1" LastUpdateBy="christian.poblete" LastUpdate="202102121916" />
<Activity ActionRunOption="StopActionsRunOnFailure" Active="True" ActivityName="CHQ - Change Ownership - Select service to change" AutomationStatus="Automated" ErrorHandlerMappingType="AllAvailableHandlers" Guid="9930fa1a-a220-49ba-b7d7-16d779c51688" ParentGuid="00000000-0000-0000-0000-000000000000" PercentAutomated="100%" TargetApplication="MyJavaApp">
<Acts>
<ActUIElement Active="True" Description="SetValue : adhocValue_colServiceID" Guid="73318188-2727-4cce-baeb-f98ea38a92eb" MaxNumberOfRetries="2" ParentGuid="00000000-0000-0000-0000-000000000000" Platform="Java" RetryMechanismInterval="5" StatusConverter="None" TakeScreenShot="True" WaitVE="0" WindowsToCapture="OnlyActiveWindow">
<InputValues>
<ActInputValue Guid="abba595e-7e1b-420b-a067-7efe8f266a3e" Param="ElementAction" ParentGuid="00000000-0000-0000-0000-000000000000" Value="SetValue" />
<ActInputValue Guid="ea75f2c2-4749-4bff-ae6f-bb2052d2ebc9" Param="ElementType" ParentGuid="00000000-0000-0000-0000-000000000000" Value="TextBox" />
<ActInputValue Guid="05ef5f47-0c49-4134-9d21-633aec979724" Param="Value" ParentGuid="00000000-0000-0000-0000-000000000000" Value="{Var Name=Output Service ID}" />
<ActInputValue Guid="fa857d76-3a0f-4206-974e-a7e05498ad7e" Param="ElementLocateBy" ParentGuid="00000000-0000-0000-0000-000000000000" Value="ByXPath" />
<ActInputValue Guid="22caffce-cf8f-480a-bf54-3e6fd377683d" Param="ElementLocateValue" ParentGuid="00000000-0000-0000-0000-000000000000" Value="/javax.swing.JRootPane[0]/null.layeredPane/null.contentPane/javax.swing.JSplitPane[0]/com.amdocs.uif.workspace.desktop.AppDesktopPane[0]/com.amdocs.oms.phd.order.OrderingFrameworkPHD/javax.swing.JRootPane[0]/null.layeredPane/root/javax.swing.JViewport[0]/root/pnlActivityArea/root/pnlContainedForm/root/pnlHeaderAndSearch/pnlSearchAP/hsgSearchAssignedProduct/javax.swing.JPanel[0]/com.amdocs.uif.widgets.SearchGridNative$6[0]/javax.swing.JViewport[1]/com.amdocs.uif.widgets.search.SearchJTableHeader[0]/com.amdocs.uif.widgets.PanelNative$JXPanel[1]/com.amdocs.uif.widgets.PanelNative$JXPanel[0]/[[Name:adhocValue_colServiceID][ClassName:com.amdocs.uif.widgets.TextFieldNative$1]]" />
<ActInputValue Guid="7ccf8457-462f-49f0-9c4f-ad098618792b" Param="IsWidgetsElement" ParentGuid="00000000-0000-0000-0000-000000000000" Value="false" />
<ActInputValue Guid="cf428aa5-1719-416b-99e4-21d0c7ceffda" Param="WaitforIdle" ParentGuid="00000000-0000-0000-0000-000000000000" Value="None" />
<ActInputValue Guid="9d924ad9-2e88-4cac-8809-7b7e1e4291e5" Param="TargetLocateBy" ParentGuid="00000000-0000-0000-0000-000000000000" Value="NA" />
<ActInputValue Guid="dd8aa65f-f07c-43cb-9081-67b69b359e72" Param="TargetElementType" ParentGuid="00000000-0000-0000-0000-000000000000" Value="Unknown" />
<ActInputValue Guid="c8ed7687-d53b-4ad9-9e17-e03e59d9ba3a" Param="HandleElementType" ParentGuid="00000000-0000-0000-0000-000000000000" Value="Unknown" />
<ActInputValue Guid="abf54f03-c782-4839-a552-8824718429b3" Param="HandleActionType" ParentGuid="00000000-0000-0000-0000-000000000000" Value="Unknown" />
</InputValues>
</ActUIElement>
<ActUIElement Active="True" Description="Click : btnSearchNow" Guid="6ebd4c08-c8d9-41ff-b738-ac112f5f32ec" MaxNumberOfRetries="2" ParentGuid="00000000-0000-0000-0000-000000000000" Platform="NA" RetryMechanismInterval="5" StatusConverter="None" TakeScreenShot="True" WaitVE="0" WindowsToCapture="OnlyActiveWindow">
<InputValues>
<ActInputValue Guid="8ff934a6-64f0-4a28-bc4e-f27e6ce50de4" Param="ElementAction" ParentGuid="00000000-0000-0000-0000-000000000000" Value="Click" />
<ActInputValue Guid="4d58b468-40dc-48eb-ae95-81a7c24b77a3" Param="ElementType" ParentGuid="00000000-0000-0000-0000-000000000000" Value="Button" />
<ActInputValue Guid="551ee7fe-9d80-48ec-971d-ada58a11f08f" Param="Value" ParentGuid="00000000-0000-0000-0000-000000000000" />
<ActInputValue Guid="6d531690-5d6f-4a7e-907a-e79d372c2af8" Param="ElementLocateBy" ParentGuid="00000000-0000-0000-0000-000000000000" Value="ByXPath" />
<ActInputValue Guid="e082b51e-e0b7-469f-a451-c20d053acb8c" Param="ElementLocateValue" ParentGuid="00000000-0000-0000-0000-000000000000" Value="/javax.swing.JRootPane[0]/null.layeredPane/null.contentPane/javax.swing.JSplitPane[0]/com.amdocs.uif.workspace.desktop.AppDesktopPane[0]/com.amdocs.oms.phd.order.OrderingFrameworkPHD/javax.swing.JRootPane[0]/null.layeredPane/root/javax.swing.JViewport[0]/root/pnlActivityArea/root/pnlContainedForm/root/pnlHeaderAndSearch/pnlSearchAP/hsgSearchAssignedProduct/com.amdocs.uif.widgets.PanelNative$JXPanel[0]/com.amdocs.uif.widgets.PanelNative$JXPanel[0]/[[Name:btnSearchNow][ClassName:com.amdocs.uif.widgets.ButtonNative$JXButton]]" />
<ActInputValue Guid="5769f34f-108d-4370-9fed-c2292bb89236" Param="ValueToSelect" ParentGuid="00000000-0000-0000-0000-000000000000" />
<ActInputValue Guid="5df73b8e-a96c-466c-bbe0-a969316dee47" Param="TargetLocateBy" ParentGuid="00000000-0000-0000-0000-000000000000" Value="NA" />
<ActInputValue Guid="657f3f3e-65d8-4994-b53f-3f43c2ecc623" Param="TargetElementType" ParentGuid="00000000-0000-0000-0000-000000000000" Value="Unknown" />
<ActInputValue Guid="34264da9-a06f-484a-b1b7-a775ada0978f" Param="HandleElementType" ParentGuid="00000000-0000-0000-0000-000000000000" Value="Unknown" />
<ActInputValue Guid="375bc624-6e37-4c5f-bb6f-c73d60785edf" Param="HandleActionType" ParentGuid="00000000-0000-0000-0000-000000000000" Value="Unknown" />
</InputValues>
</ActUIElement>
<ActUIElement Active="True" Description="Click : activate selected product" Guid="21b69317-56ff-4d42-973a-8bce72dd0177" MaxNumberOfRetries="2" ParentGuid="00000000-0000-0000-0000-000000000000" Platform="Java" RetryMechanismInterval="5" StatusConverter="None" TakeScreenShot="True" WaitVE="0" WindowsToCapture="OnlyActiveWindow">
<InputValues>
<ActInputValue Guid="e5ce672b-e9c9-4a1f-b973-5ba807ee4c00" Param="ElementType" ParentGuid="00000000-0000-0000-0000-000000000000" Value="Table" />
<ActInputValue Guid="ccfa9b91-4986-489e-811c-46d8bd852f0d" Param="ElementAction" ParentGuid="00000000-0000-0000-0000-000000000000" Value="TableCellAction" />
<ActInputValue Guid="8be4822d-d0f6-44fe-a644-743e2969dfa9" Param="ControlAction" ParentGuid="00000000-0000-0000-0000-000000000000" Value="Click" />
<ActInputValue Guid="0aaacd35-2fe2-444f-b32e-2dd882325ec4" Param="WaitforIdle" ParentGuid="00000000-0000-0000-0000-000000000000" Value="Medium" />
<ActInputValue Guid="4e2a147d-bb05-47b9-8064-16eb8a1d2441" Param="LocateRowType" ParentGuid="00000000-0000-0000-0000-000000000000" Value="Row Number" />
<ActInputValue Guid="58c8259e-dea6-422c-b049-412799a2a044" Param="LocateRowValue" ParentGuid="00000000-0000-0000-0000-000000000000" Value="0" />
<ActInputValue Guid="05d3fa9e-b6ea-4045-b745-c393c7146913" Param="ColSelectorValue" ParentGuid="00000000-0000-0000-0000-000000000000" Value="ColNum" />
<ActInputValue Guid="b5679b85-a548-4ad3-87da-9d4fd63b8bbc" Param="LocateColTitle" ParentGuid="00000000-0000-0000-0000-000000000000" Value="0" />
<ActInputValue Guid="c4570800-d3d5-457b-a6c0-7ff25441a57a" Param="Value" ParentGuid="00000000-0000-0000-0000-000000000000" />
<ActInputValue Guid="5ff59c1f-757d-4b3a-826b-3a58fab0305b" Param="WhereColSelector" ParentGuid="00000000-0000-0000-0000-000000000000" Value="ColTitle" />
<ActInputValue Guid="77029b53-32d4-42d7-9bdf-fe7af8089bec" Param="WhereColumnTitle" ParentGuid="00000000-0000-0000-0000-000000000000" Value="Select" />
<ActInputValue Guid="71e8baea-b944-4891-858a-24ea1cdd35dc" Param="WhereProperty" ParentGuid="00000000-0000-0000-0000-000000000000" Value="Value" />
<ActInputValue Guid="4e10966d-0558-4b46-a2c6-34f8a38753b8" Param="WhereOperator" ParentGuid="00000000-0000-0000-0000-000000000000" Value="Equals" />
<ActInputValue Guid="8a3a962b-5a3e-4ce0-a643-6595d0016e70" Param="ElementLocateBy" ParentGuid="00000000-0000-0000-0000-000000000000" Value="ByXPath" />
<ActInputValue Guid="535ed557-9666-422f-851a-d67c728a43d0" Param="ElementLocateValue" ParentGuid="00000000-0000-0000-0000-000000000000" Value="/javax.swing.JRootPane[0]/null.layeredPane/null.contentPane/javax.swing.JSplitPane[0]/com.amdocs.uif.workspace.desktop.AppDesktopPane[0]/com.amdocs.oms.phd.order.OrderingFrameworkPHD/javax.swing.JRootPane[0]/null.layeredPane/root/javax.swing.JViewport[0]/root/pnlActivityArea/root/pnlContainedForm/root/pnlHeaderAndSearch/pnlSearchAP/hsgSearchAssignedProduct/javax.swing.JPanel[0]/com.amdocs.uif.widgets.SearchGridNative$6[0]/javax.swing.JViewport[0]/[[Name:hsgSearchAssignedProduct][ClassName:com.amdocs.uif.widgets.search.SearchJTable]]" />
<ActInputValue Guid="6f0047a3-ea64-4b47-81c9-1a54eaf0c574" Param="ControlActionValue" ParentGuid="00000000-0000-0000-0000-000000000000" />
<ActInputValue Guid="0972539d-c248-4e4b-930d-d0a385b2b0a4" Param="IsWidgetsElement" ParentGuid="00000000-0000-0000-0000-000000000000" Value="false" />
<ActInputValue Guid="40d64a20-a12f-4ebd-950d-c9f84fd96cd9" Param="WhereColumnValue" ParentGuid="00000000-0000-0000-0000-000000000000" />
<ActInputValue Guid="11ce3545-1752-4669-ace8-77b7235dcdce" Param="TargetLocateBy" ParentGuid="00000000-0000-0000-0000-000000000000" Value="NA" />
<ActInputValue Guid="bd766bc1-5536-4974-add2-2c7f9c6e888e" Param="TargetElementType" ParentGuid="00000000-0000-0000-0000-000000000000" Value="Unknown" />
<ActInputValue Guid="f42c497a-5652-4e0a-9247-e453f76403e3" Param="HandleElementType" ParentGuid="00000000-0000-0000-0000-000000000000" Value="Unknown" />
<ActInputValue Guid="5a9bec6d-7898-49f1-b9ff-f37306e5f170" Param="HandleActionType" ParentGuid="00000000-0000-0000-0000-000000000000" Value="Unknown" />
</InputValues>
</ActUIElement>
<ActUIElement Active="True" Description="Click : btnChangeOwnership" Guid="9f1119e1-a736-497d-a40d-b75c04c3fdfa" MaxNumberOfRetries="2" ParentGuid="00000000-0000-0000-0000-000000000000" Platform="NA" RetryMechanismInterval="5" StatusConverter="None" TakeScreenShot="True" WaitVE="0" WindowsToCapture="OnlyActiveWindow">
<InputValues>
<ActInputValue Guid="990ec301-f33a-496a-bf99-0ff135e1a3cf" Param="ElementAction" ParentGuid="00000000-0000-0000-0000-000000000000" Value="Click" />
<ActInputValue Guid="6b6711ed-5de2-486c-90e7-e27c1c148332" Param="ElementType" ParentGuid="00000000-0000-0000-0000-000000000000" Value="Button" />
<ActInputValue Guid="1dfd8029-ecae-42ab-b2ba-227ed1517c48" Param="Value" ParentGuid="00000000-0000-0000-0000-000000000000" />
<ActInputValue Guid="54748204-d221-44c5-a51a-a5e3ddeedd34" Param="ElementLocateBy" ParentGuid="00000000-0000-0000-0000-000000000000" Value="ByXPath" />
<ActInputValue Guid="217632f6-e90b-40ef-abf6-8afb7a0c9e43" Param="ElementLocateValue" ParentGuid="00000000-0000-0000-0000-000000000000" Value="/javax.swing.JRootPane[0]/null.layeredPane/null.contentPane/javax.swing.JSplitPane[0]/com.amdocs.uif.workspace.desktop.AppDesktopPane[0]/com.amdocs.oms.phd.order.OrderingFrameworkPHD/javax.swing.JRootPane[0]/null.layeredPane/root/javax.swing.JViewport[0]/root/pnlActivityArea/root/pnlChageOwnershipControls/[[Name:btnChangeOwnership][ClassName:com.amdocs.uif.widgets.ButtonNative$JXButton]]" />
<ActInputValue Guid="0717e18b-5cce-4be4-9be7-7390d073d367" Param="ValueToSelect" ParentGuid="00000000-0000-0000-0000-000000000000" />
<ActInputValue Guid="e9a68abf-c34f-4880-a158-54f3ecc38f61" Param="TargetLocateBy" ParentGuid="00000000-0000-0000-0000-000000000000" Value="NA" />
<ActInputValue Guid="53ceb79d-08b8-41ff-899c-d24aff189f9c" Param="TargetElementType" ParentGuid="00000000-0000-0000-0000-000000000000" Value="Unknown" />
<ActInputValue Guid="c32caa93-c53e-4aba-937c-67b015498686" Param="HandleElementType" ParentGuid="00000000-0000-0000-0000-000000000000" Value="Unknown" />
<ActInputValue Guid="d820a6ab-befc-4758-8d66-3f737b6f0576" Param="HandleActionType" ParentGuid="00000000-0000-0000-0000-000000000000" Value="Unknown" />
</InputValues>
</ActUIElement>
<ActUIElement Active="True" Description="Click : btnNextStep" Guid="944b2306-1ea2-445b-b76b-e48042cf2331" MaxNumberOfRetries="2" ParentGuid="00000000-0000-0000-0000-000000000000" Platform="NA" RetryMechanismInterval="5" StatusConverter="None" TakeScreenShot="True" WaitVE="0" WindowsToCapture="OnlyActiveWindow">
<InputValues>
<ActInputValue Guid="a6a3ea27-6558-4216-bf7f-12903ac7bc9d" Param="ElementAction" ParentGuid="00000000-0000-0000-0000-000000000000" Value="Click" />
<ActInputValue Guid="f5cf2723-6e4f-4da2-8089-1dabdd6db0ee" Param="ElementType" ParentGuid="00000000-0000-0000-0000-000000000000" Value="Button" />
<ActInputValue Guid="19adb434-b053-42a3-8ec9-7b320512c79c" Param="Value" ParentGuid="00000000-0000-0000-0000-000000000000" />
<ActInputValue Guid="ae962841-7c37-45cb-ad2d-ef632c4201d0" Param="ElementLocateBy" ParentGuid="00000000-0000-0000-0000-000000000000" Value="ByXPath" />
<ActInputValue Guid="ae7892c7-1d3a-48c7-8f35-bdae2e1dc07c" Param="ElementLocateValue" ParentGuid="00000000-0000-0000-0000-000000000000" Value="/javax.swing.JRootPane[0]/null.layeredPane/null.contentPane/javax.swing.JSplitPane[0]/com.amdocs.uif.workspace.desktop.AppDesktopPane[0]/com.amdocs.oms.phd.order.OrderingFrameworkPHD/javax.swing.JRootPane[0]/null.layeredPane/root/javax.swing.JViewport[0]/root/pnlNavigationButtons/[[Name:btnNextStep][ClassName:com.amdocs.uif.widgets.ButtonNative$JXButton]]" />
<ActInputValue Guid="f8a2d12e-c94d-4bc5-b5fc-158f1a8aeb3e" Param="ValueToSelect" ParentGuid="00000000-0000-0000-0000-000000000000" />
<ActInputValue Guid="efa7e3a7-b499-4a9f-af61-cbfbbffe2aad" Param="TargetLocateBy" ParentGuid="00000000-0000-0000-0000-000000000000" Value="NA" />
<ActInputValue Guid="6ada5cdd-5994-4e4b-91b0-19870eda856f" Param="TargetElementType" ParentGuid="00000000-0000-0000-0000-000000000000" Value="Unknown" />
<ActInputValue Guid="24df3870-88b0-4e3b-8e94-ab4f6f744d60" Param="HandleElementType" ParentGuid="00000000-0000-0000-0000-000000000000" Value="Unknown" />
<ActInputValue Guid="89560460-75a6-4d2c-a326-44a28c6b3f7d" Param="HandleActionType" ParentGuid="00000000-0000-0000-0000-000000000000" Value="Unknown" />
</InputValues>
</ActUIElement>
</Acts>

<Variables>
<VariableString Guid="8b9f9235-236e-417a-b836-9701faeb1cb5" InitialStringValue="2347722" MappedOutputType="None" Name="Output Service ID" ParentGuid="00000000-0000-0000-0000-000000000000" SetAsInputValue="False" SetAsOutputValue="False" />
</Variables>
</Activity></GingerRepositoryItem>