﻿<?xml version="1.0" encoding="utf-8"?>
<GingerRepositoryItem><Header ItemGuid="82c8c7c0-f6f1-4c9a-8e86-6d5fc47cd35b" ItemType="Activity" CreatedBy="christian.poblete" Created="202102241953" GingerVersion="3.6.0.0" Version="1" LastUpdateBy="christian.poblete" LastUpdate="202102241953" />
<Activity ActionRunOption="StopActionsRunOnFailure" Active="True" ActivityName="CHQ - ABP DB - Search customer with suspended prodcuts(Individual)_copy" AutomationStatus="Automated" ErrorHandlerMappingType="AllAvailableHandlers" Guid="82c8c7c0-f6f1-4c9a-8e86-6d5fc47cd35b" ParentGuid="00000000-0000-0000-0000-000000000000" PercentAutomated="67%" TargetApplication="MyJavaApp">
<Acts>
<ActSetVariableValue Active="True" Description="reset counter" Guid="81884811-4df1-427d-931b-54e52f6f7b4c" MaxNumberOfRetries="2" ParentGuid="00000000-0000-0000-0000-000000000000" Platform="NA" RetryMechanismInterval="5" SetVariableValueOption="SetValue" StatusConverter="None" TakeScreenShot="True" VariableName="Counter" WaitVE="0" WindowsToCapture="OnlyActiveWindow">
<InputValues>
<ActInputValue Guid="a70e05df-5a09-4f91-9ad0-fb9b11201cbc" Param="Value" ParentGuid="00000000-0000-0000-0000-000000000000" Value="2" />
</InputValues>
</ActSetVariableValue>
<ActSetVariableValue Active="True" Description="increase counter" Guid="9fe40803-cf00-485f-aa81-ebde5b537448" MaxNumberOfRetries="2" ParentGuid="00000000-0000-0000-0000-000000000000" Platform="NA" RetryMechanismInterval="5" SetVariableValueOption="SetValue" StatusConverter="None" TakeScreenShot="True" VariableName="Counter" WaitVE="0" WindowsToCapture="OnlyActiveWindow">
<InputValues>
<ActInputValue Guid="045b5394-ba23-4635-be86-3c26051b58c5" Param="Value" ParentGuid="00000000-0000-0000-0000-000000000000" Value="{VBS Eval= {Var Name=Counter}+1}" />
</InputValues>
</ActSetVariableValue>
<ActDBValidation Active="True" AppName="MyJavaApp" DBName="ABP" DBValidationType="FreeSQL" Description="DataBase Action - get customer and suspended service ID" EnableRetryMechanism="True" Guid="efda66b5-3bda-4157-bcbf-ffd014f7667a" MaxNumberOfRetries="4" ParentGuid="00000000-0000-0000-0000-000000000000" Platform="NA" RetryMechanismInterval="3" StatusConverter="None" TakeScreenShot="True" WaitVE="0" WindowsToCapture="OnlyActiveWindow">
<FlowControls>
<FlowControl Active="True" BusinessFlowControlAction="GoToBusinessFlow" FlowControlAction="StopRun" Guid="c7f92f27-6359-4052-94fb-52524b911906" Operator="ActionFailed" ParentGuid="00000000-0000-0000-0000-000000000000" />
</FlowControls>

<InputValues>
<ActInputValue Guid="86885086-9698-41c4-af8b-a42c0bea8e82" Param="SQL" ParentGuid="00000000-0000-0000-0000-000000000000" Value="select prim_resource_val, sub_status, customer_id, l9_subscriber_type from subscriber where l9_subscriber_type='Individual' and sub_status = 'S' order by customer_id desc  offset {Var Name=Counter} rows fetch first 1 rows only" />
<ActInputValue Guid="429c849e-3ed2-4668-98ff-0be6982e64f3" Param="QueryTypeRadioButton" ParentGuid="00000000-0000-0000-0000-000000000000" Value="FreeSQL" />
<ActInputValue Guid="e8ead948-8453-4b28-bb62-f2eb28a81a49" Param="QueryFile" ParentGuid="00000000-0000-0000-0000-000000000000" />
<ActInputValue Guid="97421c85-892e-48d5-8ca5-d6bda33b1dc7" Param="CommitDB" ParentGuid="00000000-0000-0000-0000-000000000000" />
</InputValues>

<ReturnValues>
<ActReturnValue Active="True" Guid="f7f2616a-db4a-4efe-84c2-f2da789c3a91" Operator="Equals" Param="CUSTOMER_ID" ParentGuid="00000000-0000-0000-0000-000000000000" StoreTo="GlobalVariable" StoreToValue="80615315-dec8-4b1f-8266-bdd83f5ee25d" />
<ActReturnValue Active="True" Guid="5c1b0d79-d867-4274-9516-a95ce10f0804" Operator="Equals" Param="PRIM_RESOURCE_VAL" ParentGuid="00000000-0000-0000-0000-000000000000" StoreTo="GlobalVariable" StoreToValue="8b9f9235-236e-417a-b836-9701faeb1cb5" />
</ReturnValues>
</ActDBValidation>
<ActDBValidation AppName="MyJavaApp" DBName="ABP" DBValidationType="FreeSQL" Description="DataBase Action - get customer and suspended service ID_Copy" EnableRetryMechanism="True" Guid="8536d7c0-dbac-404f-9029-df70b4afb604" MaxNumberOfRetries="4" ParentGuid="00000000-0000-0000-0000-000000000000" Platform="NA" RetryMechanismInterval="3" StatusConverter="None" TakeScreenShot="True" WaitVE="0" WindowsToCapture="OnlyActiveWindow">
<FlowControls>
<FlowControl Active="True" BusinessFlowControlAction="GoToBusinessFlow" FlowControlAction="StopRun" Guid="c7f92f27-6359-4052-94fb-52524b911906" Operator="ActionFailed" ParentGuid="00000000-0000-0000-0000-000000000000" />
</FlowControls>

<InputValues>
<ActInputValue Guid="86885086-9698-41c4-af8b-a42c0bea8e82" Param="SQL" ParentGuid="00000000-0000-0000-0000-000000000000" Value="select a.customer_id,  b.prim_resource_val from customer a, subscriber b where a.customer_id = b.customer_id and a.customer_type = 'D' and a.cust_sub_type = 'DIR' and b.prim_res_param_cd = 'Service ID' and b.sub_status = 'S'  order by a.customer_id desc  offset {Var Name=Counter} rows fetch first 1 rows only" />
<ActInputValue Guid="429c849e-3ed2-4668-98ff-0be6982e64f3" Param="QueryTypeRadioButton" ParentGuid="00000000-0000-0000-0000-000000000000" Value="FreeSQL" />
<ActInputValue Guid="e8ead948-8453-4b28-bb62-f2eb28a81a49" Param="QueryFile" ParentGuid="00000000-0000-0000-0000-000000000000" />
<ActInputValue Guid="97421c85-892e-48d5-8ca5-d6bda33b1dc7" Param="CommitDB" ParentGuid="00000000-0000-0000-0000-000000000000" />
</InputValues>

<ReturnValues>
<ActReturnValue Active="True" Guid="f7f2616a-db4a-4efe-84c2-f2da789c3a91" Operator="Equals" Param="CUSTOMER_ID" ParentGuid="00000000-0000-0000-0000-000000000000" StoreTo="GlobalVariable" StoreToValue="80615315-dec8-4b1f-8266-bdd83f5ee25d" />
<ActReturnValue Active="True" Guid="5c1b0d79-d867-4274-9516-a95ce10f0804" Operator="Equals" Param="PRIM_RESOURCE_VAL" ParentGuid="00000000-0000-0000-0000-000000000000" StoreTo="GlobalVariable" StoreToValue="8b9f9235-236e-417a-b836-9701faeb1cb5" />
</ReturnValues>
</ActDBValidation>
<ActDBValidation Active="True" AppName="MyJavaApp" DBName="OMS" DBValidationType="FreeSQL" Description="DataBase Action - verify if service ID has open orders" Guid="2466c0ee-7e1c-4b6d-a2a8-9496fc30f3c8" MaxNumberOfRetries="2" ParentGuid="00000000-0000-0000-0000-000000000000" Platform="NA" RetryMechanismInterval="5" StatusConverter="None" TakeScreenShot="True" WaitVE="0" WindowsToCapture="OnlyActiveWindow">
<FlowControls>
<FlowControl Active="True" BusinessFlowControlAction="GoToBusinessFlow" FlowControlAction="GoToAction" Guid="0fec3ab5-cc65-4513-b558-8b01f6ec2356" Operator="ActionFailed" ParentGuid="00000000-0000-0000-0000-000000000000" Value="3fc93444-c209-45e7-9acc-0c7d89d96c28#GUID_NAME#increase counter" />
</FlowControls>

<InputValues>
<ActInputValue Guid="7e77761d-80b3-47e5-b17a-7023443813a7" Param="SQL" ParentGuid="00000000-0000-0000-0000-000000000000" Value="select count (1) from tbap_item where service_id={Var Name=Output Service ID} and status='AC' and state='OR'" />
<ActInputValue Guid="8056898d-bd0f-4e85-8569-6d95469f5bab" Param="QueryTypeRadioButton" ParentGuid="00000000-0000-0000-0000-000000000000" Value="FreeSQL" />
<ActInputValue Guid="7b379fbb-92e9-4a15-a3fa-0873c37e1158" Param="QueryFile" ParentGuid="00000000-0000-0000-0000-000000000000" />
<ActInputValue Guid="df25a881-0eef-4dd6-970c-c87784c53456" Param="CommitDB" ParentGuid="00000000-0000-0000-0000-000000000000" />
</InputValues>

<ReturnValues>
<ActReturnValue Active="True" Guid="1a617d17-d889-471c-b030-5ca9df962f43" mExpected="0" Operator="Equals" Param="COUNT(1)" ParentGuid="00000000-0000-0000-0000-000000000000" StoreTo="None" />
</ReturnValues>
</ActDBValidation>
<ActDBValidation AppName="MyJavaApp" DBName="OMS" DBValidationType="FreeSQL" Description="Get last order date" Guid="bbfb22b3-0337-4689-a2fc-026467073b0a" MaxNumberOfRetries="2" ParentGuid="00000000-0000-0000-0000-000000000000" Platform="NA" RetryMechanismInterval="5" StatusConverter="None" WaitVE="0" WindowsToCapture="OnlyActiveWindow">
<FlowControls>
<FlowControl Active="True" BusinessFlowControlAction="GoToBusinessFlow" FlowControlAction="GoToAction" Guid="c00d3425-68d9-4766-9cff-a138fa5359c2" Operator="ActionFailed" ParentGuid="00000000-0000-0000-0000-000000000000" Value="d27c9397-9f89-4c4a-a480-3911de886438#GUID_NAME#increase counter" />
</FlowControls>

<InputValues>
<ActInputValue Guid="48d0cadf-d582-4384-8e8e-b0f9fe53b3b4" Param="SQL" ParentGuid="00000000-0000-0000-0000-000000000000" Value="select to_char(start_date, 'MM/DD/YYYY') from tbap_item where  service_id = {Var Name=Output Service ID}   order by start_date desc" />
<ActInputValue Guid="1ad41c6e-8ab3-4d9f-8b27-3a364813cdd6" Param="QueryTypeRadioButton" ParentGuid="00000000-0000-0000-0000-000000000000" Value="FreeSQL" />
<ActInputValue Guid="36ed29aa-506d-4fb2-a7f4-80f6de057f53" Param="QueryFile" ParentGuid="00000000-0000-0000-0000-000000000000" />
<ActInputValue Guid="7c5d30e9-b8c8-4661-8a7b-a1acb881a1cd" Param="CommitDB" ParentGuid="00000000-0000-0000-0000-000000000000" />
</InputValues>

<ReturnValues>
<ActReturnValue Active="True" Guid="121e9834-1e36-4a48-90d5-4fb6194ff672" Operator="Equals" Param="TO_CHAR(START_DATE,'MM/DD/YYYY')" ParentGuid="00000000-0000-0000-0000-000000000000" Path="1" StoreTo="Variable" StoreToValue="LastOrderDate" />
</ReturnValues>
</ActDBValidation>
<ActSetVariableValue Description="Set Parameter Action actual date" Guid="4092d081-0ffc-4f1e-8ad0-0bf43d088bc3" MaxNumberOfRetries="2" ParentGuid="00000000-0000-0000-0000-000000000000" Platform="NA" RetryMechanismInterval="5" SetVariableValueOption="SetValue" StatusConverter="None" VariableName="ActualDate" WaitVE="0" WindowsToCapture="OnlyActiveWindow">
<InputValues>
<ActInputValue Guid="823e1684-6322-4331-b8e0-f162cedefdde" Param="Value" ParentGuid="00000000-0000-0000-0000-000000000000" Value="{CS Exp=DateTime.Now.AddDays(-1).ToString(@&quot;MM/dd/yyyy&quot;)}" />
</InputValues>
</ActSetVariableValue>
<ActDBValidation Active="True" AppName="MyJavaApp" DBName="ABP" DBValidationType="FreeSQL" Description="DataBase Action - set actual logical date" Guid="7c4f12d0-413c-48e6-bf42-775dc16e2019" MaxNumberOfRetries="2" ParentGuid="00000000-0000-0000-0000-000000000000" Platform="NA" RetryMechanismInterval="5" StatusConverter="None" WaitVE="0" WindowsToCapture="OnlyActiveWindow">
<InputValues>
<ActInputValue Guid="1b3d5ff6-4e8e-41a5-b28b-5aab94afb673" Param="SQL" ParentGuid="00000000-0000-0000-0000-000000000000" Value="select to_char(logical_date, 'MM/DD/YYYY') from logical_date where expiration_date is null" />
<ActInputValue Guid="41128e24-72d4-4384-ba5f-5e5434e68883" Param="QueryTypeRadioButton" ParentGuid="00000000-0000-0000-0000-000000000000" Value="FreeSQL" />
<ActInputValue Guid="e4b04b6d-8c27-4c58-b505-09498a516a75" Param="QueryFile" ParentGuid="00000000-0000-0000-0000-000000000000" />
<ActInputValue Guid="4e03ebcb-8854-4140-8f81-0d938537a53c" Param="CommitDB" ParentGuid="00000000-0000-0000-0000-000000000000" />
</InputValues>

<ReturnValues>
<ActReturnValue Active="True" Guid="1cdbad7c-db0d-4041-a473-848c7cef749d" Operator="Equals" Param="TO_CHAR(LOGICAL_DATE,'MM/DD/YYYY')" ParentGuid="00000000-0000-0000-0000-000000000000" Path="1" StoreTo="Variable" StoreToValue="ActualDate" />
</ReturnValues>
</ActDBValidation>
<ActScript Active="True" Description="Script Action " Guid="710ab185-5e0f-4712-ac60-d57ad62fe59f" MaxNumberOfRetries="2" ParentGuid="00000000-0000-0000-0000-000000000000" Platform="NA" RetryMechanismInterval="5" ScriptCommand="Script" ScriptInterpreterType="VBS" ScriptName="CompareDatesDays.vbs" ScriptPath="C:\DishAutomation\Dish\Documents\Scripts\" StatusConverter="None" WaitVE="0" WindowsToCapture="OnlyActiveWindow">
<InputValues>
<ActInputValue Guid="fd877f5c-7b1c-44e1-911a-a1cf934883d0" Param="actualDatep" ParentGuid="00000000-0000-0000-0000-000000000000" Value="{Var Name=ActualDate}" />
<ActInputValue Guid="f0631ef7-4f2c-4de8-a930-85377bae777d" Param="lastOrderDatep" ParentGuid="00000000-0000-0000-0000-000000000000" Value="{Var Name=LastOrderDate}" />
</InputValues>

<ReturnValues>
<ActReturnValue Active="True" Guid="17082836-5722-4e47-bc64-0d61942eefcc" Operator="Equals" Param="???" ParentGuid="00000000-0000-0000-0000-000000000000" StoreTo="Variable" StoreToValue="DaysDiff" />
</ReturnValues>
</ActScript>
<ActSetVariableValue Active="True" Description="Set Parameter Action " Guid="93b60cde-f91f-4fe6-9c61-da58c13aa112" MaxNumberOfRetries="2" ParentGuid="00000000-0000-0000-0000-000000000000" Platform="NA" RetryMechanismInterval="5" SetVariableValueOption="SetValue" StatusConverter="None" VariableName="DaysDiff" WaitVE="0" WindowsToCapture="OnlyActiveWindow">
<InputValues>
<ActInputValue Guid="b75f9462-988b-4ea4-a2c1-e5045c59d321" Param="Value" ParentGuid="00000000-0000-0000-0000-000000000000" Value="{RegEx Fun= matchValue Pat=\d+ P1= {Var Name=DaysDiff} }" />
</InputValues>
</ActSetVariableValue>
<ActDummy Active="True" Description="Dummy Action" Guid="0cdd82cd-55bb-4728-b162-b8ea67674bac" MaxNumberOfRetries="2" ParentGuid="00000000-0000-0000-0000-000000000000" Platform="NA" RetryMechanismInterval="5" StatusConverter="None" WaitVE="0" WindowsToCapture="OnlyActiveWindow">
<FlowControls>
<FlowControl Active="True" BusinessFlowControlAction="GoToBusinessFlow" Condition="{VBS Eval={Var Name=DaysDiff}=0}" FlowControlAction="GoToAction" Guid="f7394b46-c4a8-4bf4-8a0c-aa683fa3f502" Operator="Legacy" ParentGuid="00000000-0000-0000-0000-000000000000" Value="3fc93444-c209-45e7-9acc-0c7d89d96c28#GUID_NAME#increase counter" />
</FlowControls>

<InputValues>
<ActInputValue Guid="72f6f97e-aad0-47ef-9368-f1e8e24f2d2b" Param="Value" ParentGuid="00000000-0000-0000-0000-000000000000" />
</InputValues>
</ActDummy>
<ActDummy Description="Dummy Action_Copy" Guid="efef8514-a0bf-4973-9071-9ca7da2d6a70" MaxNumberOfRetries="2" ParentGuid="00000000-0000-0000-0000-000000000000" Platform="NA" RetryMechanismInterval="5" StatusConverter="None" WaitVE="0" WindowsToCapture="OnlyActiveWindow">
<FlowControls>
<FlowControl Active="True" BusinessFlowControlAction="GoToBusinessFlow" Condition="{Var Name=LastOrderDate}&lt;={Var Name=ActualDate}" FlowControlAction="GoToAction" Guid="f7394b46-c4a8-4bf4-8a0c-aa683fa3f502" Operator="Legacy" ParentGuid="00000000-0000-0000-0000-000000000000" Value="b503efc0-b876-41b5-b234-9286fe355754#GUID_NAME#increase counter" />
</FlowControls>

<InputValues>
<ActInputValue Guid="72f6f97e-aad0-47ef-9368-f1e8e24f2d2b" Param="Value" ParentGuid="00000000-0000-0000-0000-000000000000" />
</InputValues>
</ActDummy>
</Acts>

<Variables>
<VariableString Guid="2093b80c-9daf-4685-9177-426822f88fdf" InitialStringValue="2" MappedOutputType="None" Name="Counter" ParentGuid="00000000-0000-0000-0000-000000000000" SetAsInputValue="False" SetAsOutputValue="False" />
<VariableString Guid="28e92006-896e-408d-9b23-989fabb3299e" InitialStringValue="2430438" MappedOutputType="None" Name="Output Service ID" ParentGuid="00000000-0000-0000-0000-000000000000" SetAsInputValue="False" SetAsOutputValue="False" />
<VariableDateTime DateTimeFormat="MM/dd/yyyy" Guid="c990158b-0d83-471c-b11e-ba370b76032e" InitialDateTime="02/03/2021" MappedOutputType="None" MaxDateTime="1/18/2030 11:32:50 AM" MinDateTime="3/1/2010 11:32:50 AM" Name="LastOrderDate" ParentGuid="00000000-0000-0000-0000-000000000000" SetAsInputValue="False" SetAsOutputValue="False" />
<VariableDateTime DateTimeFormat="MM/dd/yyyy" Guid="bf679e1c-c5cc-440d-b6b0-678c4788693a" InitialDateTime="02/03/2021" MappedOutputType="None" MaxDateTime="1/18/2030 12:04:51 PM" MinDateTime="1/18/2010 12:04:51 PM" Name="ActualDate" ParentGuid="00000000-0000-0000-0000-000000000000" SetAsInputValue="False" SetAsOutputValue="False" />
<VariableString Guid="4578df33-9824-48ce-94a1-4723f8dae4ce" InitialStringValue="&#xA;&#xA;0&#xA;&#xA;" MappedOutputType="None" Name="DaysDiff" ParentGuid="00000000-0000-0000-0000-000000000000" SetAsInputValue="False" />
</Variables>
</Activity></GingerRepositoryItem>