﻿<?xml version="1.0" encoding="utf-8"?>
<GingerRepositoryItem><Header ItemGuid="a5d4ac8b-dbf4-47c6-9ec7-cbd9db020d08" ItemType="Activity" CreatedBy="christian.poblete" Created="202101181512" GingerVersion="3.6.0.0" Version="2" LastUpdateBy="christian.poblete" LastUpdate="202101281852" />
<Activity ActionRunOption="StopActionsRunOnFailure" Active="True" ActivityName="CHQ - NPC - add Equipment if there is not added before" AutomationStatus="Automated" ErrorHandlerMappingType="AllAvailableHandlers" Guid="a5d4ac8b-dbf4-47c6-9ec7-cbd9db020d08" ParentGuid="00000000-0000-0000-0000-000000000000" PercentAutomated="100%" TargetApplication="MyJavaApp">
<Acts>
<ActUIElement Active="True" Description="Click : Enter Manually" EnableRetryMechanism="True" Guid="ac85ae0d-b2ad-4e5e-8133-c7b82df1fa6f" MaxNumberOfRetries="5" ParentGuid="00000000-0000-0000-0000-000000000000" Platform="Java" RetryMechanismInterval="3" StatusConverter="None" TakeScreenShot="True" WaitVE="1" WindowsToCapture="OnlyActiveWindow">
<InputValues>
<ActInputValue Guid="fde552fd-69f4-4e07-8a2e-0096b3cea22c" Param="ElementAction" ParentGuid="00000000-0000-0000-0000-000000000000" Value="Click" />
<ActInputValue Guid="284d0102-6ce1-4033-9a86-f10896a70e18" Param="ElementType" ParentGuid="00000000-0000-0000-0000-000000000000" Value="HyperLink" />
<ActInputValue Guid="7f655368-bbb9-4d3f-933a-3fd13ccb5219" Param="IsWidgetsElement" ParentGuid="00000000-0000-0000-0000-000000000000" Value="true" />
<ActInputValue Guid="68a940a5-06ff-443a-aa03-0b85416a1932" Param="Value" ParentGuid="00000000-0000-0000-0000-000000000000" />
<ActInputValue Guid="230482cb-4bce-4c42-9d73-86faca404d91" Param="ElementLocateBy" ParentGuid="00000000-0000-0000-0000-000000000000" Value="ByRelXPath" />
<ActInputValue Guid="0b1f0311-369c-405d-a334-e90378a5124c" Param="ElementLocateValue" ParentGuid="00000000-0000-0000-0000-000000000000" Value="//div[@id='NPCContent']/div/div[3]/div/div[2]/div[2]/div[4]/div[2]/a" />
<ActInputValue Guid="e0d8a539-ef54-4626-ab52-fbbcd7530c84" Param="ValueToSelect" ParentGuid="00000000-0000-0000-0000-000000000000" />
<ActInputValue Guid="4d38d63c-5c64-4ede-8c26-820a0d9f5b1b" Param="TargetLocateBy" ParentGuid="00000000-0000-0000-0000-000000000000" Value="NA" />
<ActInputValue Guid="29f0204f-7cc9-4863-87d7-7f543711abe5" Param="TargetElementType" ParentGuid="00000000-0000-0000-0000-000000000000" Value="Unknown" />
<ActInputValue Guid="6e107fc0-cbb4-4b72-8959-4b84caa43bc9" Param="HandleElementType" ParentGuid="00000000-0000-0000-0000-000000000000" Value="Unknown" />
<ActInputValue Guid="69450bd1-769b-425d-989a-5b21a7b877bf" Param="HandleActionType" ParentGuid="00000000-0000-0000-0000-000000000000" Value="Unknown" />
</InputValues>
</ActUIElement>
<ActUIElement Active="True" Description="Click : Add row" Guid="bee53ed1-3111-4a4b-9df9-129926400a85" MaxNumberOfRetries="2" ParentGuid="00000000-0000-0000-0000-000000000000" Platform="Java" RetryMechanismInterval="5" StatusConverter="None" TakeScreenShot="True" WaitVE="0" WindowsToCapture="OnlyActiveWindow">
<InputValues>
<ActInputValue Guid="0e7d6cc5-11ee-445a-b237-ac71850b8f8c" Param="ElementAction" ParentGuid="00000000-0000-0000-0000-000000000000" Value="Click" />
<ActInputValue Guid="eeebd757-49ec-4fc5-b202-0a8244c89cfc" Param="ElementType" ParentGuid="00000000-0000-0000-0000-000000000000" Value="Span" />
<ActInputValue Guid="e0ae7fbb-d39a-4ed3-9b0b-d59dffec79c7" Param="IsWidgetsElement" ParentGuid="00000000-0000-0000-0000-000000000000" Value="true" />
<ActInputValue Guid="25e47526-3644-4bad-889b-e21bf5a97fbd" Param="Value" ParentGuid="00000000-0000-0000-0000-000000000000" />
<ActInputValue Guid="ac15a721-258e-4ded-abaa-e39fc0b57cd1" Param="ElementLocateBy" ParentGuid="00000000-0000-0000-0000-000000000000" Value="ByXPath" />
<ActInputValue Guid="295bc1ad-d4af-4376-8ca3-8781cd66571a" Param="ElementLocateValue" ParentGuid="00000000-0000-0000-0000-000000000000" Value="//td[7]/a/span[2]" />
<ActInputValue Guid="e0848abb-f8b1-44ff-b0f2-404ff97b54b7" Param="ValueToSelect" ParentGuid="00000000-0000-0000-0000-000000000000" />
<ActInputValue Guid="be952b8d-d923-4797-af0e-43352aade124" Param="TargetLocateBy" ParentGuid="00000000-0000-0000-0000-000000000000" Value="NA" />
<ActInputValue Guid="4c24b7d4-b106-4622-9821-89e7ee1679b4" Param="TargetElementType" ParentGuid="00000000-0000-0000-0000-000000000000" Value="Unknown" />
<ActInputValue Guid="747480a9-34cf-43df-9ae1-c2039f5348d1" Param="HandleElementType" ParentGuid="00000000-0000-0000-0000-000000000000" Value="Unknown" />
<ActInputValue Guid="207ed87e-cd9d-4b2f-a7cb-52099713401c" Param="HandleActionType" ParentGuid="00000000-0000-0000-0000-000000000000" Value="Unknown" />
</InputValues>
</ActUIElement>
<ActUIElement Active="True" Description="SetValue : Receiver ID" Guid="24f6ad34-3a44-4212-a74b-c1f7161c2ff6" MaxNumberOfRetries="2" ParentGuid="00000000-0000-0000-0000-000000000000" Platform="Java" RetryMechanismInterval="5" StatusConverter="None" TakeScreenShot="True" WaitVE="0" WindowsToCapture="OnlyActiveWindow">
<InputValues>
<ActInputValue Guid="bcc7589e-93f1-4ce9-87b7-726308e188ae" Param="ElementAction" ParentGuid="00000000-0000-0000-0000-000000000000" Value="SetValue" />
<ActInputValue Guid="1acdfbc9-109a-4106-9213-5f6cca532796" Param="ElementType" ParentGuid="00000000-0000-0000-0000-000000000000" Value="TextBox" />
<ActInputValue Guid="2b6a7b37-a75a-4147-afe4-8c5b66c9bb77" Param="IsWidgetsElement" ParentGuid="00000000-0000-0000-0000-000000000000" Value="true" />
<ActInputValue Guid="85673a34-dd5b-4754-a1da-cac9b61f0451" Param="Value" ParentGuid="00000000-0000-0000-0000-000000000000" Value="{Var Name=Equipment receiver ID}" />
<ActInputValue Guid="1c438a56-969f-4556-b620-de1d985cf2bf" Param="ElementLocateBy" ParentGuid="00000000-0000-0000-0000-000000000000" Value="ByXPath" />
<ActInputValue Guid="0cc19c42-8b0d-41f0-a530-2b5991db3170" Param="ElementLocateValue" ParentGuid="00000000-0000-0000-0000-000000000000" Value="//input[@id='receiverIDX3_0']" />
<ActInputValue Guid="c117a0e9-a837-447d-b3a0-ccc48b6b1b92" Param="TargetLocateBy" ParentGuid="00000000-0000-0000-0000-000000000000" Value="NA" />
<ActInputValue Guid="00a286c5-c15a-44da-87c2-cd388b0b36bf" Param="TargetElementType" ParentGuid="00000000-0000-0000-0000-000000000000" Value="Unknown" />
<ActInputValue Guid="454505a0-d139-4ee6-828e-ff38aea31f1a" Param="HandleElementType" ParentGuid="00000000-0000-0000-0000-000000000000" Value="Unknown" />
<ActInputValue Guid="47c314fd-766b-49e2-b362-3e88592638e2" Param="HandleActionType" ParentGuid="00000000-0000-0000-0000-000000000000" Value="Unknown" />
</InputValues>
</ActUIElement>
<ActUIElement Active="True" Description="SetValue : SmartCard ID" Guid="18972468-51a7-4c14-a1ea-9a2cbaaa7d49" MaxNumberOfRetries="2" ParentGuid="00000000-0000-0000-0000-000000000000" Platform="Java" RetryMechanismInterval="5" StatusConverter="None" TakeScreenShot="True" WaitVE="0" WindowsToCapture="OnlyActiveWindow">
<InputValues>
<ActInputValue Guid="294e5c98-4ec8-4ebe-9f70-7ceffc78a6a8" Param="ElementAction" ParentGuid="00000000-0000-0000-0000-000000000000" Value="SetValue" />
<ActInputValue Guid="c5ec077b-548c-4c69-a758-d9bf4ae75e9a" Param="ElementType" ParentGuid="00000000-0000-0000-0000-000000000000" Value="TextBox" />
<ActInputValue Guid="6165299b-ca9a-4e00-9be9-d54dd1158abd" Param="IsWidgetsElement" ParentGuid="00000000-0000-0000-0000-000000000000" Value="true" />
<ActInputValue Guid="cc6b30fb-6d08-42f2-8cdc-01df05827df1" Param="Value" ParentGuid="00000000-0000-0000-0000-000000000000" Value="{Var Name=Equipment smartcard ID}" />
<ActInputValue Guid="8f62d7dd-a8c9-4660-9400-98b10a9bc378" Param="ElementLocateBy" ParentGuid="00000000-0000-0000-0000-000000000000" Value="ByID" />
<ActInputValue Guid="2464c3a2-e43c-4a84-a1fe-b12cbaf1e060" Param="ElementLocateValue" ParentGuid="00000000-0000-0000-0000-000000000000" Value="smartCardIDX3_0" />
<ActInputValue Guid="145d50de-796c-4f5a-bf13-696e5fe91b3a" Param="TargetLocateBy" ParentGuid="00000000-0000-0000-0000-000000000000" Value="NA" />
<ActInputValue Guid="a4545b40-10de-41a3-bb6d-38598d79948e" Param="TargetElementType" ParentGuid="00000000-0000-0000-0000-000000000000" Value="Unknown" />
<ActInputValue Guid="e84d972f-1052-485b-ba87-20432016bb06" Param="HandleElementType" ParentGuid="00000000-0000-0000-0000-000000000000" Value="Unknown" />
<ActInputValue Guid="2407822f-3bfa-4ce9-9225-436412770295" Param="HandleActionType" ParentGuid="00000000-0000-0000-0000-000000000000" Value="Unknown" />
</InputValues>
</ActUIElement>
<ActUIElement Active="True" Description="Click : Save and Close" EnableRetryMechanism="True" Guid="150d8c5a-7f92-4eed-a901-4439d2b8c8bf" MaxNumberOfRetries="4" ParentGuid="00000000-0000-0000-0000-000000000000" Platform="Java" RetryMechanismInterval="5" StatusConverter="None" TakeScreenShot="True" WaitVE="0" WindowsToCapture="OnlyActiveWindow">
<FlowControls>
<FlowControl Active="True" BusinessFlowControlAction="GoToBusinessFlow" FlowControlAction="StopRun" Guid="a4acd991-dcf8-45a2-ae34-3d1d44bd4a47" Operator="ActionFailed" ParentGuid="00000000-0000-0000-0000-000000000000" />
</FlowControls>

<InputValues>
<ActInputValue Guid="f2633776-104b-4161-9b09-ada0b4d7a9e0" Param="ElementAction" ParentGuid="00000000-0000-0000-0000-000000000000" Value="Click" />
<ActInputValue Guid="1884fc9e-c541-499f-8ac7-4f28ca8e9fae" Param="ElementType" ParentGuid="00000000-0000-0000-0000-000000000000" Value="HyperLink" />
<ActInputValue Guid="ae83352f-ff87-4638-9611-3528b8761294" Param="IsWidgetsElement" ParentGuid="00000000-0000-0000-0000-000000000000" Value="true" />
<ActInputValue Guid="47b05ca8-cfea-45b8-8054-abd0bd1bf3fc" Param="Value" ParentGuid="00000000-0000-0000-0000-000000000000" />
<ActInputValue Guid="3966ed12-dab0-4410-960e-25737ff9043c" Param="ElementLocateBy" ParentGuid="00000000-0000-0000-0000-000000000000" Value="ByXPath" />
<ActInputValue Guid="6868dbfe-07f3-4cb0-b398-5553a7450f62" Param="ElementLocateValue" ParentGuid="00000000-0000-0000-0000-000000000000" Value="//div[3]/div[3]/a" />
<ActInputValue Guid="f2ae332d-6acb-445e-816d-5afe50ae653a" Param="ValueToSelect" ParentGuid="00000000-0000-0000-0000-000000000000" />
<ActInputValue Guid="6fb54fcb-b88e-4250-bce5-901c9ef50952" Param="TargetLocateBy" ParentGuid="00000000-0000-0000-0000-000000000000" Value="NA" />
<ActInputValue Guid="3b46909c-6a85-4b09-83d6-f71e1c9602da" Param="TargetElementType" ParentGuid="00000000-0000-0000-0000-000000000000" Value="Unknown" />
<ActInputValue Guid="72d51d44-e34c-4096-b191-6e270254ff16" Param="HandleElementType" ParentGuid="00000000-0000-0000-0000-000000000000" Value="Unknown" />
<ActInputValue Guid="0e616cba-ddda-43db-9718-6b27cb320cab" Param="HandleActionType" ParentGuid="00000000-0000-0000-0000-000000000000" Value="Unknown" />
</InputValues>
</ActUIElement>
<ActUIElement Active="True" Description="Verify Equipment is added" EnableRetryMechanism="True" Guid="7d3ea51a-749b-42b2-80ca-ce4e88ee5a23" MaxNumberOfRetries="3" ParentGuid="00000000-0000-0000-0000-000000000000" Platform="Java" RetryMechanismInterval="3" StatusConverter="InvertStatus" TakeScreenShot="True" WaitVE="3" WindowsToCapture="OnlyActiveWindow">
<InputValues>
<ActInputValue Guid="e5252147-07bc-4ab6-90d3-ed2da0c7fa24" Param="ElementAction" ParentGuid="00000000-0000-0000-0000-000000000000" Value="IsVisible" />
<ActInputValue Guid="d334deda-3352-45ff-81b5-207f7d2a1835" Param="ElementType" ParentGuid="00000000-0000-0000-0000-000000000000" Value="HyperLink" />
<ActInputValue Guid="7fba60a8-cd92-4f32-9ba6-bc9d26b5ce8b" Param="IsWidgetsElement" ParentGuid="00000000-0000-0000-0000-000000000000" Value="true" />
<ActInputValue Guid="5c2747ee-4c41-4d39-a07d-7fe5970c9c57" Param="Value" ParentGuid="00000000-0000-0000-0000-000000000000" />
<ActInputValue Guid="fb4216fe-32d0-4282-a275-206ad16b30a2" Param="ElementLocateBy" ParentGuid="00000000-0000-0000-0000-000000000000" Value="ByRelXPath" />
<ActInputValue Guid="c6d20002-be2b-449c-818b-35324afedc54" Param="ElementLocateValue" ParentGuid="00000000-0000-0000-0000-000000000000" Value="//div[@id='NPCContent']/div/div[6]/div/div[2]/div[2]/div[4]/div[2]/a" />
<ActInputValue Guid="32123eb4-42d5-41c3-a2a2-c2129e9e2686" Param="TargetLocateBy" ParentGuid="00000000-0000-0000-0000-000000000000" Value="NA" />
<ActInputValue Guid="76b046ae-4c3f-422f-8a2d-b0e023131bbf" Param="TargetElementType" ParentGuid="00000000-0000-0000-0000-000000000000" Value="Unknown" />
<ActInputValue Guid="79da5b36-90c8-4cec-8215-22fd145be625" Param="HandleElementType" ParentGuid="00000000-0000-0000-0000-000000000000" Value="Unknown" />
<ActInputValue Guid="6118c94f-eb51-4b7a-af16-0e50bce91418" Param="HandleActionType" ParentGuid="00000000-0000-0000-0000-000000000000" Value="Unknown" />
</InputValues>

<ReturnValues>
<ActReturnValue Active="True" Guid="b32f64d6-9b23-4265-b212-94b80d43e95c" mExpected="false" Operator="Equals" Param="Actual0" ParentGuid="00000000-0000-0000-0000-000000000000" StoreTo="None" />
</ReturnValues>
</ActUIElement>
<ActUIElement Active="True" Description="Click : btnPreviousStep" Guid="8e70efd6-e43d-47b4-b375-d849be904285" MaxNumberOfRetries="2" ParentGuid="00000000-0000-0000-0000-000000000000" Platform="Java" RetryMechanismInterval="5" StatusConverter="None" WindowsToCapture="OnlyActiveWindow">
<InputValues>
<ActInputValue Guid="be5ab0b3-ac8f-4b56-b597-4bb45a9260cf" Param="ElementAction" ParentGuid="00000000-0000-0000-0000-000000000000" Value="Click" />
<ActInputValue Guid="1f90fd79-70e1-40d7-b2a1-f501947b7d57" Param="ElementType" ParentGuid="00000000-0000-0000-0000-000000000000" Value="Button" />
<ActInputValue Guid="4a870e9c-51cd-4183-945b-5c48cea6a130" Param="Value" ParentGuid="00000000-0000-0000-0000-000000000000" />
<ActInputValue Guid="c9a025b7-0c6b-4a6b-bf7c-4408ebad52d7" Param="ElementLocateBy" ParentGuid="00000000-0000-0000-0000-000000000000" Value="ByXPath" />
<ActInputValue Guid="d3e74d08-2620-47ec-ab51-9435a1b29879" Param="ElementLocateValue" ParentGuid="00000000-0000-0000-0000-000000000000" Value="/javax.swing.JRootPane[0]/null.layeredPane/null.contentPane/javax.swing.JSplitPane[0]/com.amdocs.uif.workspace.desktop.AppDesktopPane[0]/com.amdocs.oms.phd.order.OrderingFrameworkPHD/javax.swing.JRootPane[0]/null.layeredPane/root/javax.swing.JViewport[0]/root/pnlNavigationButtons/[[Name:btnPreviousStep][ClassName:com.amdocs.uif.widgets.ButtonNative$JXButton]]" />
<ActInputValue Guid="127c0836-cacb-4559-b9e1-5c43a4f46d7d" Param="ValueToSelect" ParentGuid="00000000-0000-0000-0000-000000000000" />
<ActInputValue Guid="b78b1ddb-ca47-4b7f-bf01-ce42e438e401" Param="TargetLocateBy" ParentGuid="00000000-0000-0000-0000-000000000000" Value="NA" />
<ActInputValue Guid="fe7fd6d9-4af2-46d1-98f0-aabd9839ca46" Param="TargetElementType" ParentGuid="00000000-0000-0000-0000-000000000000" Value="Unknown" />
<ActInputValue Guid="7e692335-b267-4738-8e70-da3cfed0de5b" Param="HandleElementType" ParentGuid="00000000-0000-0000-0000-000000000000" Value="Unknown" />
<ActInputValue Guid="4df49de2-7baf-4cf0-a6d5-510b475c06b4" Param="HandleActionType" ParentGuid="00000000-0000-0000-0000-000000000000" Value="Unknown" />
<ActInputValue Guid="bbf60842-64b7-468a-8ed4-18b593c1416a" Param="IsWidgetsElement" ParentGuid="00000000-0000-0000-0000-000000000000" Value="false" />
<ActInputValue Guid="b42dd7ea-a64c-4cfc-a35c-0be6ccc98d0e" Param="WaitforIdle" ParentGuid="00000000-0000-0000-0000-000000000000" Value="Medium" />
</InputValues>
</ActUIElement>
<ActUIElement Active="True" Description="Click : btnNextStep" Guid="63c7d160-34a0-40c7-98b2-9aeecbcccadd" MaxNumberOfRetries="2" ParentGuid="00000000-0000-0000-0000-000000000000" Platform="Java" RetryMechanismInterval="5" StatusConverter="None" WindowsToCapture="OnlyActiveWindow">
<FlowControls>
<FlowControl Active="True" BusinessFlowControlAction="GoToBusinessFlow" FlowControlAction="GoToActivity" Guid="144d35f4-ab22-4075-89ae-b9e08d3c9935" Operator="ActionPassed" ParentGuid="00000000-0000-0000-0000-000000000000" Value="01d4f788-12a4-493c-9bda-8bf28d2f58f0#GUID_NAME#CHQ - NPC - next step" />
</FlowControls>

<InputValues>
<ActInputValue Guid="a8cd54e4-eb8e-4a66-9cbc-a2bf88a267a7" Param="ElementAction" ParentGuid="00000000-0000-0000-0000-000000000000" Value="Click" />
<ActInputValue Guid="33c1e5cb-cf88-4083-81ee-dd8dcbdb24a9" Param="ElementType" ParentGuid="00000000-0000-0000-0000-000000000000" Value="Button" />
<ActInputValue Guid="cf966ff2-6671-44f2-bf63-7ecea39a83f7" Param="Value" ParentGuid="00000000-0000-0000-0000-000000000000" />
<ActInputValue Guid="ed6bb69f-f784-45b7-b351-c9d7a177820e" Param="ElementLocateBy" ParentGuid="00000000-0000-0000-0000-000000000000" Value="ByXPath" />
<ActInputValue Guid="69e72d61-c2af-41ee-9420-1f3419614f6f" Param="ElementLocateValue" ParentGuid="00000000-0000-0000-0000-000000000000" Value="/javax.swing.JRootPane[0]/null.layeredPane/null.contentPane/javax.swing.JSplitPane[0]/com.amdocs.uif.workspace.desktop.AppDesktopPane[0]/com.amdocs.oms.phd.order.OrderingFrameworkPHD/javax.swing.JRootPane[0]/null.layeredPane/root/javax.swing.JViewport[0]/root/pnlNavigationButtons/[[Name:btnNextStep][ClassName:com.amdocs.uif.widgets.ButtonNative$JXButton]]" />
<ActInputValue Guid="fb5d3be8-d7aa-45b9-9b88-9e1757972237" Param="ValueToSelect" ParentGuid="00000000-0000-0000-0000-000000000000" />
<ActInputValue Guid="3a7ebab9-688b-429e-9452-da2394b967c5" Param="TargetLocateBy" ParentGuid="00000000-0000-0000-0000-000000000000" Value="NA" />
<ActInputValue Guid="f018dbf7-38ae-46dc-a948-484f99d4a29d" Param="TargetElementType" ParentGuid="00000000-0000-0000-0000-000000000000" Value="Unknown" />
<ActInputValue Guid="fa03b13c-fec2-409e-a003-003ecbe784a9" Param="HandleElementType" ParentGuid="00000000-0000-0000-0000-000000000000" Value="Unknown" />
<ActInputValue Guid="d4c4bdcd-ab29-44f0-80a0-496d7c0cb3b0" Param="HandleActionType" ParentGuid="00000000-0000-0000-0000-000000000000" Value="Unknown" />
<ActInputValue Guid="061d789f-d9f3-492b-8439-58978260ad10" Param="IsWidgetsElement" ParentGuid="00000000-0000-0000-0000-000000000000" Value="false" />
<ActInputValue Guid="24a1b4f9-cfcf-453f-90a9-3a6759e0b802" Param="WaitforIdle" ParentGuid="00000000-0000-0000-0000-000000000000" Value="Medium" />
</InputValues>
</ActUIElement>
</Acts>

<Variables>
<VariableString Guid="c61284bc-f7e5-475b-93bd-27cea1638c5e" MappedOutputType="None" Name="Equipment receiver ID" ParentGuid="00000000-0000-0000-0000-000000000000" SetAsInputValue="False" SetAsOutputValue="False" />
<VariableString Guid="0c873dfa-e91a-47d7-956c-3d56895d945f" MappedOutputType="None" Name="Equipment smartcard ID" ParentGuid="00000000-0000-0000-0000-000000000000" SetAsInputValue="False" SetAsOutputValue="False" />
</Variables>
</Activity></GingerRepositoryItem>