﻿<?xml version="1.0" encoding="utf-8"?>
<GingerRepositoryItem><Header ItemGuid="1688bae4-768e-440a-bf1a-a3059bd61e36" ItemType="Activity" CreatedBy="christian.poblete" Created="202101281850" GingerVersion="3.6.0.0" Version="1" LastUpdateBy="christian.poblete" LastUpdate="202101281850" />
<Activity ActionRunOption="StopActionsRunOnFailure" Active="True" ActivityName="CHQ - Cease - Start Cease order" AutomationStatus="Automated" ErrorHandlerMappingType="AllAvailableHandlers" Guid="1688bae4-768e-440a-bf1a-a3059bd61e36" ParentGuid="00000000-0000-0000-0000-000000000000" PercentAutomated="100%" TargetApplication="MyJavaApp">
<Acts>
<ActUIElement Active="True" Description="Click : menuAction" Guid="0c8e567d-ce17-48f2-be8d-5e2cdc14dca5" MaxNumberOfRetries="2" ParentGuid="00000000-0000-0000-0000-000000000000" Platform="Java" RetryMechanismInterval="5" StatusConverter="None" TakeScreenShot="True" WaitVE="0" WindowsToCapture="OnlyActiveWindow">
<InputValues>
<ActInputValue Guid="4c725e5f-20ca-42d9-b385-2ae7801fe174" Param="ElementAction" ParentGuid="00000000-0000-0000-0000-000000000000" Value="Click" />
<ActInputValue Guid="d2558362-dff3-4052-91f1-a24e0f4f8117" Param="ElementType" ParentGuid="00000000-0000-0000-0000-000000000000" Value="MenuItem" />
<ActInputValue Guid="71ff16fc-2ec2-4074-afed-406f27075c28" Param="Value" ParentGuid="00000000-0000-0000-0000-000000000000" />
<ActInputValue Guid="53b0da14-1046-4e60-9812-322981b7238a" Param="ElementLocateBy" ParentGuid="00000000-0000-0000-0000-000000000000" Value="ByName" />
<ActInputValue Guid="50870562-0a43-42f7-a79a-0295dd2b1459" Param="ElementLocateValue" ParentGuid="00000000-0000-0000-0000-000000000000" Value="menuAction" />
<ActInputValue Guid="f61914c8-8239-451b-8b5d-6763851b6bbc" Param="ValueToSelect" ParentGuid="00000000-0000-0000-0000-000000000000" />
<ActInputValue Guid="cd64fff1-b4e0-4fc2-95f5-63303c1ef653" Param="TargetLocateBy" ParentGuid="00000000-0000-0000-0000-000000000000" Value="NA" />
<ActInputValue Guid="7fb6367f-eab7-4779-8e48-f05267b3411f" Param="TargetElementType" ParentGuid="00000000-0000-0000-0000-000000000000" Value="Unknown" />
<ActInputValue Guid="e14549e2-dec6-4368-a858-9d8780733784" Param="HandleElementType" ParentGuid="00000000-0000-0000-0000-000000000000" Value="Unknown" />
<ActInputValue Guid="f86c813e-0a19-45af-9447-0fb723622f0f" Param="HandleActionType" ParentGuid="00000000-0000-0000-0000-000000000000" Value="Unknown" />
<ActInputValue Guid="872a1adb-0de7-4d07-89cb-d1f72b1fc658" Param="IsWidgetsElement" ParentGuid="00000000-0000-0000-0000-000000000000" Value="false" />
<ActInputValue Guid="2e05fa9c-a813-4a35-b083-956e94d75ce7" Param="WaitforIdle" ParentGuid="00000000-0000-0000-0000-000000000000" Value="Medium" />
</InputValues>
</ActUIElement>
<ActUIElement Active="True" Description="Click : menuActionsOrdering" Guid="0e76eb45-445c-4253-b76e-d2d5683224cc" MaxNumberOfRetries="2" ParentGuid="00000000-0000-0000-0000-000000000000" Platform="Java" RetryMechanismInterval="5" StatusConverter="None" TakeScreenShot="True" WaitVE="0" WindowsToCapture="OnlyActiveWindow">
<InputValues>
<ActInputValue Guid="2c470fc7-8899-4ead-91ca-55caf2c6feba" Param="ElementAction" ParentGuid="00000000-0000-0000-0000-000000000000" Value="Click" />
<ActInputValue Guid="ff8d5dab-bd96-45b2-9d5c-701e22148631" Param="ElementType" ParentGuid="00000000-0000-0000-0000-000000000000" Value="MenuItem" />
<ActInputValue Guid="dbd0d7eb-a7ee-421b-8353-2cf1d8b84ee4" Param="Value" ParentGuid="00000000-0000-0000-0000-000000000000" />
<ActInputValue Guid="066fb4bf-27c5-4e9c-9b49-672493b74999" Param="ElementLocateBy" ParentGuid="00000000-0000-0000-0000-000000000000" Value="ByName" />
<ActInputValue Guid="206ed061-56df-4461-a5b1-79f75da698df" Param="ElementLocateValue" ParentGuid="00000000-0000-0000-0000-000000000000" Value="menuActionsOrdering" />
<ActInputValue Guid="f6761aa5-d89c-422f-acba-156bc4f89646" Param="ValueToSelect" ParentGuid="00000000-0000-0000-0000-000000000000" />
<ActInputValue Guid="fa632b84-cbbe-40e8-b7ab-1d5df17e6256" Param="TargetLocateBy" ParentGuid="00000000-0000-0000-0000-000000000000" Value="NA" />
<ActInputValue Guid="d8439650-d5f4-4b4f-9a1e-46832a12887c" Param="TargetElementType" ParentGuid="00000000-0000-0000-0000-000000000000" Value="Unknown" />
<ActInputValue Guid="b1c3d522-cfc2-4a89-9f2d-21d5d5584a55" Param="HandleElementType" ParentGuid="00000000-0000-0000-0000-000000000000" Value="Unknown" />
<ActInputValue Guid="5fde88be-5998-46d9-b574-d2626ea10519" Param="HandleActionType" ParentGuid="00000000-0000-0000-0000-000000000000" Value="Unknown" />
<ActInputValue Guid="7ef04832-35ff-49ce-8a78-338a9d6b7e60" Param="IsWidgetsElement" ParentGuid="00000000-0000-0000-0000-000000000000" Value="false" />
<ActInputValue Guid="1500a836-d808-47b5-afdc-1371b1abfb29" Param="WaitforIdle" ParentGuid="00000000-0000-0000-0000-000000000000" Value="Medium" />
</InputValues>
</ActUIElement>
<ActUIElement Active="True" Description="Click : menuItemActionsCease" Guid="81724be4-330a-4b0f-8c31-ed522d97f075" MaxNumberOfRetries="2" ParentGuid="00000000-0000-0000-0000-000000000000" Platform="Java" RetryMechanismInterval="5" StatusConverter="None" TakeScreenShot="True" WaitVE="0" WindowsToCapture="OnlyActiveWindow">
<InputValues>
<ActInputValue Guid="b2e3b251-472a-483d-9c3e-c259bf3c7704" Param="ElementAction" ParentGuid="00000000-0000-0000-0000-000000000000" Value="Click" />
<ActInputValue Guid="a0e73541-c296-4493-ba1a-81669b978109" Param="ElementType" ParentGuid="00000000-0000-0000-0000-000000000000" Value="Unknown" />
<ActInputValue Guid="aa1847f4-ca9e-49ed-8990-3da39f7622e6" Param="Value" ParentGuid="00000000-0000-0000-0000-000000000000" />
<ActInputValue Guid="5fe58020-2f38-4c0e-a3f4-bab2405b9f2c" Param="ElementLocateBy" ParentGuid="00000000-0000-0000-0000-000000000000" Value="ByName" />
<ActInputValue Guid="33cb5ac0-1463-491d-b8ab-897607aca221" Param="ElementLocateValue" ParentGuid="00000000-0000-0000-0000-000000000000" Value="menuItemActionsCease" />
<ActInputValue Guid="c143841d-db56-4b65-b87d-fdc19e39d528" Param="ValueToSelect" ParentGuid="00000000-0000-0000-0000-000000000000" />
<ActInputValue Guid="498b6706-8338-4674-80ee-7f78850098a7" Param="TargetLocateBy" ParentGuid="00000000-0000-0000-0000-000000000000" Value="NA" />
<ActInputValue Guid="6a0a2bd6-a630-4b11-b844-69638af51d3a" Param="TargetElementType" ParentGuid="00000000-0000-0000-0000-000000000000" Value="Unknown" />
<ActInputValue Guid="13aeb5e9-a2b8-4fc0-b5d9-a0d930b083a1" Param="HandleElementType" ParentGuid="00000000-0000-0000-0000-000000000000" Value="Unknown" />
<ActInputValue Guid="d437f27d-e125-4207-adb9-adeaee132fe9" Param="HandleActionType" ParentGuid="00000000-0000-0000-0000-000000000000" Value="Unknown" />
<ActInputValue Guid="78466c2d-e223-4309-8b36-328452645d9a" Param="IsWidgetsElement" ParentGuid="00000000-0000-0000-0000-000000000000" Value="false" />
<ActInputValue Guid="118dbfc7-b68d-4627-a4ac-4586fb1369cd" Param="WaitforIdle" ParentGuid="00000000-0000-0000-0000-000000000000" Value="Medium" />
<ActInputValue Guid="696d7399-8d97-420f-87b1-3ce4d3854461" Param="XCoordinate" ParentGuid="00000000-0000-0000-0000-000000000000" />
<ActInputValue Guid="839b78f9-eb70-4175-b529-742c9e377d06" Param="YCoordinate" ParentGuid="00000000-0000-0000-0000-000000000000" />
<ActInputValue Guid="4aa8b471-e8d2-4373-8fdb-088fe03cc1da" Param="ControlAction" ParentGuid="00000000-0000-0000-0000-000000000000" />
</InputValues>
</ActUIElement>
<ActUIElement Active="True" Description="Verify UOAA screen is displayed" Guid="df1388e1-5fdc-455a-99db-08485dbe8bf0" MaxNumberOfRetries="5" ParentGuid="00000000-0000-0000-0000-000000000000" Platform="Java" RetryMechanismInterval="3" StatusConverter="None" TakeScreenShot="True" WaitVE="1" WindowsToCapture="OnlyActiveWindow">
<FlowControls>
<FlowControl Active="True" BusinessFlowControlAction="GoToBusinessFlow" FlowControlAction="StopRun" Guid="0c0661aa-8ccb-4580-9fc2-4117397a4033" Operator="ActionFailed" ParentGuid="00000000-0000-0000-0000-000000000000" />
</FlowControls>

<InputValues>
<ActInputValue Guid="80524c39-46ad-4094-a558-b02dc2e152d0" Param="ElementAction" ParentGuid="00000000-0000-0000-0000-000000000000" Value="IsVisible" />
<ActInputValue Guid="45be2070-c535-461a-bdc7-b7b03165f627" Param="ElementType" ParentGuid="00000000-0000-0000-0000-000000000000" Value="TextBox" />
<ActInputValue Guid="9cc29e3d-b0d1-4bf6-a97e-a62cbc7f7227" Param="Value" ParentGuid="00000000-0000-0000-0000-000000000000" />
<ActInputValue Guid="35627fab-6fa0-4e18-ae8f-e2860e6748b6" Param="ElementLocateBy" ParentGuid="00000000-0000-0000-0000-000000000000" Value="ByXPath" />
<ActInputValue Guid="d609bebe-dc91-45df-82ce-1c8916571e7b" Param="ElementLocateValue" ParentGuid="00000000-0000-0000-0000-000000000000" Value="/javax.swing.JRootPane[0]/null.layeredPane/null.contentPane/javax.swing.JSplitPane[0]/com.amdocs.uif.workspace.desktop.AppDesktopPane[0]/com.amdocs.oms.phd.order.OrderingFrameworkPHD/javax.swing.JRootPane[0]/null.layeredPane/root/javax.swing.JViewport[0]/root/pnlActivityArea/root/pnlOrderHeader/[[Name:txtOrderStatus][ClassName:com.amdocs.uif.widgets.TextFieldNative$1]]" />
<ActInputValue Guid="85b67b33-2166-4d44-8a96-241a82d7400f" Param="IsWidgetsElement" ParentGuid="00000000-0000-0000-0000-000000000000" Value="false" />
<ActInputValue Guid="0ef18f73-7989-4990-8987-03e56a894830" Param="WaitforIdle" ParentGuid="00000000-0000-0000-0000-000000000000" Value="None" />
<ActInputValue Guid="34bd696b-b390-4a89-9c46-095c3ec746d3" Param="TargetLocateBy" ParentGuid="00000000-0000-0000-0000-000000000000" Value="NA" />
<ActInputValue Guid="8a370054-ce9a-4862-ac12-91acfef54974" Param="TargetElementType" ParentGuid="00000000-0000-0000-0000-000000000000" Value="Unknown" />
<ActInputValue Guid="0e827682-7001-4bc1-8efa-3f8275df3783" Param="HandleElementType" ParentGuid="00000000-0000-0000-0000-000000000000" Value="Unknown" />
<ActInputValue Guid="2a406650-7ab1-4041-9913-57815a4a4b5e" Param="HandleActionType" ParentGuid="00000000-0000-0000-0000-000000000000" Value="Unknown" />
</InputValues>

<ReturnValues>
<ActReturnValue Active="True" Guid="d720f363-ad76-4b25-9cbb-dcd905668fa3" mExpected="true" Operator="Equals" Param="Actual0" ParentGuid="00000000-0000-0000-0000-000000000000" StoreTo="None" />
</ReturnValues>
</ActUIElement>
<ActUIElement Active="True" Description="UI Element Action. Switch" Guid="f551d004-b823-4014-a7d5-cdeb931fa33d" MaxNumberOfRetries="2" ParentGuid="00000000-0000-0000-0000-000000000000" Platform="Java" RetryMechanismInterval="5" StatusConverter="None" WaitVE="0" WindowsToCapture="OnlyActiveWindow">
<InputValues>
<ActInputValue Guid="bff8cf47-08d6-4266-a005-147634f40c67" Param="LocateBy" ParentGuid="00000000-0000-0000-0000-000000000000" Value="NA" />
<ActInputValue Guid="002e247f-cf9d-4749-8a6a-ee5b67702195" Param="LocateValue" ParentGuid="00000000-0000-0000-0000-000000000000" />
<ActInputValue Guid="12a11b9f-5437-499f-ba0f-43642964d86f" Param="Value" ParentGuid="00000000-0000-0000-0000-000000000000" />
<ActInputValue Guid="1371eed8-6e2f-48d2-8e32-d3891b91e93f" Param="ElementType" ParentGuid="00000000-0000-0000-0000-000000000000" Value="Window" />
<ActInputValue Guid="8cc36efa-ca48-4a37-9981-7abfd2cc3b3f" Param="ElementAction" ParentGuid="00000000-0000-0000-0000-000000000000" Value="Switch" />
<ActInputValue Guid="875533d9-d5c3-479f-8a58-bb595780dbee" Param="ElementLocateBy" ParentGuid="00000000-0000-0000-0000-000000000000" Value="ByTitle" />
<ActInputValue Guid="52b7d53b-ade0-4b90-bbcf-065b9f2a015a" Param="ElementLocateValue" ParentGuid="00000000-0000-0000-0000-000000000000" Value="Amdocs Customer" />
<ActInputValue Guid="2a1b2d74-0885-40dd-8ac6-9cfeb4704f6a" Param="SyncTime" ParentGuid="00000000-0000-0000-0000-000000000000" Value="30" />
<ActInputValue Guid="ee70387e-5901-45a0-93a6-41bc9f239845" Param="IsWidgetsElement" ParentGuid="00000000-0000-0000-0000-000000000000" Value="false" />
<ActInputValue Guid="9029a57d-8843-4a74-b4e2-1e8a2481ea2e" Param="WaitforIdle" ParentGuid="00000000-0000-0000-0000-000000000000" Value="None" />
<ActInputValue Guid="762a0308-caf6-4495-a871-614c1a0b9cd2" Param="TargetLocateBy" ParentGuid="00000000-0000-0000-0000-000000000000" Value="NA" />
<ActInputValue Guid="7874af86-5122-4cc1-8f61-b082106963ea" Param="TargetElementType" ParentGuid="00000000-0000-0000-0000-000000000000" Value="Unknown" />
<ActInputValue Guid="6a9786e5-a835-4a62-ba15-bf5eddbdb547" Param="HandleElementType" ParentGuid="00000000-0000-0000-0000-000000000000" Value="Unknown" />
<ActInputValue Guid="920af8f0-bd05-4b11-b741-0592f0c10633" Param="HandleActionType" ParentGuid="00000000-0000-0000-0000-000000000000" Value="Unknown" />
</InputValues>
</ActUIElement>
<ActSendKeys Active="True" Description="Send Keys Action" Guid="23e74d05-6433-4757-ac13-ba18f2b69091" MaxNumberOfRetries="2" ParentGuid="00000000-0000-0000-0000-000000000000" Platform="NA" RetryMechanismInterval="5" StatusConverter="None" WaitVE="2" WindowsToCapture="OnlyActiveWindow">
<InputValues>
<ActInputValue Guid="32c4d3ae-b0e4-49c6-9606-b0135a6c6034" Param="LocateBy" ParentGuid="00000000-0000-0000-0000-000000000000" Value="ByTitle" />
<ActInputValue Guid="dcf20e08-d854-4821-a862-b155aa017af8" Param="LocateValue" ParentGuid="00000000-0000-0000-0000-000000000000" Value="Amdocs Customer" />
<ActInputValue Guid="64a0dfdd-fc70-41ed-8e77-0ce56732b93b" Param="Value" ParentGuid="00000000-0000-0000-0000-000000000000" Value="%n" />
</InputValues>
</ActSendKeys>
<ActSendKeys Active="True" Description="Send Keys Action" Guid="0891d112-3c87-4e6b-b8cb-f223fa9bb4cd" MaxNumberOfRetries="2" ParentGuid="00000000-0000-0000-0000-000000000000" Platform="NA" RetryMechanismInterval="5" StatusConverter="None" WaitVE="1" WindowsToCapture="OnlyActiveWindow">
<InputValues>
<ActInputValue Guid="32c4d3ae-b0e4-49c6-9606-b0135a6c6034" Param="LocateBy" ParentGuid="00000000-0000-0000-0000-000000000000" Value="ByTitle" />
<ActInputValue Guid="dcf20e08-d854-4821-a862-b155aa017af8" Param="LocateValue" ParentGuid="00000000-0000-0000-0000-000000000000" Value="Amdocs Customer" />
<ActInputValue Guid="64a0dfdd-fc70-41ed-8e77-0ce56732b93b" Param="Value" ParentGuid="00000000-0000-0000-0000-000000000000" Value="%n" />
</InputValues>
</ActSendKeys>
<ActSendKeys Active="True" Description="Send Keys Action" Guid="fca4df89-0302-4559-beee-d2a471a15ce8" MaxNumberOfRetries="2" ParentGuid="00000000-0000-0000-0000-000000000000" Platform="NA" RetryMechanismInterval="5" StatusConverter="None" WaitVE="1" WindowsToCapture="OnlyActiveWindow">
<InputValues>
<ActInputValue Guid="32c4d3ae-b0e4-49c6-9606-b0135a6c6034" Param="LocateBy" ParentGuid="00000000-0000-0000-0000-000000000000" Value="ByTitle" />
<ActInputValue Guid="dcf20e08-d854-4821-a862-b155aa017af8" Param="LocateValue" ParentGuid="00000000-0000-0000-0000-000000000000" Value="Amdocs Customer" />
<ActInputValue Guid="64a0dfdd-fc70-41ed-8e77-0ce56732b93b" Param="Value" ParentGuid="00000000-0000-0000-0000-000000000000" Value="{ESC}" />
</InputValues>
</ActSendKeys>
<ActSendKeys Active="True" Description="Send Keys Action" Guid="8ccd5626-1d03-47f2-b5c4-cc609d09363b" MaxNumberOfRetries="2" ParentGuid="00000000-0000-0000-0000-000000000000" Platform="NA" RetryMechanismInterval="5" StatusConverter="None" WaitVE="1" WindowsToCapture="OnlyActiveWindow">
<InputValues>
<ActInputValue Guid="32c4d3ae-b0e4-49c6-9606-b0135a6c6034" Param="LocateBy" ParentGuid="00000000-0000-0000-0000-000000000000" Value="ByTitle" />
<ActInputValue Guid="dcf20e08-d854-4821-a862-b155aa017af8" Param="LocateValue" ParentGuid="00000000-0000-0000-0000-000000000000" Value="Amdocs Customer" />
<ActInputValue Guid="64a0dfdd-fc70-41ed-8e77-0ce56732b93b" Param="Value" ParentGuid="00000000-0000-0000-0000-000000000000" Value="{ESC}" />
</InputValues>
</ActSendKeys>
</Acts>
</Activity></GingerRepositoryItem>