﻿<?xml version="1.0" encoding="utf-8"?>
<GingerRepositoryItem><Header ItemGuid="01d4f788-12a4-493c-9bda-8bf28d2f58f0" ItemType="Activity" CreatedBy="christian.poblete" Created="202101181512" GingerVersion="3.6.0.0" Version="1" LastUpdateBy="christian.poblete" LastUpdate="202101181512" />
<Activity ActionRunOption="StopActionsRunOnFailure" Active="True" ActivityName="CHQ - NPC - next step" AutomationStatus="Automated" ErrorHandlerMappingType="AllAvailableHandlers" Guid="01d4f788-12a4-493c-9bda-8bf28d2f58f0" ParentGuid="00000000-0000-0000-0000-000000000000" PercentAutomated="100%" TargetApplication="MyJavaApp">
<Acts>
<ActDummy Active="True" Description="Next Step" Guid="42a1df42-2a66-45ef-9fc8-d572c0411893" MaxNumberOfRetries="2" ParentGuid="00000000-0000-0000-0000-000000000000" Platform="NA" RetryMechanismInterval="5" StatusConverter="None" WaitVE="0" WindowsToCapture="OnlyActiveWindow">
<InputValues>
<ActInputValue Guid="c7cae777-b63e-4e7e-9972-9028ba63cfe1" Param="Value" ParentGuid="00000000-0000-0000-0000-000000000000" />
</InputValues>
</ActDummy>
</Acts>
</Activity></GingerRepositoryItem>