﻿<?xml version="1.0" encoding="utf-8"?>
<GingerRepositoryItem><Header ItemGuid="3582d8ca-a639-4c07-a42e-eb80f2ba96f9" ItemType="Activity" CreatedBy="christian.poblete" Created="202101181502" GingerVersion="3.6.0.0" Version="1" LastUpdateBy="christian.poblete" LastUpdate="202101181502" />
<Activity ActionRunOption="StopActionsRunOnFailure" Active="True" ActivityName="CHQ - NPC - Go to next step" AutomationStatus="Automated" ErrorHandlerMappingType="AllAvailableHandlers" Guid="3582d8ca-a639-4c07-a42e-eb80f2ba96f9" ParentGuid="00000000-0000-0000-0000-000000000000" PercentAutomated="100%" TargetApplication="MyJavaApp">
<Acts>
<ActDummy Active="True" Description="Go to next step" Guid="98871fa3-f2c8-47bb-9a2d-05cd149c93d0" MaxNumberOfRetries="2" ParentGuid="00000000-0000-0000-0000-000000000000" Platform="NA" RetryMechanismInterval="5" StatusConverter="None" WindowsToCapture="OnlyActiveWindow">
<InputValues>
<ActInputValue Guid="5512dd07-992d-495a-b33e-a40e212ed730" Param="Value" ParentGuid="00000000-0000-0000-0000-000000000000" />
</InputValues>
</ActDummy>
</Acts>
</Activity></GingerRepositoryItem>