﻿<?xml version="1.0" encoding="utf-8"?>
<GingerRepositoryItem><Header ItemGuid="f382ad0a-3f86-4e73-a28b-74039e09e3c8" ItemType="Activity" CreatedBy="christian.poblete" Created="202101152054" GingerVersion="3.6.0.0" Version="1" LastUpdateBy="christian.poblete" LastUpdate="202101152054" />
<Activity ActionRunOption="StopActionsRunOnFailure" Active="True" ActivityName="CHQ - Open assigned products screen" AutomationStatus="Automated" ErrorHandlerMappingType="AllAvailableHandlers" Guid="f382ad0a-3f86-4e73-a28b-74039e09e3c8" ParentGuid="00000000-0000-0000-0000-000000000000" PercentAutomated="100%" TargetApplication="MyJavaApp">
<Acts>
<ActUIElement Active="True" Description="Click : menuSearch" Guid="b702a4c6-f2c4-4d5a-8996-695f79fd583f" MaxNumberOfRetries="2" ParentGuid="00000000-0000-0000-0000-000000000000" Platform="NA" RetryMechanismInterval="5" StatusConverter="None" TakeScreenShot="True" WaitVE="0" WindowsToCapture="OnlyActiveWindow">
<InputValues>
<ActInputValue Guid="3b179672-6649-4dda-ae85-fead997c83b1" Param="ElementAction" ParentGuid="00000000-0000-0000-0000-000000000000" Value="Click" />
<ActInputValue Guid="c24f2d8e-3677-40c6-8719-bc9bf73cad6e" Param="ElementType" ParentGuid="00000000-0000-0000-0000-000000000000" Value="MenuItem" />
<ActInputValue Guid="d3ebfb6b-e7e4-40f2-ae72-df0b13c7cea3" Param="Value" ParentGuid="00000000-0000-0000-0000-000000000000" />
<ActInputValue Guid="3585c06d-9367-4b86-ac4a-043e1262cfb3" Param="ElementLocateBy" ParentGuid="00000000-0000-0000-0000-000000000000" Value="ByName" />
<ActInputValue Guid="ac12ca7c-6b73-44d0-b273-27075e3b19ce" Param="ElementLocateValue" ParentGuid="00000000-0000-0000-0000-000000000000" Value="menuSearch" />
<ActInputValue Guid="c6bfeb01-e270-487f-b270-d50dd0a7e8bf" Param="ValueToSelect" ParentGuid="00000000-0000-0000-0000-000000000000" />
<ActInputValue Guid="88daa5c8-2ed3-46b7-9257-cbe9946f416d" Param="TargetLocateBy" ParentGuid="00000000-0000-0000-0000-000000000000" Value="NA" />
<ActInputValue Guid="6a8a5912-3e6a-4bd3-8b63-fbc1b2f73eda" Param="TargetElementType" ParentGuid="00000000-0000-0000-0000-000000000000" Value="Unknown" />
<ActInputValue Guid="c6ab6a2d-81ab-48f5-8bf9-1437679d5873" Param="HandleElementType" ParentGuid="00000000-0000-0000-0000-000000000000" Value="Unknown" />
<ActInputValue Guid="e5093baa-ef20-4fcf-b84a-22811ec916ba" Param="HandleActionType" ParentGuid="00000000-0000-0000-0000-000000000000" Value="Unknown" />
</InputValues>
</ActUIElement>
<ActUIElement Active="True" Description="Click : menuSearchOrdering" Guid="b771010d-2b13-4472-82c8-a7e34a4829a6" MaxNumberOfRetries="2" ParentGuid="00000000-0000-0000-0000-000000000000" Platform="Java" RetryMechanismInterval="5" StatusConverter="None" TakeScreenShot="True" WaitVE="0" WindowsToCapture="OnlyActiveWindow">
<InputValues>
<ActInputValue Guid="082d514c-032b-4dbb-8171-0feb238332eb" Param="ElementAction" ParentGuid="00000000-0000-0000-0000-000000000000" Value="Click" />
<ActInputValue Guid="04c7e654-be3d-4981-86be-03374ef42b8f" Param="ElementType" ParentGuid="00000000-0000-0000-0000-000000000000" Value="MenuItem" />
<ActInputValue Guid="f9214061-831c-4320-aa0e-47b343ad4964" Param="Value" ParentGuid="00000000-0000-0000-0000-000000000000" />
<ActInputValue Guid="d3fa08e6-c490-4406-9eb5-ca48594c7a49" Param="ElementLocateBy" ParentGuid="00000000-0000-0000-0000-000000000000" Value="ByName" />
<ActInputValue Guid="172c55da-d3c7-4996-9c8b-cc3946529df7" Param="ElementLocateValue" ParentGuid="00000000-0000-0000-0000-000000000000" Value="menuSearchOrdering" />
<ActInputValue Guid="e2c0ecb1-ece2-425b-a189-938321329829" Param="ValueToSelect" ParentGuid="00000000-0000-0000-0000-000000000000" />
<ActInputValue Guid="8873e5ec-56aa-499b-8600-fa616d5af911" Param="IsWidgetsElement" ParentGuid="00000000-0000-0000-0000-000000000000" Value="false" />
<ActInputValue Guid="004c8b56-c00c-4a3f-9c44-933d31081380" Param="WaitforIdle" ParentGuid="00000000-0000-0000-0000-000000000000" Value="Medium" />
<ActInputValue Guid="7951e081-73ed-4de8-bc8d-3ebe2d0334c4" Param="TargetLocateBy" ParentGuid="00000000-0000-0000-0000-000000000000" Value="NA" />
<ActInputValue Guid="e26e1dd1-44bd-4afc-8928-6584acceb6c3" Param="TargetElementType" ParentGuid="00000000-0000-0000-0000-000000000000" Value="Unknown" />
<ActInputValue Guid="2f268d25-ed10-4da2-9e64-98f970e94c8f" Param="HandleElementType" ParentGuid="00000000-0000-0000-0000-000000000000" Value="Unknown" />
<ActInputValue Guid="cc86ad77-5d4d-4f18-a3b6-612a53d58f3e" Param="HandleActionType" ParentGuid="00000000-0000-0000-0000-000000000000" Value="Unknown" />
</InputValues>
</ActUIElement>
<ActUIElement Active="True" Description="Click : menuItemSearchAssignedProducts" Guid="9f88e011-44ce-443b-bc32-eb920930c91b" MaxNumberOfRetries="2" ParentGuid="00000000-0000-0000-0000-000000000000" Platform="Java" RetryMechanismInterval="5" StatusConverter="None" TakeScreenShot="True" WaitVE="0" WindowsToCapture="OnlyActiveWindow">
<InputValues>
<ActInputValue Guid="4cc78b50-8052-42da-9e18-0ee852a06f93" Param="ElementAction" ParentGuid="00000000-0000-0000-0000-000000000000" Value="Click" />
<ActInputValue Guid="2968e456-6e0c-4422-9af9-18d39e844615" Param="ElementType" ParentGuid="00000000-0000-0000-0000-000000000000" Value="Unknown" />
<ActInputValue Guid="9595b469-5493-4f6e-a068-e1ce542c0f57" Param="Value" ParentGuid="00000000-0000-0000-0000-000000000000" />
<ActInputValue Guid="1692a7c5-b4dd-4e17-8fec-0205427b029b" Param="ElementLocateBy" ParentGuid="00000000-0000-0000-0000-000000000000" Value="ByName" />
<ActInputValue Guid="d0001746-83bc-4b25-a72c-0813b3cfcf5e" Param="ElementLocateValue" ParentGuid="00000000-0000-0000-0000-000000000000" Value="menuItemSearchAssignedProducts" />
<ActInputValue Guid="f27ecf79-3c35-4d68-a848-b495a8657d11" Param="ValueToSelect" ParentGuid="00000000-0000-0000-0000-000000000000" />
<ActInputValue Guid="05e2f328-c1f6-4d6e-b9fb-c9fc22e96eff" Param="IsWidgetsElement" ParentGuid="00000000-0000-0000-0000-000000000000" Value="false" />
<ActInputValue Guid="888c3497-b4fb-4828-99b3-0b5ac820a9a6" Param="TargetLocateBy" ParentGuid="00000000-0000-0000-0000-000000000000" Value="NA" />
<ActInputValue Guid="b77702b9-98a4-4f38-b7b5-4fcae5ed4cff" Param="TargetElementType" ParentGuid="00000000-0000-0000-0000-000000000000" Value="Unknown" />
<ActInputValue Guid="bc0d7900-7109-4c8b-939a-bfbe73464de2" Param="WaitforIdle" ParentGuid="00000000-0000-0000-0000-000000000000" Value="Medium" />
<ActInputValue Guid="caaad6b6-616b-452d-9e11-e4aa8a8c1144" Param="HandleElementType" ParentGuid="00000000-0000-0000-0000-000000000000" Value="Unknown" />
<ActInputValue Guid="7676a5ce-b204-45f7-884b-c48ef3482629" Param="HandleActionType" ParentGuid="00000000-0000-0000-0000-000000000000" Value="Unknown" />
</InputValues>
</ActUIElement>
<ActUIElement Active="True" Description="Verify Assigned products screen is loaded" EnableRetryMechanism="True" Guid="f57672e0-0d32-4259-801f-b0221c458d58" MaxNumberOfRetries="10" ParentGuid="00000000-0000-0000-0000-000000000000" Platform="Java" RetryMechanismInterval="3" StatusConverter="None" TakeScreenShot="True" WaitVE="1" WindowsToCapture="OnlyActiveWindow">
<FlowControls>
<FlowControl Active="True" BusinessFlowControlAction="GoToBusinessFlow" FlowControlAction="StopRun" Guid="7cc42c94-6130-46c7-8a5c-3f958614e3ed" Operator="ActionFailed" ParentGuid="00000000-0000-0000-0000-000000000000" />
</FlowControls>

<InputValues>
<ActInputValue Guid="39e9a21e-5a0f-4597-bda8-10613c6e1a87" Param="ElementAction" ParentGuid="00000000-0000-0000-0000-000000000000" Value="IsVisible" />
<ActInputValue Guid="7be05584-aa41-4ac5-8d00-979fc59cc1bc" Param="ElementType" ParentGuid="00000000-0000-0000-0000-000000000000" Value="Button" />
<ActInputValue Guid="ce1bb200-0af4-472e-afaf-ed72ac6afce1" Param="Value" ParentGuid="00000000-0000-0000-0000-000000000000" />
<ActInputValue Guid="41e7b9a3-bc87-4338-b2f5-d86b46e3ed0c" Param="ElementLocateBy" ParentGuid="00000000-0000-0000-0000-000000000000" Value="ByXPath" />
<ActInputValue Guid="407a0c85-416e-4e54-9fd0-a460a5b68d22" Param="ElementLocateValue" ParentGuid="00000000-0000-0000-0000-000000000000" Value="/javax.swing.JRootPane[0]/null.layeredPane/null.contentPane/javax.swing.JSplitPane[0]/com.amdocs.uif.workspace.desktop.AppDesktopPane[0]/com.amdocs.oms.cust.assignedproduct.SearchAssignedProductImpl/javax.swing.JRootPane[0]/null.layeredPane/root/javax.swing.JViewport[0]/root/pnlContainedForm/root/pnlHeaderAndSearch/pnlSearchAP/hsgSearchAssignedProduct/com.amdocs.uif.widgets.PanelNative$JXPanel[0]/com.amdocs.uif.widgets.PanelNative$JXPanel[0]/[[Name:btnSearchNow][ClassName:com.amdocs.uif.widgets.ButtonNative$JXButton]]" />
<ActInputValue Guid="4ebce58f-e495-4fe1-b15d-a60920f2a499" Param="ValueToSelect" ParentGuid="00000000-0000-0000-0000-000000000000" />
<ActInputValue Guid="89cf8074-d751-4b51-be99-ebb544ea93ff" Param="IsWidgetsElement" ParentGuid="00000000-0000-0000-0000-000000000000" Value="false" />
<ActInputValue Guid="033d3328-5896-456c-8494-ef3e236aeff2" Param="WaitforIdle" ParentGuid="00000000-0000-0000-0000-000000000000" Value="Medium" />
<ActInputValue Guid="db168e57-ba9a-4c91-b677-f8ab1f16ded2" Param="XCoordinate" ParentGuid="00000000-0000-0000-0000-000000000000" />
<ActInputValue Guid="159f9620-f968-4097-b9fe-cf7c7e14e4ae" Param="YCoordinate" ParentGuid="00000000-0000-0000-0000-000000000000" />
<ActInputValue Guid="4da2b423-ec31-493c-9ec7-55dc33e98697" Param="ControlAction" ParentGuid="00000000-0000-0000-0000-000000000000" />
<ActInputValue Guid="8d3d9a55-cdd8-4105-9b1e-e8f0c01d9aee" Param="TargetLocateBy" ParentGuid="00000000-0000-0000-0000-000000000000" Value="NA" />
<ActInputValue Guid="5251c974-1866-42b7-a3ad-cca1c983aa97" Param="TargetElementType" ParentGuid="00000000-0000-0000-0000-000000000000" Value="Unknown" />
<ActInputValue Guid="4e190da3-35f0-44e0-adcc-01fac4f1dd26" Param="HandleElementType" ParentGuid="00000000-0000-0000-0000-000000000000" Value="Unknown" />
<ActInputValue Guid="fee4decd-93fe-4aa8-9729-99d209233fa5" Param="HandleActionType" ParentGuid="00000000-0000-0000-0000-000000000000" Value="Unknown" />
</InputValues>
</ActUIElement>
</Acts>
</Activity></GingerRepositoryItem>