﻿<?xml version="1.0" encoding="utf-8"?>
<GingerRepositoryItem><Header ItemGuid="613b77d3-c347-4b03-a90a-d816467cc554" ItemType="Activity" CreatedBy="christian.poblete" Created="202102121916" GingerVersion="3.6.0.0" Version="1" LastUpdateBy="christian.poblete" LastUpdate="202102121916" />
<Activity ActionRunOption="StopActionsRunOnFailure" Active="True" ActivityName="CHQ - Change Ownership - Select Menu change ownership" AutomationStatus="Automated" ErrorHandlerMappingType="AllAvailableHandlers" Guid="613b77d3-c347-4b03-a90a-d816467cc554" ParentGuid="00000000-0000-0000-0000-000000000000" PercentAutomated="100%" TargetApplication="MyJavaApp">
<Acts>
<ActUIElement Active="True" Description="Click : menuAction" Guid="0b074132-c204-44ab-b071-b9d58f031d87" MaxNumberOfRetries="2" ParentGuid="00000000-0000-0000-0000-000000000000" Platform="Java" RetryMechanismInterval="5" StatusConverter="None" TakeScreenShot="True" WaitVE="0" WindowsToCapture="OnlyActiveWindow">
<InputValues>
<ActInputValue Guid="4c725e5f-20ca-42d9-b385-2ae7801fe174" Param="ElementAction" ParentGuid="00000000-0000-0000-0000-000000000000" Value="Click" />
<ActInputValue Guid="d2558362-dff3-4052-91f1-a24e0f4f8117" Param="ElementType" ParentGuid="00000000-0000-0000-0000-000000000000" Value="MenuItem" />
<ActInputValue Guid="71ff16fc-2ec2-4074-afed-406f27075c28" Param="Value" ParentGuid="00000000-0000-0000-0000-000000000000" />
<ActInputValue Guid="53b0da14-1046-4e60-9812-322981b7238a" Param="ElementLocateBy" ParentGuid="00000000-0000-0000-0000-000000000000" Value="ByName" />
<ActInputValue Guid="50870562-0a43-42f7-a79a-0295dd2b1459" Param="ElementLocateValue" ParentGuid="00000000-0000-0000-0000-000000000000" Value="menuAction" />
<ActInputValue Guid="f61914c8-8239-451b-8b5d-6763851b6bbc" Param="ValueToSelect" ParentGuid="00000000-0000-0000-0000-000000000000" />
<ActInputValue Guid="cd64fff1-b4e0-4fc2-95f5-63303c1ef653" Param="TargetLocateBy" ParentGuid="00000000-0000-0000-0000-000000000000" Value="NA" />
<ActInputValue Guid="7fb6367f-eab7-4779-8e48-f05267b3411f" Param="TargetElementType" ParentGuid="00000000-0000-0000-0000-000000000000" Value="Unknown" />
<ActInputValue Guid="e14549e2-dec6-4368-a858-9d8780733784" Param="HandleElementType" ParentGuid="00000000-0000-0000-0000-000000000000" Value="Unknown" />
<ActInputValue Guid="f86c813e-0a19-45af-9447-0fb723622f0f" Param="HandleActionType" ParentGuid="00000000-0000-0000-0000-000000000000" Value="Unknown" />
<ActInputValue Guid="872a1adb-0de7-4d07-89cb-d1f72b1fc658" Param="IsWidgetsElement" ParentGuid="00000000-0000-0000-0000-000000000000" Value="false" />
<ActInputValue Guid="2e05fa9c-a813-4a35-b083-956e94d75ce7" Param="WaitforIdle" ParentGuid="00000000-0000-0000-0000-000000000000" Value="Medium" />
</InputValues>
</ActUIElement>
<ActUIElement Active="True" Description="Click : menuActionsOrdering" Guid="409cdb39-311f-4301-ad71-b5da18c80f58" MaxNumberOfRetries="2" ParentGuid="00000000-0000-0000-0000-000000000000" Platform="Java" RetryMechanismInterval="5" StatusConverter="None" TakeScreenShot="True" WaitVE="0" WindowsToCapture="OnlyActiveWindow">
<InputValues>
<ActInputValue Guid="2c470fc7-8899-4ead-91ca-55caf2c6feba" Param="ElementAction" ParentGuid="00000000-0000-0000-0000-000000000000" Value="Click" />
<ActInputValue Guid="ff8d5dab-bd96-45b2-9d5c-701e22148631" Param="ElementType" ParentGuid="00000000-0000-0000-0000-000000000000" Value="MenuItem" />
<ActInputValue Guid="dbd0d7eb-a7ee-421b-8353-2cf1d8b84ee4" Param="Value" ParentGuid="00000000-0000-0000-0000-000000000000" />
<ActInputValue Guid="066fb4bf-27c5-4e9c-9b49-672493b74999" Param="ElementLocateBy" ParentGuid="00000000-0000-0000-0000-000000000000" Value="ByName" />
<ActInputValue Guid="206ed061-56df-4461-a5b1-79f75da698df" Param="ElementLocateValue" ParentGuid="00000000-0000-0000-0000-000000000000" Value="menuActionsOrdering" />
<ActInputValue Guid="f6761aa5-d89c-422f-acba-156bc4f89646" Param="ValueToSelect" ParentGuid="00000000-0000-0000-0000-000000000000" />
<ActInputValue Guid="fa632b84-cbbe-40e8-b7ab-1d5df17e6256" Param="TargetLocateBy" ParentGuid="00000000-0000-0000-0000-000000000000" Value="NA" />
<ActInputValue Guid="d8439650-d5f4-4b4f-9a1e-46832a12887c" Param="TargetElementType" ParentGuid="00000000-0000-0000-0000-000000000000" Value="Unknown" />
<ActInputValue Guid="b1c3d522-cfc2-4a89-9f2d-21d5d5584a55" Param="HandleElementType" ParentGuid="00000000-0000-0000-0000-000000000000" Value="Unknown" />
<ActInputValue Guid="5fde88be-5998-46d9-b574-d2626ea10519" Param="HandleActionType" ParentGuid="00000000-0000-0000-0000-000000000000" Value="Unknown" />
<ActInputValue Guid="7ef04832-35ff-49ce-8a78-338a9d6b7e60" Param="IsWidgetsElement" ParentGuid="00000000-0000-0000-0000-000000000000" Value="false" />
<ActInputValue Guid="1500a836-d808-47b5-afdc-1371b1abfb29" Param="WaitforIdle" ParentGuid="00000000-0000-0000-0000-000000000000" Value="Medium" />
</InputValues>
</ActUIElement>
<ActUIElement Active="True" Description="Click : menuItemActionChangeOwnership" Guid="5abc24d1-611e-4491-b526-4a9ef1ed3f92" MaxNumberOfRetries="2" ParentGuid="00000000-0000-0000-0000-000000000000" Platform="Java" RetryMechanismInterval="5" StatusConverter="None" TakeScreenShot="True" WaitVE="0" WindowsToCapture="OnlyActiveWindow">
<InputValues>
<ActInputValue Guid="b2e3b251-472a-483d-9c3e-c259bf3c7704" Param="ElementAction" ParentGuid="00000000-0000-0000-0000-000000000000" Value="Click" />
<ActInputValue Guid="a0e73541-c296-4493-ba1a-81669b978109" Param="ElementType" ParentGuid="00000000-0000-0000-0000-000000000000" Value="Unknown" />
<ActInputValue Guid="aa1847f4-ca9e-49ed-8990-3da39f7622e6" Param="Value" ParentGuid="00000000-0000-0000-0000-000000000000" />
<ActInputValue Guid="5fe58020-2f38-4c0e-a3f4-bab2405b9f2c" Param="ElementLocateBy" ParentGuid="00000000-0000-0000-0000-000000000000" Value="ByName" />
<ActInputValue Guid="33cb5ac0-1463-491d-b8ab-897607aca221" Param="ElementLocateValue" ParentGuid="00000000-0000-0000-0000-000000000000" Value="menuItemActionsChangeOwnership" />
<ActInputValue Guid="c143841d-db56-4b65-b87d-fdc19e39d528" Param="ValueToSelect" ParentGuid="00000000-0000-0000-0000-000000000000" />
<ActInputValue Guid="498b6706-8338-4674-80ee-7f78850098a7" Param="TargetLocateBy" ParentGuid="00000000-0000-0000-0000-000000000000" Value="NA" />
<ActInputValue Guid="6a0a2bd6-a630-4b11-b844-69638af51d3a" Param="TargetElementType" ParentGuid="00000000-0000-0000-0000-000000000000" Value="Unknown" />
<ActInputValue Guid="13aeb5e9-a2b8-4fc0-b5d9-a0d930b083a1" Param="HandleElementType" ParentGuid="00000000-0000-0000-0000-000000000000" Value="Unknown" />
<ActInputValue Guid="d437f27d-e125-4207-adb9-adeaee132fe9" Param="HandleActionType" ParentGuid="00000000-0000-0000-0000-000000000000" Value="Unknown" />
<ActInputValue Guid="78466c2d-e223-4309-8b36-328452645d9a" Param="IsWidgetsElement" ParentGuid="00000000-0000-0000-0000-000000000000" Value="false" />
<ActInputValue Guid="118dbfc7-b68d-4627-a4ac-4586fb1369cd" Param="WaitforIdle" ParentGuid="00000000-0000-0000-0000-000000000000" Value="Medium" />
<ActInputValue Guid="696d7399-8d97-420f-87b1-3ce4d3854461" Param="XCoordinate" ParentGuid="00000000-0000-0000-0000-000000000000" />
<ActInputValue Guid="839b78f9-eb70-4175-b529-742c9e377d06" Param="YCoordinate" ParentGuid="00000000-0000-0000-0000-000000000000" />
<ActInputValue Guid="4aa8b471-e8d2-4373-8fdb-088fe03cc1da" Param="ControlAction" ParentGuid="00000000-0000-0000-0000-000000000000" />
</InputValues>
</ActUIElement>
</Acts>
</Activity></GingerRepositoryItem>