﻿<?xml version="1.0" encoding="utf-8"?>
<GingerRepositoryItem><Header ItemGuid="97f288f4-b3f9-48e0-aae2-1a7f06fb0fb1" ItemType="Activity" CreatedBy="christian.poblete" Created="202101191857" GingerVersion="3.6.0.0" Version="1" LastUpdateBy="christian.poblete" LastUpdate="202101191857" />
<Activity ActionRunOption="StopActionsRunOnFailure" ActivityName="CHQ - Set yesterday date on UOAA_Copy" AutomationStatus="Automated" Description="Select yesterday dates from calendar and click next." ErrorHandlerMappingType="AllAvailableHandlers" Guid="97f288f4-b3f9-48e0-aae2-1a7f06fb0fb1" ParentGuid="00000000-0000-0000-0000-000000000000" PercentAutomated="96%" TargetApplication="MyJavaApp">
<Acts>
<ActUIElement Active="True" Description="UI Switch Window - Amdocs Customer Interaction Manager" Guid="3e3e4226-cc66-4ada-a800-f4d8ef77bf70" MaxNumberOfRetries="2" ParentGuid="00000000-0000-0000-0000-000000000000" Platform="Java" RetryMechanismInterval="5" StatusConverter="None" TakeScreenShot="True" WaitVE="0" WindowsToCapture="OnlyActiveWindow">
<InputValues>
<ActInputValue Guid="0da6b0a8-c462-4d27-bc6c-de31c1f9f347" Param="ElementLocateBy" ParentGuid="00000000-0000-0000-0000-000000000000" Value="ByTitle" />
<ActInputValue Guid="30ef7eff-9397-464e-b946-024f0b44bdba" Param="ElementLocateValue" ParentGuid="00000000-0000-0000-0000-000000000000" Value="Amdocs Customer" />
<ActInputValue Guid="dd5c6db9-5d1a-4eec-ac63-caed9c2ec568" Param="ElementType" ParentGuid="00000000-0000-0000-0000-000000000000" Value="Window" />
<ActInputValue Guid="798feb64-a5f3-47cf-8249-fad3a254ea98" Param="ElementAction" ParentGuid="00000000-0000-0000-0000-000000000000" Value="Switch" />
<ActInputValue Guid="f4df8ed0-2442-4107-8504-acf3f2a4620c" Param="SyncTime" ParentGuid="00000000-0000-0000-0000-000000000000" Value="30" />
<ActInputValue Guid="2e93f112-4584-4aa4-a14e-f6781025b613" Param="IsWidgetsElement" ParentGuid="00000000-0000-0000-0000-000000000000" Value="false" />
<ActInputValue Guid="4beff6ff-2969-4e87-a416-ad4151d79df3" Param="WaitforIdle" ParentGuid="00000000-0000-0000-0000-000000000000" Value="None" />
<ActInputValue Guid="fa48b895-15fe-4370-b7b9-f66b83ee3ee0" Param="TargetLocateBy" ParentGuid="00000000-0000-0000-0000-000000000000" Value="NA" />
<ActInputValue Guid="098108a3-9c1a-4d35-bb10-19aabc462ac1" Param="TargetElementType" ParentGuid="00000000-0000-0000-0000-000000000000" Value="Unknown" />
<ActInputValue Guid="19eedc12-bd07-4909-9da0-3bfb56b12e95" Param="HandleElementType" ParentGuid="00000000-0000-0000-0000-000000000000" Value="Unknown" />
<ActInputValue Guid="a5ca5929-9087-40eb-8298-47f162fb1949" Param="HandleActionType" ParentGuid="00000000-0000-0000-0000-000000000000" Value="Unknown" />
</InputValues>
</ActUIElement>
<ActUIElement Active="True" Description="Get Actual Service Required Date" Guid="c73507da-0e0b-4ad4-ba95-07b7bf77c36c" MaxNumberOfRetries="2" ParentGuid="00000000-0000-0000-0000-000000000000" Platform="Java" RetryMechanismInterval="5" StatusConverter="None" TakeScreenShot="True" WaitVE="0" WindowsToCapture="OnlyActiveWindow">
<InputValues>
<ActInputValue Guid="0b1f1b73-522f-4fd8-a34b-35639277120c" Param="ElementAction" ParentGuid="00000000-0000-0000-0000-000000000000" Value="GetValue" />
<ActInputValue Guid="5a0fb02b-0100-4e6e-a1bc-f403ff5bf5c1" Param="ElementType" ParentGuid="00000000-0000-0000-0000-000000000000" Value="TextBox" />
<ActInputValue Guid="808f872b-ab42-4320-9358-3f691844ba12" Param="Value" ParentGuid="00000000-0000-0000-0000-000000000000" />
<ActInputValue Guid="0d9d1d54-9091-475e-97b3-3b51741dcfb6" Param="ElementLocateBy" ParentGuid="00000000-0000-0000-0000-000000000000" Value="ByXPath" />
<ActInputValue Guid="160c61db-adf2-436b-a76e-212732e70a95" Param="ElementLocateValue" ParentGuid="00000000-0000-0000-0000-000000000000" Value="/javax.swing.JRootPane[0]/null.layeredPane/null.contentPane/javax.swing.JSplitPane[0]/com.amdocs.uif.workspace.desktop.AppDesktopPane[0]/com.amdocs.oms.phd.order.OrderingFrameworkPHD/javax.swing.JRootPane[0]/null.layeredPane/root/javax.swing.JViewport[0]/root/pnlActivityArea/root/pnlOrderHeader/dtServiceRequiredDate/com.standbysoft.component.date.swing.plaf.basic.BasicDateComboBox[0]/[[Name:dtServiceRequiredDate_dttext][ClassName:javax.swing.plaf.basic.BasicComboBoxEditor$BorderlessTextField]]" />
<ActInputValue Guid="6f03c2fa-c9e1-4237-bd8d-dcb852d86d75" Param="IsWidgetsElement" ParentGuid="00000000-0000-0000-0000-000000000000" Value="false" />
<ActInputValue Guid="de681adc-e79f-4bc0-bf22-b339033bfc48" Param="WaitforIdle" ParentGuid="00000000-0000-0000-0000-000000000000" Value="None" />
<ActInputValue Guid="5d0fdb18-c0e8-4655-8db0-0db2802c9033" Param="TargetLocateBy" ParentGuid="00000000-0000-0000-0000-000000000000" Value="NA" />
<ActInputValue Guid="e0742cec-4aa2-4d82-a0a9-b51c2e26cb6e" Param="TargetElementType" ParentGuid="00000000-0000-0000-0000-000000000000" Value="Unknown" />
<ActInputValue Guid="92c080c9-7968-45c0-b810-f805b4e5182a" Param="HandleElementType" ParentGuid="00000000-0000-0000-0000-000000000000" Value="Unknown" />
<ActInputValue Guid="5df60acc-f062-4a90-b731-63cbd71167ae" Param="HandleActionType" ParentGuid="00000000-0000-0000-0000-000000000000" Value="Unknown" />
</InputValues>

<ReturnValues>
<ActReturnValue Active="True" Guid="6fe2b2c9-2037-4d5f-a109-ad9c006afec6" Operator="Equals" Param="Actual0" ParentGuid="00000000-0000-0000-0000-000000000000" StoreTo="Variable" StoreToValue="ServiceRequiredDate" />
</ReturnValues>
</ActUIElement>
<ActScript Active="True" Description="Script Action - set day to yesterday" Guid="d5eb72a0-f2b5-4ea9-94bc-b0a3251d9d6f" MaxNumberOfRetries="2" ParentGuid="00000000-0000-0000-0000-000000000000" Platform="NA" RetryMechanismInterval="5" ScriptCommand="Script" ScriptInterpreterType="VBS" ScriptName="YesterdayDate.vbs" ScriptPath="C:\DishAutomation\Dish\Documents\Scripts\" StatusConverter="None" TakeScreenShot="True" WaitVE="0" WindowsToCapture="OnlyActiveWindow">
<InputValues>
<ActInputValue Guid="c53914ae-3dff-4583-9dfd-344b6b08f835" Param="actualCRMDate" ParentGuid="00000000-0000-0000-0000-000000000000" Value="{Var Name=ServiceRequiredDate}" />
</InputValues>

<ReturnValues>
<ActReturnValue Active="True" Guid="9657c0b9-5fdb-4b59-bb58-3ede4a4b4626" Operator="Equals" Param="???" ParentGuid="00000000-0000-0000-0000-000000000000" StoreTo="Variable" StoreToValue="ServiceRequiredDate" />
</ReturnValues>
</ActScript>
<ActSetVariableValue Active="True" Description="clean date parameter" Guid="8f057894-ffa1-4880-ad8b-943f3adba9b8" MaxNumberOfRetries="2" ParentGuid="00000000-0000-0000-0000-000000000000" Platform="NA" RetryMechanismInterval="5" SetVariableValueOption="SetValue" StatusConverter="None" TakeScreenShot="True" VariableName="ServiceRequiredDate" WaitVE="0" WindowsToCapture="OnlyActiveWindow">
<InputValues>
<ActInputValue Guid="ed5a527b-f8d1-4872-a674-9d754fa8207c" Param="Value" ParentGuid="00000000-0000-0000-0000-000000000000" Value="{RegEx Fun= Replace Pat=[^0123456789/] P1={Var Name=ServiceRequiredDate}}&#xD;&#xA;&#xD;&#xA;" />
</InputValues>
</ActSetVariableValue>
<ActSetVariableValue Description="Set Parameter Action" Guid="36a6d55f-7347-4dd5-8f20-fe5ec154f120" MaxNumberOfRetries="2" ParentGuid="00000000-0000-0000-0000-000000000000" Platform="NA" RetryMechanismInterval="5" SetVariableValueOption="SetValue" StatusConverter="None" TakeScreenShot="True" VariableName="ServiceRequiredDate" WaitVE="0" WindowsToCapture="OnlyActiveWindow">
<InputValues>
<ActInputValue Guid="a807d1bd-6ff9-41c2-a011-1075c1d5d2f2" Param="Value" ParentGuid="00000000-0000-0000-0000-000000000000" Value="{CS Exp=@&quot;{Var Name=ServiceRequiredDate}&quot;.Replace(@&quot; &quot;,@&quot;&quot;)}&#xA;&#xA;" />
</InputValues>
</ActSetVariableValue>
<ActUIElement Active="True" Description="Clean  date value 1" Guid="1793d51b-324f-42e1-bf9f-835875e54407" MaxNumberOfRetries="2" ParentGuid="00000000-0000-0000-0000-000000000000" Platform="Java" RetryMechanismInterval="5" StatusConverter="None" TakeScreenShot="True" WaitVE="0" WindowsToCapture="OnlyActiveWindow">
<InputValues>
<ActInputValue Guid="b6aa6b53-4822-47fb-a52a-fd868c7611a2" Param="ElementAction" ParentGuid="00000000-0000-0000-0000-000000000000" Value="SetValue" />
<ActInputValue Guid="f6fb94e5-f27e-4c9f-bde3-8bc33e860e7a" Param="ElementType" ParentGuid="00000000-0000-0000-0000-000000000000" Value="TextBox" />
<ActInputValue Guid="d9d4e1e5-f5cc-44ee-93dd-96510eefa3d3" Param="Value" ParentGuid="00000000-0000-0000-0000-000000000000" Value="{Var Name=ServiceRequiredDate}" />
<ActInputValue Guid="9140747c-bd80-458d-b50e-c38959734acd" Param="ElementLocateBy" ParentGuid="00000000-0000-0000-0000-000000000000" Value="ByXPath" />
<ActInputValue Guid="d9080986-2329-4475-a893-a1cbaad79c52" Param="ElementLocateValue" ParentGuid="00000000-0000-0000-0000-000000000000" Value="/javax.swing.JRootPane[0]/null.layeredPane/null.contentPane/javax.swing.JSplitPane[0]/com.amdocs.uif.workspace.desktop.AppDesktopPane[0]/com.amdocs.oms.phd.order.OrderingFrameworkPHD/javax.swing.JRootPane[0]/null.layeredPane/root/javax.swing.JViewport[0]/root/pnlActivityArea/root/pnlOrderHeader/[[Name:txtExternalOrderActionId][ClassName:com.amdocs.uif.widgets.TextFieldNative$1]]" />
<ActInputValue Guid="3a43de1b-cd03-44e3-8208-1c2e5fbd0d7b" Param="IsWidgetsElement" ParentGuid="00000000-0000-0000-0000-000000000000" Value="false" />
<ActInputValue Guid="b31cde66-8d10-444e-9060-7541e8cee776" Param="WaitforIdle" ParentGuid="00000000-0000-0000-0000-000000000000" Value="None" />
<ActInputValue Guid="970b1155-eb51-49bd-9997-c06f5ac5f109" Param="TargetLocateBy" ParentGuid="00000000-0000-0000-0000-000000000000" Value="NA" />
<ActInputValue Guid="83726c41-7111-47c9-a596-027d16d1d997" Param="TargetElementType" ParentGuid="00000000-0000-0000-0000-000000000000" Value="Unknown" />
<ActInputValue Guid="2b0e2dd3-2a1b-4277-9c5c-93dca725c36c" Param="HandleElementType" ParentGuid="00000000-0000-0000-0000-000000000000" Value="Unknown" />
<ActInputValue Guid="911592a4-003d-492e-90f2-b480395a7c1f" Param="HandleActionType" ParentGuid="00000000-0000-0000-0000-000000000000" Value="Unknown" />
</InputValues>
</ActUIElement>
<ActUIElement Active="True" Description="Clean date value 2" Guid="4c04b25d-1254-45e1-9cb3-b968910bb3f1" MaxNumberOfRetries="2" ParentGuid="00000000-0000-0000-0000-000000000000" Platform="Java" RetryMechanismInterval="5" StatusConverter="None" TakeScreenShot="True" WaitVE="0" WindowsToCapture="OnlyActiveWindow">
<InputValues>
<ActInputValue Guid="b6aa6b53-4822-47fb-a52a-fd868c7611a2" Param="ElementAction" ParentGuid="00000000-0000-0000-0000-000000000000" Value="GetValue" />
<ActInputValue Guid="f6fb94e5-f27e-4c9f-bde3-8bc33e860e7a" Param="ElementType" ParentGuid="00000000-0000-0000-0000-000000000000" Value="TextBox" />
<ActInputValue Guid="d9d4e1e5-f5cc-44ee-93dd-96510eefa3d3" Param="Value" ParentGuid="00000000-0000-0000-0000-000000000000" />
<ActInputValue Guid="9140747c-bd80-458d-b50e-c38959734acd" Param="ElementLocateBy" ParentGuid="00000000-0000-0000-0000-000000000000" Value="ByXPath" />
<ActInputValue Guid="d9080986-2329-4475-a893-a1cbaad79c52" Param="ElementLocateValue" ParentGuid="00000000-0000-0000-0000-000000000000" Value="/javax.swing.JRootPane[0]/null.layeredPane/null.contentPane/javax.swing.JSplitPane[0]/com.amdocs.uif.workspace.desktop.AppDesktopPane[0]/com.amdocs.oms.phd.order.OrderingFrameworkPHD/javax.swing.JRootPane[0]/null.layeredPane/root/javax.swing.JViewport[0]/root/pnlActivityArea/root/pnlOrderHeader/[[Name:txtExternalOrderActionId][ClassName:com.amdocs.uif.widgets.TextFieldNative$1]]" />
<ActInputValue Guid="3a43de1b-cd03-44e3-8208-1c2e5fbd0d7b" Param="IsWidgetsElement" ParentGuid="00000000-0000-0000-0000-000000000000" Value="false" />
<ActInputValue Guid="b31cde66-8d10-444e-9060-7541e8cee776" Param="WaitforIdle" ParentGuid="00000000-0000-0000-0000-000000000000" Value="None" />
<ActInputValue Guid="dd73137a-5557-4877-ac43-b5ee9cbcd2c0" Param="XCoordinate" ParentGuid="00000000-0000-0000-0000-000000000000" />
<ActInputValue Guid="9a02191d-0d6d-4117-924f-d1f6a757ad40" Param="ValueToSelect" ParentGuid="00000000-0000-0000-0000-000000000000" />
<ActInputValue Guid="8746535f-ec15-490a-b366-c712ebb80119" Param="YCoordinate" ParentGuid="00000000-0000-0000-0000-000000000000" />
<ActInputValue Guid="717b9754-3f86-4bb4-8ba0-49de370367aa" Param="ControlAction" ParentGuid="00000000-0000-0000-0000-000000000000" />
<ActInputValue Guid="6bc5b439-5348-495b-8f0b-f05b5d44954f" Param="TargetLocateBy" ParentGuid="00000000-0000-0000-0000-000000000000" Value="NA" />
<ActInputValue Guid="f559d010-29a2-49d2-9323-23faeff8f177" Param="TargetElementType" ParentGuid="00000000-0000-0000-0000-000000000000" Value="Unknown" />
<ActInputValue Guid="a7c02d6b-3030-4c89-81ba-737c08d935fc" Param="HandleElementType" ParentGuid="00000000-0000-0000-0000-000000000000" Value="Unknown" />
<ActInputValue Guid="72c32314-d98a-44b8-b247-9cd1015f03e9" Param="HandleActionType" ParentGuid="00000000-0000-0000-0000-000000000000" Value="Unknown" />
</InputValues>

<ReturnValues>
<ActReturnValue Active="True" Guid="13e080c5-9b89-48db-b8ae-720339e55b87" Operator="Equals" Param="Actual0" ParentGuid="00000000-0000-0000-0000-000000000000" StoreTo="Variable" StoreToValue="ServiceRequiredDate" />
</ReturnValues>
</ActUIElement>
<ActUIElement Active="True" Description="Clean date value 3" Guid="2275b00b-5d85-4588-b046-3bd8cf49479b" MaxNumberOfRetries="2" ParentGuid="00000000-0000-0000-0000-000000000000" Platform="Java" RetryMechanismInterval="5" StatusConverter="None" TakeScreenShot="True" WaitVE="0" WindowsToCapture="OnlyActiveWindow">
<InputValues>
<ActInputValue Guid="b6aa6b53-4822-47fb-a52a-fd868c7611a2" Param="ElementAction" ParentGuid="00000000-0000-0000-0000-000000000000" Value="SetValue" />
<ActInputValue Guid="f6fb94e5-f27e-4c9f-bde3-8bc33e860e7a" Param="ElementType" ParentGuid="00000000-0000-0000-0000-000000000000" Value="TextBox" />
<ActInputValue Guid="d9d4e1e5-f5cc-44ee-93dd-96510eefa3d3" Param="Value" ParentGuid="00000000-0000-0000-0000-000000000000" />
<ActInputValue Guid="9140747c-bd80-458d-b50e-c38959734acd" Param="ElementLocateBy" ParentGuid="00000000-0000-0000-0000-000000000000" Value="ByXPath" />
<ActInputValue Guid="d9080986-2329-4475-a893-a1cbaad79c52" Param="ElementLocateValue" ParentGuid="00000000-0000-0000-0000-000000000000" Value="/javax.swing.JRootPane[0]/null.layeredPane/null.contentPane/javax.swing.JSplitPane[0]/com.amdocs.uif.workspace.desktop.AppDesktopPane[0]/com.amdocs.oms.phd.order.OrderingFrameworkPHD/javax.swing.JRootPane[0]/null.layeredPane/root/javax.swing.JViewport[0]/root/pnlActivityArea/root/pnlOrderHeader/[[Name:txtExternalOrderActionId][ClassName:com.amdocs.uif.widgets.TextFieldNative$1]]" />
<ActInputValue Guid="3a43de1b-cd03-44e3-8208-1c2e5fbd0d7b" Param="IsWidgetsElement" ParentGuid="00000000-0000-0000-0000-000000000000" Value="false" />
<ActInputValue Guid="b31cde66-8d10-444e-9060-7541e8cee776" Param="WaitforIdle" ParentGuid="00000000-0000-0000-0000-000000000000" Value="None" />
<ActInputValue Guid="43db91fa-d40b-4d8f-94d9-0339031c93d0" Param="TargetLocateBy" ParentGuid="00000000-0000-0000-0000-000000000000" Value="NA" />
<ActInputValue Guid="034facee-b423-4c21-bd10-568bdbfda1d5" Param="TargetElementType" ParentGuid="00000000-0000-0000-0000-000000000000" Value="Unknown" />
<ActInputValue Guid="6680a62d-adff-488c-a6a5-3bc50c08058b" Param="HandleElementType" ParentGuid="00000000-0000-0000-0000-000000000000" Value="Unknown" />
<ActInputValue Guid="95ae4612-e48f-4976-9efe-3e5f685c844f" Param="HandleActionType" ParentGuid="00000000-0000-0000-0000-000000000000" Value="Unknown" />
</InputValues>
</ActUIElement>
<ActUIElement Active="True" Description="Set focus on required service date" Guid="7675685f-a833-4254-9b3b-d10a094ebf65" MaxNumberOfRetries="2" ParentGuid="00000000-0000-0000-0000-000000000000" Platform="Java" RetryMechanismInterval="5" StatusConverter="AlwaysPass" TakeScreenShot="True" WaitVE="0" WindowsToCapture="OnlyActiveWindow">
<InputValues>
<ActInputValue Guid="86d609a5-abe7-4a7c-97e9-3ca3b05c0865" Param="ElementAction" ParentGuid="00000000-0000-0000-0000-000000000000" Value="SetText" />
<ActInputValue Guid="abfe0945-1afd-4dac-a6fe-eb0a9c6045b5" Param="ElementType" ParentGuid="00000000-0000-0000-0000-000000000000" Value="TextBox" />
<ActInputValue Guid="91932c78-9672-4489-ae25-213b061857ab" Param="Value" ParentGuid="00000000-0000-0000-0000-000000000000" Value="0" />
<ActInputValue Guid="3af0ad3e-6d3b-4ebc-ab82-9d5c9b816adf" Param="ElementLocateBy" ParentGuid="00000000-0000-0000-0000-000000000000" Value="ByXPath" />
<ActInputValue Guid="a61dbb55-8aac-4be8-8f5d-458b9c73fabe" Param="ElementLocateValue" ParentGuid="00000000-0000-0000-0000-000000000000" Value="/javax.swing.JRootPane[0]/null.layeredPane/null.contentPane/javax.swing.JSplitPane[0]/com.amdocs.uif.workspace.desktop.AppDesktopPane[0]/com.amdocs.oms.phd.order.OrderingFrameworkPHD/javax.swing.JRootPane[0]/null.layeredPane/root/javax.swing.JViewport[0]/root/pnlActivityArea/root/pnlOrderHeader/dtServiceRequiredDate/com.standbysoft.component.date.swing.plaf.basic.BasicDateComboBox[0]/[[Name:dtServiceRequiredDate_dttext][ClassName:javax.swing.plaf.basic.BasicComboBoxEditor$BorderlessTextField]]" />
<ActInputValue Guid="5370167d-7420-45d5-a7b0-2b5e559f48eb" Param="TargetLocateBy" ParentGuid="00000000-0000-0000-0000-000000000000" Value="NA" />
<ActInputValue Guid="bda89db1-8c5b-4413-830c-e19d1befa369" Param="TargetElementType" ParentGuid="00000000-0000-0000-0000-000000000000" Value="Unknown" />
<ActInputValue Guid="19de794d-00e6-4ed6-8ee5-deda3022814b" Param="HandleElementType" ParentGuid="00000000-0000-0000-0000-000000000000" Value="Unknown" />
<ActInputValue Guid="20ffa6d6-8427-4cf2-b951-22bf686cb7b6" Param="HandleActionType" ParentGuid="00000000-0000-0000-0000-000000000000" Value="Unknown" />
<ActInputValue Guid="5ca72d6f-b5f0-4e5e-a86d-bd4506e4883b" Param="IsWidgetsElement" ParentGuid="00000000-0000-0000-0000-000000000000" Value="false" />
<ActInputValue Guid="7cfa5005-f44e-4b1c-b062-cd8a4d62d280" Param="WaitforIdle" ParentGuid="00000000-0000-0000-0000-000000000000" Value="None" />
<ActInputValue Guid="775cc586-b88c-4acf-82e4-22ec419ef2ff" Param="XCoordinate" ParentGuid="00000000-0000-0000-0000-000000000000" />
<ActInputValue Guid="ecf647b4-74e2-4e19-b060-376eb60cdfe5" Param="ValueToSelect" ParentGuid="00000000-0000-0000-0000-000000000000" />
<ActInputValue Guid="79114e77-4620-4847-8133-4562e1e17841" Param="YCoordinate" ParentGuid="00000000-0000-0000-0000-000000000000" />
<ActInputValue Guid="ad263fe5-4b7a-4b76-bc5f-e8ece6d4b316" Param="ControlAction" ParentGuid="00000000-0000-0000-0000-000000000000" />
</InputValues>
</ActUIElement>
<ActScript Active="True" Description="Script Action - clear date value" Guid="66a69979-b177-4cac-b18a-8cd905ad1926" MaxNumberOfRetries="2" ParentGuid="00000000-0000-0000-0000-000000000000" Platform="NA" RetryMechanismInterval="5" ScriptCommand="Script" ScriptInterpreterType="VBS" ScriptName="SendKeys.vbs" ScriptPath="C:\DishAutomation\Dish\Documents\Scripts\" StatusConverter="None" TakeScreenShot="True" WaitVE="0" WindowsToCapture="OnlyActiveWindow">
<InputValues>
<ActInputValue Guid="3807d7e2-e943-45bd-8663-186a15f1cf14" Param="Value" ParentGuid="00000000-0000-0000-0000-000000000000" />
</InputValues>
</ActScript>
<ActUIElement Active="True" Description="SetValue : ServiceRequiredDate" Guid="bc7aad14-563b-41a0-9a7f-bfe845496d0e" MaxNumberOfRetries="2" ParentGuid="00000000-0000-0000-0000-000000000000" Platform="Java" RetryMechanismInterval="5" StatusConverter="None" TakeScreenShot="True" WaitVE="0" WindowsToCapture="OnlyActiveWindow">
<InputValues>
<ActInputValue Guid="86d609a5-abe7-4a7c-97e9-3ca3b05c0865" Param="ElementAction" ParentGuid="00000000-0000-0000-0000-000000000000" Value="SetText" />
<ActInputValue Guid="abfe0945-1afd-4dac-a6fe-eb0a9c6045b5" Param="ElementType" ParentGuid="00000000-0000-0000-0000-000000000000" Value="TextBox" />
<ActInputValue Guid="91932c78-9672-4489-ae25-213b061857ab" Param="Value" ParentGuid="00000000-0000-0000-0000-000000000000" Value="{Var Name=ServiceRequiredDate}" />
<ActInputValue Guid="3af0ad3e-6d3b-4ebc-ab82-9d5c9b816adf" Param="ElementLocateBy" ParentGuid="00000000-0000-0000-0000-000000000000" Value="ByXPath" />
<ActInputValue Guid="a61dbb55-8aac-4be8-8f5d-458b9c73fabe" Param="ElementLocateValue" ParentGuid="00000000-0000-0000-0000-000000000000" Value="/javax.swing.JRootPane[0]/null.layeredPane/null.contentPane/javax.swing.JSplitPane[0]/com.amdocs.uif.workspace.desktop.AppDesktopPane[0]/com.amdocs.oms.phd.order.OrderingFrameworkPHD/javax.swing.JRootPane[0]/null.layeredPane/root/javax.swing.JViewport[0]/root/pnlActivityArea/root/pnlOrderHeader/dtServiceRequiredDate/com.standbysoft.component.date.swing.plaf.basic.BasicDateComboBox[0]/[[Name:dtServiceRequiredDate_dttext][ClassName:javax.swing.plaf.basic.BasicComboBoxEditor$BorderlessTextField]]" />
<ActInputValue Guid="5370167d-7420-45d5-a7b0-2b5e559f48eb" Param="TargetLocateBy" ParentGuid="00000000-0000-0000-0000-000000000000" Value="NA" />
<ActInputValue Guid="bda89db1-8c5b-4413-830c-e19d1befa369" Param="TargetElementType" ParentGuid="00000000-0000-0000-0000-000000000000" Value="Unknown" />
<ActInputValue Guid="19de794d-00e6-4ed6-8ee5-deda3022814b" Param="HandleElementType" ParentGuid="00000000-0000-0000-0000-000000000000" Value="Unknown" />
<ActInputValue Guid="20ffa6d6-8427-4cf2-b951-22bf686cb7b6" Param="HandleActionType" ParentGuid="00000000-0000-0000-0000-000000000000" Value="Unknown" />
<ActInputValue Guid="5ca72d6f-b5f0-4e5e-a86d-bd4506e4883b" Param="IsWidgetsElement" ParentGuid="00000000-0000-0000-0000-000000000000" Value="false" />
<ActInputValue Guid="7cfa5005-f44e-4b1c-b062-cd8a4d62d280" Param="WaitforIdle" ParentGuid="00000000-0000-0000-0000-000000000000" Value="None" />
<ActInputValue Guid="775cc586-b88c-4acf-82e4-22ec419ef2ff" Param="XCoordinate" ParentGuid="00000000-0000-0000-0000-000000000000" />
<ActInputValue Guid="ecf647b4-74e2-4e19-b060-376eb60cdfe5" Param="ValueToSelect" ParentGuid="00000000-0000-0000-0000-000000000000" />
<ActInputValue Guid="79114e77-4620-4847-8133-4562e1e17841" Param="YCoordinate" ParentGuid="00000000-0000-0000-0000-000000000000" />
<ActInputValue Guid="ad263fe5-4b7a-4b76-bc5f-e8ece6d4b316" Param="ControlAction" ParentGuid="00000000-0000-0000-0000-000000000000" />
</InputValues>
</ActUIElement>
<ActUIElement Active="True" Description="Get Warning pop up" Guid="07d3dfe9-a27d-4731-9a85-f5f36c23290e" MaxNumberOfRetries="2" ParentGuid="00000000-0000-0000-0000-000000000000" Platform="NA" RetryMechanismInterval="5" StatusConverter="None" TakeScreenShot="True" WaitVE="0" WindowsToCapture="OnlyActiveWindow">
<InputValues>
<ActInputValue Guid="06fe7706-3470-494e-a9ff-355a78df93f1" Param="ElementAction" ParentGuid="00000000-0000-0000-0000-000000000000" Value="Click" />
<ActInputValue Guid="820da266-ed36-4c1d-95a9-9e7a72d5725e" Param="ElementType" ParentGuid="00000000-0000-0000-0000-000000000000" Value="Button" />
<ActInputValue Guid="5bdf8136-8cfd-4ba0-ac6a-2287aca1c201" Param="Value" ParentGuid="00000000-0000-0000-0000-000000000000" />
<ActInputValue Guid="ad31bc56-c16a-48d4-9424-531845578fde" Param="ElementLocateBy" ParentGuid="00000000-0000-0000-0000-000000000000" Value="ByXPath" />
<ActInputValue Guid="26e18b9f-4180-4107-8f6f-3d9425067594" Param="ElementLocateValue" ParentGuid="00000000-0000-0000-0000-000000000000" Value="/javax.swing.JRootPane[0]/null.layeredPane/null.contentPane/javax.swing.JSplitPane[0]/com.amdocs.uif.workspace.desktop.AppDesktopPane[0]/com.amdocs.oms.phd.order.OrderingFrameworkPHD/javax.swing.JRootPane[0]/null.layeredPane/root/javax.swing.JViewport[0]/root/pnlShoppingCart/pnlCartHeader/[[Name:btnMaxMinCart][ClassName:com.amdocs.uif.widgets.ButtonNative$JXButton]]" />
<ActInputValue Guid="6572cebb-4933-43d2-8014-1c8b0a703ecc" Param="ValueToSelect" ParentGuid="00000000-0000-0000-0000-000000000000" />
<ActInputValue Guid="27da06ee-66d5-4a61-9266-56f89d85b988" Param="TargetLocateBy" ParentGuid="00000000-0000-0000-0000-000000000000" Value="NA" />
<ActInputValue Guid="1b9af501-4dc7-42b5-810d-f55cba1a78d2" Param="TargetElementType" ParentGuid="00000000-0000-0000-0000-000000000000" Value="Unknown" />
<ActInputValue Guid="82bed042-62e4-47a0-8b81-961ca467aeff" Param="HandleElementType" ParentGuid="00000000-0000-0000-0000-000000000000" Value="Unknown" />
<ActInputValue Guid="93204189-d075-448a-aa81-613a22fa8470" Param="HandleActionType" ParentGuid="00000000-0000-0000-0000-000000000000" Value="Unknown" />
</InputValues>
</ActUIElement>
<ActUIElement Active="True" Description="UI Switch Window - Update Order Action Attributes" EnableRetryMechanism="True" Guid="b284645b-7a4e-46b6-947e-3704ccd5532b" MaxNumberOfRetries="3" ParentGuid="00000000-0000-0000-0000-000000000000" Platform="Java" RetryMechanismInterval="3" StatusConverter="None" TakeScreenShot="True" WaitVE="0" WindowsToCapture="OnlyActiveWindow">
<InputValues>
<ActInputValue Guid="d981e6e8-67d7-4d65-8749-6560131dc2ab" Param="ElementLocateBy" ParentGuid="00000000-0000-0000-0000-000000000000" Value="ByTitle" />
<ActInputValue Guid="44c5cacd-a09c-47bd-86cb-2ad900f2e3b4" Param="ElementLocateValue" ParentGuid="00000000-0000-0000-0000-000000000000" Value="Update Order Action Attributes" />
<ActInputValue Guid="023a2a32-056b-4276-9540-ffc40be67649" Param="ElementType" ParentGuid="00000000-0000-0000-0000-000000000000" Value="Window" />
<ActInputValue Guid="da8c8554-babc-42c3-a3ae-201ec46dbe77" Param="ElementAction" ParentGuid="00000000-0000-0000-0000-000000000000" Value="Switch" />
<ActInputValue Guid="d3b9ee8c-dae5-415b-b703-208ab87ade9f" Param="SyncTime" ParentGuid="00000000-0000-0000-0000-000000000000" Value="30" />
<ActInputValue Guid="b1ac2900-8dff-4a28-874b-f7e94524899d" Param="IsWidgetsElement" ParentGuid="00000000-0000-0000-0000-000000000000" Value="false" />
<ActInputValue Guid="a036f003-4410-467e-b29e-e90cee80c440" Param="WaitforIdle" ParentGuid="00000000-0000-0000-0000-000000000000" Value="None" />
<ActInputValue Guid="c0edaa31-5309-4614-ae87-e898038584dc" Param="TargetLocateBy" ParentGuid="00000000-0000-0000-0000-000000000000" Value="NA" />
<ActInputValue Guid="a0cbb80a-f2f7-4664-83c3-16f7964296a6" Param="TargetElementType" ParentGuid="00000000-0000-0000-0000-000000000000" Value="Unknown" />
<ActInputValue Guid="a7958f1c-f3f2-4e13-9f95-0967dcf675a4" Param="HandleElementType" ParentGuid="00000000-0000-0000-0000-000000000000" Value="Unknown" />
<ActInputValue Guid="bbf73d82-9d53-42db-9817-ab065fda90ef" Param="HandleActionType" ParentGuid="00000000-0000-0000-0000-000000000000" Value="Unknown" />
</InputValues>
</ActUIElement>
<ActUIElement Active="True" Description="Click : btnCancel pop up" Guid="53b01784-025d-4a73-9c59-e3593e548e63" MaxNumberOfRetries="2" ParentGuid="00000000-0000-0000-0000-000000000000" Platform="Java" RetryMechanismInterval="5" StatusConverter="None" TakeScreenShot="True" WaitVE="0" WindowsToCapture="OnlyActiveWindow">
<InputValues>
<ActInputValue Guid="111c4fad-9034-4165-bfdc-04c05072cf5b" Param="ElementAction" ParentGuid="00000000-0000-0000-0000-000000000000" Value="Click" />
<ActInputValue Guid="ea8f7631-6d47-4a33-b2d5-4a810bbb612f" Param="ElementType" ParentGuid="00000000-0000-0000-0000-000000000000" Value="Button" />
<ActInputValue Guid="7bccaf0f-c8cc-45a9-8a7d-ea231474a1b5" Param="Value" ParentGuid="00000000-0000-0000-0000-000000000000" />
<ActInputValue Guid="d406a4ec-266a-4abb-b03b-4fffca38ff02" Param="ElementLocateBy" ParentGuid="00000000-0000-0000-0000-000000000000" Value="ByXPath" />
<ActInputValue Guid="901b9803-292b-46b6-9323-f1fbd1feded0" Param="ElementLocateValue" ParentGuid="00000000-0000-0000-0000-000000000000" Value="/javax.swing.JRootPane[0]/null.layeredPane/root/javax.swing.JViewport[0]/root/pnlFooter/pnlButton/[[Name:btnCancel][ClassName:com.amdocs.uif.widgets.ButtonNative$JXButton]]" />
<ActInputValue Guid="6de11873-6dce-4fff-ac70-4daee3b093e5" Param="ValueToSelect" ParentGuid="00000000-0000-0000-0000-000000000000" />
<ActInputValue Guid="30717ff9-5cb9-404a-b321-0d20ff004d12" Param="IsWidgetsElement" ParentGuid="00000000-0000-0000-0000-000000000000" Value="false" />
<ActInputValue Guid="f096dbca-a6b2-4b41-9bc4-e26ea103e7e7" Param="WaitforIdle" ParentGuid="00000000-0000-0000-0000-000000000000" Value="Medium" />
<ActInputValue Guid="b7e16cbe-e48c-4a97-aa08-33550d535311" Param="TargetLocateBy" ParentGuid="00000000-0000-0000-0000-000000000000" Value="NA" />
<ActInputValue Guid="6f6603d6-5c5c-44fd-92a7-74d474652429" Param="TargetElementType" ParentGuid="00000000-0000-0000-0000-000000000000" Value="Unknown" />
<ActInputValue Guid="5118b5e5-1e66-4d39-bf66-f42f2d29da41" Param="HandleElementType" ParentGuid="00000000-0000-0000-0000-000000000000" Value="Unknown" />
<ActInputValue Guid="16a46501-787f-4ff1-bacc-461662d8a6c9" Param="HandleActionType" ParentGuid="00000000-0000-0000-0000-000000000000" Value="Unknown" />
</InputValues>
</ActUIElement>
<ActUIElement Active="True" Description="UI Switch Window - Amdocs Customer Interaction Manager" EnableRetryMechanism="True" Guid="4708f3f9-f86e-424a-a568-e06531703784" MaxNumberOfRetries="3" ParentGuid="00000000-0000-0000-0000-000000000000" Platform="Java" RetryMechanismInterval="3" StatusConverter="None" TakeScreenShot="True" WaitVE="0" WindowsToCapture="OnlyActiveWindow">
<InputValues>
<ActInputValue Guid="0da6b0a8-c462-4d27-bc6c-de31c1f9f347" Param="ElementLocateBy" ParentGuid="00000000-0000-0000-0000-000000000000" Value="ByTitle" />
<ActInputValue Guid="30ef7eff-9397-464e-b946-024f0b44bdba" Param="ElementLocateValue" ParentGuid="00000000-0000-0000-0000-000000000000" Value="Amdocs Customer" />
<ActInputValue Guid="dd5c6db9-5d1a-4eec-ac63-caed9c2ec568" Param="ElementType" ParentGuid="00000000-0000-0000-0000-000000000000" Value="Window" />
<ActInputValue Guid="798feb64-a5f3-47cf-8249-fad3a254ea98" Param="ElementAction" ParentGuid="00000000-0000-0000-0000-000000000000" Value="Switch" />
<ActInputValue Guid="f4df8ed0-2442-4107-8504-acf3f2a4620c" Param="SyncTime" ParentGuid="00000000-0000-0000-0000-000000000000" Value="30" />
<ActInputValue Guid="2e93f112-4584-4aa4-a14e-f6781025b613" Param="IsWidgetsElement" ParentGuid="00000000-0000-0000-0000-000000000000" Value="false" />
<ActInputValue Guid="4beff6ff-2969-4e87-a416-ad4151d79df3" Param="WaitforIdle" ParentGuid="00000000-0000-0000-0000-000000000000" Value="None" />
<ActInputValue Guid="465b2faf-3973-4485-98a3-9ec8c72bc7bb" Param="TargetLocateBy" ParentGuid="00000000-0000-0000-0000-000000000000" Value="NA" />
<ActInputValue Guid="5d57e01f-17dc-44f7-86e1-d949e6273757" Param="TargetElementType" ParentGuid="00000000-0000-0000-0000-000000000000" Value="Unknown" />
<ActInputValue Guid="fec15bdc-dbb7-44f2-a9e9-5319f75935f7" Param="HandleElementType" ParentGuid="00000000-0000-0000-0000-000000000000" Value="Unknown" />
<ActInputValue Guid="8e4bd321-cfd9-49dc-9b11-e1d8dbc10b75" Param="HandleActionType" ParentGuid="00000000-0000-0000-0000-000000000000" Value="Unknown" />
</InputValues>
</ActUIElement>
<ActUIElement Active="True" Description="Set focus on application date" Guid="fb37523e-b01d-42e9-a421-0bc0de5cf73e" MaxNumberOfRetries="2" ParentGuid="00000000-0000-0000-0000-000000000000" Platform="Java" RetryMechanismInterval="5" StatusConverter="AlwaysPass" TakeScreenShot="True" WaitVE="0" WindowsToCapture="OnlyActiveWindow">
<InputValues>
<ActInputValue Guid="ecd7ff40-ffb5-4fc9-9836-009e0883c57b" Param="ElementAction" ParentGuid="00000000-0000-0000-0000-000000000000" Value="SetText" />
<ActInputValue Guid="98c20c50-7967-4a6a-8de8-f4f43a15641d" Param="ElementType" ParentGuid="00000000-0000-0000-0000-000000000000" Value="TextBox" />
<ActInputValue Guid="fc1d20b8-f423-4a8a-8964-cf3299161ff0" Param="Value" ParentGuid="00000000-0000-0000-0000-000000000000" Value="0" />
<ActInputValue Guid="b165d5db-be43-4c9f-84f8-f49af725228c" Param="ElementLocateBy" ParentGuid="00000000-0000-0000-0000-000000000000" Value="ByXPath" />
<ActInputValue Guid="49b92f5b-fd0f-4410-b864-8a62b622ad1e" Param="ElementLocateValue" ParentGuid="00000000-0000-0000-0000-000000000000" Value="/javax.swing.JRootPane[0]/null.layeredPane/null.contentPane/javax.swing.JSplitPane[0]/com.amdocs.uif.workspace.desktop.AppDesktopPane[0]/com.amdocs.oms.phd.order.OrderingFrameworkPHD/javax.swing.JRootPane[0]/null.layeredPane/root/javax.swing.JViewport[0]/root/pnlActivityArea/root/pnlOrderHeader/dtApplicationDate/com.standbysoft.component.date.swing.plaf.basic.BasicDateComboBox[0]/[[Name:dtApplicationDate_dttext][ClassName:javax.swing.plaf.basic.BasicComboBoxEditor$BorderlessTextField]]" />
<ActInputValue Guid="7df64c96-6c4e-440c-bbd8-959de7bf76ff" Param="TargetLocateBy" ParentGuid="00000000-0000-0000-0000-000000000000" Value="NA" />
<ActInputValue Guid="bc6dce52-b63e-4f73-ae72-451aa962958f" Param="TargetElementType" ParentGuid="00000000-0000-0000-0000-000000000000" Value="Unknown" />
<ActInputValue Guid="52bc0c76-b3bf-4093-b863-60f325422401" Param="HandleElementType" ParentGuid="00000000-0000-0000-0000-000000000000" Value="Unknown" />
<ActInputValue Guid="a57a95a7-7d14-4c01-8088-7531bb5dc552" Param="HandleActionType" ParentGuid="00000000-0000-0000-0000-000000000000" Value="Unknown" />
<ActInputValue Guid="ed5d3745-2322-458d-b8df-18586711e2ef" Param="IsWidgetsElement" ParentGuid="00000000-0000-0000-0000-000000000000" Value="false" />
<ActInputValue Guid="b071cbdf-e131-464d-8b1a-ac6809977f38" Param="WaitforIdle" ParentGuid="00000000-0000-0000-0000-000000000000" Value="None" />
<ActInputValue Guid="66bc8c97-afea-434c-80d3-fca3b8845164" Param="XCoordinate" ParentGuid="00000000-0000-0000-0000-000000000000" />
<ActInputValue Guid="abb04ca7-5e9c-49c2-8322-a0e497334fbf" Param="ValueToSelect" ParentGuid="00000000-0000-0000-0000-000000000000" />
<ActInputValue Guid="d940f58d-581b-4f12-827a-55479c397974" Param="YCoordinate" ParentGuid="00000000-0000-0000-0000-000000000000" />
<ActInputValue Guid="29b645f9-b038-4c21-af2e-e33cd528782b" Param="ControlAction" ParentGuid="00000000-0000-0000-0000-000000000000" />
</InputValues>
</ActUIElement>
<ActScript Active="True" Description="Script Action - clear date value_Copy" Guid="47d87222-53be-46e7-8a20-7161aba483cb" MaxNumberOfRetries="2" ParentGuid="00000000-0000-0000-0000-000000000000" Platform="NA" RetryMechanismInterval="5" ScriptCommand="Script" ScriptInterpreterType="VBS" ScriptName="SendKeys.vbs" ScriptPath="C:\DishAutomation\Dish\Documents\Scripts\" StatusConverter="None" TakeScreenShot="True" WaitVE="0" WindowsToCapture="OnlyActiveWindow">
<InputValues>
<ActInputValue Guid="3807d7e2-e943-45bd-8663-186a15f1cf14" Param="Value" ParentGuid="00000000-0000-0000-0000-000000000000" />
</InputValues>
</ActScript>
<ActUIElement Active="True" Description="SetValue : dtApplicationDate_dttext_Copy" Guid="07c60be1-5b2e-4954-810d-a5f454a6106e" MaxNumberOfRetries="2" ParentGuid="00000000-0000-0000-0000-000000000000" Platform="Java" RetryMechanismInterval="5" StatusConverter="None" TakeScreenShot="True" WaitVE="0" WindowsToCapture="OnlyActiveWindow">
<InputValues>
<ActInputValue Guid="ecd7ff40-ffb5-4fc9-9836-009e0883c57b" Param="ElementAction" ParentGuid="00000000-0000-0000-0000-000000000000" Value="SetText" />
<ActInputValue Guid="98c20c50-7967-4a6a-8de8-f4f43a15641d" Param="ElementType" ParentGuid="00000000-0000-0000-0000-000000000000" Value="TextBox" />
<ActInputValue Guid="fc1d20b8-f423-4a8a-8964-cf3299161ff0" Param="Value" ParentGuid="00000000-0000-0000-0000-000000000000" Value="{CS Exp=DateTime.Now.AddDays(-1).ToString(@&quot;M/dd/yyyy&quot;)}" />
<ActInputValue Guid="b165d5db-be43-4c9f-84f8-f49af725228c" Param="ElementLocateBy" ParentGuid="00000000-0000-0000-0000-000000000000" Value="ByXPath" />
<ActInputValue Guid="49b92f5b-fd0f-4410-b864-8a62b622ad1e" Param="ElementLocateValue" ParentGuid="00000000-0000-0000-0000-000000000000" Value="/javax.swing.JRootPane[0]/null.layeredPane/null.contentPane/javax.swing.JSplitPane[0]/com.amdocs.uif.workspace.desktop.AppDesktopPane[0]/com.amdocs.oms.phd.order.OrderingFrameworkPHD/javax.swing.JRootPane[0]/null.layeredPane/root/javax.swing.JViewport[0]/root/pnlActivityArea/root/pnlOrderHeader/dtApplicationDate/com.standbysoft.component.date.swing.plaf.basic.BasicDateComboBox[0]/[[Name:dtApplicationDate_dttext][ClassName:javax.swing.plaf.basic.BasicComboBoxEditor$BorderlessTextField]]" />
<ActInputValue Guid="7df64c96-6c4e-440c-bbd8-959de7bf76ff" Param="TargetLocateBy" ParentGuid="00000000-0000-0000-0000-000000000000" Value="NA" />
<ActInputValue Guid="bc6dce52-b63e-4f73-ae72-451aa962958f" Param="TargetElementType" ParentGuid="00000000-0000-0000-0000-000000000000" Value="Unknown" />
<ActInputValue Guid="52bc0c76-b3bf-4093-b863-60f325422401" Param="HandleElementType" ParentGuid="00000000-0000-0000-0000-000000000000" Value="Unknown" />
<ActInputValue Guid="a57a95a7-7d14-4c01-8088-7531bb5dc552" Param="HandleActionType" ParentGuid="00000000-0000-0000-0000-000000000000" Value="Unknown" />
<ActInputValue Guid="ed5d3745-2322-458d-b8df-18586711e2ef" Param="IsWidgetsElement" ParentGuid="00000000-0000-0000-0000-000000000000" Value="false" />
<ActInputValue Guid="b071cbdf-e131-464d-8b1a-ac6809977f38" Param="WaitforIdle" ParentGuid="00000000-0000-0000-0000-000000000000" Value="None" />
<ActInputValue Guid="c83cc58b-88a1-49f1-bf9b-37fee98b5f52" Param="XCoordinate" ParentGuid="00000000-0000-0000-0000-000000000000" />
<ActInputValue Guid="a98260f1-c456-4351-abe3-f8950b5b4053" Param="ValueToSelect" ParentGuid="00000000-0000-0000-0000-000000000000" />
<ActInputValue Guid="7c51aae1-0073-4133-8abc-89f0904b9db0" Param="YCoordinate" ParentGuid="00000000-0000-0000-0000-000000000000" />
<ActInputValue Guid="1e92e813-c70f-40bc-8bbc-42a1703c15d8" Param="ControlAction" ParentGuid="00000000-0000-0000-0000-000000000000" />
</InputValues>
</ActUIElement>
<ActUIElement Active="True" Description="set focous out of application date" Guid="0f083b05-f244-4882-8488-4aadc9e72aca" MaxNumberOfRetries="2" ParentGuid="00000000-0000-0000-0000-000000000000" Platform="NA" RetryMechanismInterval="5" StatusConverter="None" TakeScreenShot="True" WaitVE="0" WindowsToCapture="OnlyActiveWindow">
<InputValues>
<ActInputValue Guid="d4491a3f-7eb5-411b-b8e1-c1f66eb4d568" Param="ElementAction" ParentGuid="00000000-0000-0000-0000-000000000000" Value="Click" />
<ActInputValue Guid="dffdb4c5-88ab-4d4f-a27d-c02ed4abc6d0" Param="ElementType" ParentGuid="00000000-0000-0000-0000-000000000000" Value="Button" />
<ActInputValue Guid="8acf3cf6-7973-413d-9536-f1fd0bda5e99" Param="Value" ParentGuid="00000000-0000-0000-0000-000000000000" />
<ActInputValue Guid="4f2bd8f7-36bd-486b-8bbd-3b1411217013" Param="ElementLocateBy" ParentGuid="00000000-0000-0000-0000-000000000000" Value="ByXPath" />
<ActInputValue Guid="e53caeaa-86bd-4b99-8856-dd56d7bb0fe2" Param="ElementLocateValue" ParentGuid="00000000-0000-0000-0000-000000000000" Value="/javax.swing.JRootPane[0]/null.layeredPane/null.contentPane/javax.swing.JSplitPane[0]/com.amdocs.uif.workspace.desktop.AppDesktopPane[0]/com.amdocs.oms.phd.order.OrderingFrameworkPHD/javax.swing.JRootPane[0]/null.layeredPane/root/javax.swing.JViewport[0]/root/pnlShoppingCart/pnlCartHeader/[[Name:btnMaxMinCart][ClassName:com.amdocs.uif.widgets.ButtonNative$JXButton]]" />
<ActInputValue Guid="7d05317a-4e9a-448c-9f95-822ff47a72f1" Param="ValueToSelect" ParentGuid="00000000-0000-0000-0000-000000000000" />
<ActInputValue Guid="f6b65eb1-7828-466b-bc25-01e07d95eba5" Param="TargetLocateBy" ParentGuid="00000000-0000-0000-0000-000000000000" Value="NA" />
<ActInputValue Guid="660b1066-bc52-48c5-a4e9-7c91ec9920e2" Param="TargetElementType" ParentGuid="00000000-0000-0000-0000-000000000000" Value="Unknown" />
<ActInputValue Guid="f63a82ad-5e50-46ae-97d8-a56b43b9231b" Param="HandleElementType" ParentGuid="00000000-0000-0000-0000-000000000000" Value="Unknown" />
<ActInputValue Guid="ebddc14f-a0f2-4fba-bd98-f55494697e10" Param="HandleActionType" ParentGuid="00000000-0000-0000-0000-000000000000" Value="Unknown" />
</InputValues>
</ActUIElement>
<ActUIElement Active="True" Description="Click : btnNextStep" Guid="7c260e75-d7c1-46ff-aa58-2e44c8fe4df1" MaxNumberOfRetries="2" ParentGuid="00000000-0000-0000-0000-000000000000" Platform="Java" RetryMechanismInterval="5" StatusConverter="None" TakeScreenShot="True" WaitVE="0" WindowsToCapture="OnlyActiveWindow">
<InputValues>
<ActInputValue Guid="32c96cae-5a51-499b-9e56-2a9d63c2c0b2" Param="ElementAction" ParentGuid="00000000-0000-0000-0000-000000000000" Value="Click" />
<ActInputValue Guid="25b4e94b-c8d0-4001-a804-455f0f176d50" Param="ElementType" ParentGuid="00000000-0000-0000-0000-000000000000" Value="Button" />
<ActInputValue Guid="751e384d-1bf5-4f8b-88a0-cf7954b8ee82" Param="Value" ParentGuid="00000000-0000-0000-0000-000000000000" />
<ActInputValue Guid="ff453456-1ad6-4fe3-9496-fae1e093a5a1" Param="ElementLocateBy" ParentGuid="00000000-0000-0000-0000-000000000000" Value="ByXPath" />
<ActInputValue Guid="9a9f7fbd-d5d6-4d00-af1c-0be20d1d75c9" Param="ElementLocateValue" ParentGuid="00000000-0000-0000-0000-000000000000" Value="/javax.swing.JRootPane[0]/null.layeredPane/null.contentPane/javax.swing.JSplitPane[0]/com.amdocs.uif.workspace.desktop.AppDesktopPane[0]/com.amdocs.oms.phd.order.OrderingFrameworkPHD/javax.swing.JRootPane[0]/null.layeredPane/root/javax.swing.JViewport[0]/root/pnlNavigationButtons/[[Name:btnNextStep][ClassName:com.amdocs.uif.widgets.ButtonNative$JXButton]]" />
<ActInputValue Guid="fa8adb68-4d86-41f8-b0eb-1eac709f2a4f" Param="ValueToSelect" ParentGuid="00000000-0000-0000-0000-000000000000" />
<ActInputValue Guid="3f54db3b-9d87-4fab-94a9-7aa5f27d5b34" Param="TargetLocateBy" ParentGuid="00000000-0000-0000-0000-000000000000" Value="NA" />
<ActInputValue Guid="3b0ba81d-2fa4-4b51-8816-5a552496ead9" Param="TargetElementType" ParentGuid="00000000-0000-0000-0000-000000000000" Value="Unknown" />
<ActInputValue Guid="58bd35f1-af28-46c4-a3ed-8984cb7f5f53" Param="HandleElementType" ParentGuid="00000000-0000-0000-0000-000000000000" Value="Unknown" />
<ActInputValue Guid="e2be0d4d-1f87-41ec-a717-6d7749fc8532" Param="HandleActionType" ParentGuid="00000000-0000-0000-0000-000000000000" Value="Unknown" />
<ActInputValue Guid="c9a6c2e5-da37-4e52-812e-3d7fb918c524" Param="IsWidgetsElement" ParentGuid="00000000-0000-0000-0000-000000000000" Value="false" />
<ActInputValue Guid="a19484a9-c93b-4353-b59f-3d3a1fca41f2" Param="WaitforIdle" ParentGuid="00000000-0000-0000-0000-000000000000" Value="Medium" />
</InputValues>
</ActUIElement>
<ActUIElement Active="True" Description="UI Switch Window - Validation messages" EnableRetryMechanism="True" Guid="d3f8bf28-45bd-49e2-9f43-146f19f37cf0" MaxNumberOfRetries="3" ParentGuid="00000000-0000-0000-0000-000000000000" Platform="Java" RetryMechanismInterval="3" StatusConverter="None" TakeScreenShot="True" WaitVE="0" WindowsToCapture="OnlyActiveWindow">
<InputValues>
<ActInputValue Guid="d981e6e8-67d7-4d65-8749-6560131dc2ab" Param="ElementLocateBy" ParentGuid="00000000-0000-0000-0000-000000000000" Value="ByTitle" />
<ActInputValue Guid="44c5cacd-a09c-47bd-86cb-2ad900f2e3b4" Param="ElementLocateValue" ParentGuid="00000000-0000-0000-0000-000000000000" Value="Validation Messages" />
<ActInputValue Guid="023a2a32-056b-4276-9540-ffc40be67649" Param="ElementType" ParentGuid="00000000-0000-0000-0000-000000000000" Value="Window" />
<ActInputValue Guid="da8c8554-babc-42c3-a3ae-201ec46dbe77" Param="ElementAction" ParentGuid="00000000-0000-0000-0000-000000000000" Value="Switch" />
<ActInputValue Guid="d3b9ee8c-dae5-415b-b703-208ab87ade9f" Param="SyncTime" ParentGuid="00000000-0000-0000-0000-000000000000" Value="30" />
<ActInputValue Guid="b1ac2900-8dff-4a28-874b-f7e94524899d" Param="IsWidgetsElement" ParentGuid="00000000-0000-0000-0000-000000000000" Value="false" />
<ActInputValue Guid="a036f003-4410-467e-b29e-e90cee80c440" Param="WaitforIdle" ParentGuid="00000000-0000-0000-0000-000000000000" Value="None" />
<ActInputValue Guid="c0edaa31-5309-4614-ae87-e898038584dc" Param="TargetLocateBy" ParentGuid="00000000-0000-0000-0000-000000000000" Value="NA" />
<ActInputValue Guid="a0cbb80a-f2f7-4664-83c3-16f7964296a6" Param="TargetElementType" ParentGuid="00000000-0000-0000-0000-000000000000" Value="Unknown" />
<ActInputValue Guid="a7958f1c-f3f2-4e13-9f95-0967dcf675a4" Param="HandleElementType" ParentGuid="00000000-0000-0000-0000-000000000000" Value="Unknown" />
<ActInputValue Guid="bbf73d82-9d53-42db-9817-ab065fda90ef" Param="HandleActionType" ParentGuid="00000000-0000-0000-0000-000000000000" Value="Unknown" />
</InputValues>
</ActUIElement>
<ActUIElement Active="True" Description="Click : btnCancel pop up" Guid="945e7618-4447-43d2-bb15-690dceb6dacc" MaxNumberOfRetries="2" ParentGuid="00000000-0000-0000-0000-000000000000" Platform="Java" RetryMechanismInterval="5" StatusConverter="None" TakeScreenShot="True" WaitVE="0" WindowsToCapture="OnlyActiveWindow">
<InputValues>
<ActInputValue Guid="111c4fad-9034-4165-bfdc-04c05072cf5b" Param="ElementAction" ParentGuid="00000000-0000-0000-0000-000000000000" Value="Click" />
<ActInputValue Guid="ea8f7631-6d47-4a33-b2d5-4a810bbb612f" Param="ElementType" ParentGuid="00000000-0000-0000-0000-000000000000" Value="Button" />
<ActInputValue Guid="7bccaf0f-c8cc-45a9-8a7d-ea231474a1b5" Param="Value" ParentGuid="00000000-0000-0000-0000-000000000000" />
<ActInputValue Guid="d406a4ec-266a-4abb-b03b-4fffca38ff02" Param="ElementLocateBy" ParentGuid="00000000-0000-0000-0000-000000000000" Value="ByXPath" />
<ActInputValue Guid="901b9803-292b-46b6-9323-f1fbd1feded0" Param="ElementLocateValue" ParentGuid="00000000-0000-0000-0000-000000000000" Value="/javax.swing.JRootPane[0]/null.layeredPane/root/javax.swing.JViewport[0]/root/pnlFooter/pnlButton/[[Name:btnCancel][ClassName:com.amdocs.uif.widgets.ButtonNative$JXButton]]" />
<ActInputValue Guid="6de11873-6dce-4fff-ac70-4daee3b093e5" Param="ValueToSelect" ParentGuid="00000000-0000-0000-0000-000000000000" />
<ActInputValue Guid="30717ff9-5cb9-404a-b321-0d20ff004d12" Param="IsWidgetsElement" ParentGuid="00000000-0000-0000-0000-000000000000" Value="false" />
<ActInputValue Guid="f096dbca-a6b2-4b41-9bc4-e26ea103e7e7" Param="WaitforIdle" ParentGuid="00000000-0000-0000-0000-000000000000" Value="Medium" />
<ActInputValue Guid="b7e16cbe-e48c-4a97-aa08-33550d535311" Param="TargetLocateBy" ParentGuid="00000000-0000-0000-0000-000000000000" Value="NA" />
<ActInputValue Guid="6f6603d6-5c5c-44fd-92a7-74d474652429" Param="TargetElementType" ParentGuid="00000000-0000-0000-0000-000000000000" Value="Unknown" />
<ActInputValue Guid="5118b5e5-1e66-4d39-bf66-f42f2d29da41" Param="HandleElementType" ParentGuid="00000000-0000-0000-0000-000000000000" Value="Unknown" />
<ActInputValue Guid="16a46501-787f-4ff1-bacc-461662d8a6c9" Param="HandleActionType" ParentGuid="00000000-0000-0000-0000-000000000000" Value="Unknown" />
</InputValues>
</ActUIElement>
<ActUIElement Active="True" Description="UI Switch Window - Amdocs Customer Interaction Manager" EnableRetryMechanism="True" Guid="738b6e7e-b286-4cff-a88d-8349c03089e2" MaxNumberOfRetries="3" ParentGuid="00000000-0000-0000-0000-000000000000" Platform="Java" RetryMechanismInterval="3" StatusConverter="None" TakeScreenShot="True" WaitVE="0" WindowsToCapture="OnlyActiveWindow">
<InputValues>
<ActInputValue Guid="0da6b0a8-c462-4d27-bc6c-de31c1f9f347" Param="ElementLocateBy" ParentGuid="00000000-0000-0000-0000-000000000000" Value="ByTitle" />
<ActInputValue Guid="30ef7eff-9397-464e-b946-024f0b44bdba" Param="ElementLocateValue" ParentGuid="00000000-0000-0000-0000-000000000000" Value="Amdocs Customer" />
<ActInputValue Guid="dd5c6db9-5d1a-4eec-ac63-caed9c2ec568" Param="ElementType" ParentGuid="00000000-0000-0000-0000-000000000000" Value="Window" />
<ActInputValue Guid="798feb64-a5f3-47cf-8249-fad3a254ea98" Param="ElementAction" ParentGuid="00000000-0000-0000-0000-000000000000" Value="Switch" />
<ActInputValue Guid="f4df8ed0-2442-4107-8504-acf3f2a4620c" Param="SyncTime" ParentGuid="00000000-0000-0000-0000-000000000000" Value="30" />
<ActInputValue Guid="2e93f112-4584-4aa4-a14e-f6781025b613" Param="IsWidgetsElement" ParentGuid="00000000-0000-0000-0000-000000000000" Value="false" />
<ActInputValue Guid="4beff6ff-2969-4e87-a416-ad4151d79df3" Param="WaitforIdle" ParentGuid="00000000-0000-0000-0000-000000000000" Value="None" />
<ActInputValue Guid="465b2faf-3973-4485-98a3-9ec8c72bc7bb" Param="TargetLocateBy" ParentGuid="00000000-0000-0000-0000-000000000000" Value="NA" />
<ActInputValue Guid="5d57e01f-17dc-44f7-86e1-d949e6273757" Param="TargetElementType" ParentGuid="00000000-0000-0000-0000-000000000000" Value="Unknown" />
<ActInputValue Guid="fec15bdc-dbb7-44f2-a9e9-5319f75935f7" Param="HandleElementType" ParentGuid="00000000-0000-0000-0000-000000000000" Value="Unknown" />
<ActInputValue Guid="8e4bd321-cfd9-49dc-9b11-e1d8dbc10b75" Param="HandleActionType" ParentGuid="00000000-0000-0000-0000-000000000000" Value="Unknown" />
</InputValues>
</ActUIElement>
<ActUIElement Active="True" Description="Click : btnNextStep" Guid="46a90938-c048-4548-b93a-4b2d181cff73" MaxNumberOfRetries="2" ParentGuid="00000000-0000-0000-0000-000000000000" Platform="NA" RetryMechanismInterval="5" StatusConverter="None" TakeScreenShot="True" WaitVE="0" WindowsToCapture="OnlyActiveWindow">
<InputValues>
<ActInputValue Guid="32c96cae-5a51-499b-9e56-2a9d63c2c0b2" Param="ElementAction" ParentGuid="00000000-0000-0000-0000-000000000000" Value="Click" />
<ActInputValue Guid="25b4e94b-c8d0-4001-a804-455f0f176d50" Param="ElementType" ParentGuid="00000000-0000-0000-0000-000000000000" Value="Button" />
<ActInputValue Guid="751e384d-1bf5-4f8b-88a0-cf7954b8ee82" Param="Value" ParentGuid="00000000-0000-0000-0000-000000000000" />
<ActInputValue Guid="ff453456-1ad6-4fe3-9496-fae1e093a5a1" Param="ElementLocateBy" ParentGuid="00000000-0000-0000-0000-000000000000" Value="ByXPath" />
<ActInputValue Guid="9a9f7fbd-d5d6-4d00-af1c-0be20d1d75c9" Param="ElementLocateValue" ParentGuid="00000000-0000-0000-0000-000000000000" Value="/javax.swing.JRootPane[0]/null.layeredPane/null.contentPane/javax.swing.JSplitPane[0]/com.amdocs.uif.workspace.desktop.AppDesktopPane[0]/com.amdocs.oms.phd.order.OrderingFrameworkPHD/javax.swing.JRootPane[0]/null.layeredPane/root/javax.swing.JViewport[0]/root/pnlNavigationButtons/[[Name:btnNextStep][ClassName:com.amdocs.uif.widgets.ButtonNative$JXButton]]" />
<ActInputValue Guid="fa8adb68-4d86-41f8-b0eb-1eac709f2a4f" Param="ValueToSelect" ParentGuid="00000000-0000-0000-0000-000000000000" />
<ActInputValue Guid="3f54db3b-9d87-4fab-94a9-7aa5f27d5b34" Param="TargetLocateBy" ParentGuid="00000000-0000-0000-0000-000000000000" Value="NA" />
<ActInputValue Guid="3b0ba81d-2fa4-4b51-8816-5a552496ead9" Param="TargetElementType" ParentGuid="00000000-0000-0000-0000-000000000000" Value="Unknown" />
<ActInputValue Guid="58bd35f1-af28-46c4-a3ed-8984cb7f5f53" Param="HandleElementType" ParentGuid="00000000-0000-0000-0000-000000000000" Value="Unknown" />
<ActInputValue Guid="e2be0d4d-1f87-41ec-a717-6d7749fc8532" Param="HandleActionType" ParentGuid="00000000-0000-0000-0000-000000000000" Value="Unknown" />
</InputValues>
</ActUIElement>
</Acts>

<Variables>
<VariableString Guid="f1d4507b-4802-4b68-935b-0433416abcfb" InitialStringValue="12/13/2020 12:00:00 AM&#xD;&#xA;" MappedOutputType="None" Name="ServiceRequiredDate" ParentGuid="00000000-0000-0000-0000-000000000000" SetAsInputValue="False" />
</Variables>
</Activity></GingerRepositoryItem>