﻿<?xml version="1.0" encoding="utf-8"?>
<GingerRepositoryItem><Header ItemGuid="37199e98-ac55-457f-b955-263e4f85ef1f" ItemType="Activity" CreatedBy="christian.poblete" Created="202101191604" GingerVersion="3.6.0.0" Version="1" LastUpdateBy="christian.poblete" LastUpdate="202101191604" />
<Activity ActionRunOption="StopActionsRunOnFailure" Active="True" ActivityName="CHQ - NPC - Remove and add Equipment" AutomationStatus="Automated" Description="This action should be in the first place of the NPC part of the flow, because xpath is missing when its set after othe NPC menu screen" ErrorHandlerMappingType="AllAvailableHandlers" Guid="37199e98-ac55-457f-b955-263e4f85ef1f" ParentGuid="00000000-0000-0000-0000-000000000000" PercentAutomated="96%" TargetApplication="MyJavaApp">
<Acts>
<ActDummy Active="True" Description="Check if equipment is to be added" Guid="509a1b40-5e4d-4539-869c-593e84dd5fc2" MaxNumberOfRetries="2" ParentGuid="00000000-0000-0000-0000-000000000000" Platform="NA" RetryMechanismInterval="5" StatusConverter="None" TakeScreenShot="True" WaitVE="0" WindowsToCapture="OnlyActiveWindow">
<FlowControls>
<FlowControl Active="True" BusinessFlowControlAction="GoToBusinessFlow" Condition="({CS Exp=@&quot;{Var Name=Equipment receiver ID}&quot;.Length})&gt;20" FlowControlAction="GoToAction" Guid="570d8a5b-8433-4645-849a-4b5ebe08effb" Operator="Legacy" ParentGuid="00000000-0000-0000-0000-000000000000" Value="e189b488-888b-48a0-a912-906c754500b6#GUID_NAME#Next Step" />
<FlowControl Active="True" BusinessFlowControlAction="GoToBusinessFlow" Condition="({CS Exp=@&quot;{Var Name=Equipment receiver ID}&quot;.Length})=0" FlowControlAction="GoToAction" Guid="5dce0827-4510-4bec-b180-fd1252cffcd9" Operator="Legacy" ParentGuid="00000000-0000-0000-0000-000000000000" Value="e189b488-888b-48a0-a912-906c754500b6#GUID_NAME#Next Step" />
</FlowControls>

<InputValues>
<ActInputValue Guid="91c74bff-7680-45eb-9c71-8135c1cc83fa" Param="Value" ParentGuid="00000000-0000-0000-0000-000000000000" />
</InputValues>
</ActDummy>
<ActBrowserElement Active="True" Description="Initialize Browser - JExplorerBrowser" EnableRetryMechanism="True" Guid="48eb0785-62d9-4fc9-94b1-f132b7f67703" ImplicitWait="60" MaxNumberOfRetries="10" ParentGuid="00000000-0000-0000-0000-000000000000" Platform="Java" RetryMechanismInterval="3" StatusConverter="None" TakeScreenShot="True" WaitVE="0" WindowsToCapture="OnlyActiveWindow">
<InputValues>
<ActInputValue Guid="3fc9c4df-f569-4ced-8318-976e84fe06dd" Param="LocateBy" ParentGuid="00000000-0000-0000-0000-000000000000" Value="ByXPath" />
<ActInputValue Guid="e8b756e9-be68-4e4a-9139-1a93dedb7506" Param="LocateValue" ParentGuid="00000000-0000-0000-0000-000000000000" Value="//com.amdocs.uif.widgets.browser.JxBrowserBrowserComponent[0]" />
<ActInputValue Guid="3c22f568-b8e4-40c3-82d9-e662d1744bae" Param="Value" ParentGuid="00000000-0000-0000-0000-000000000000" />
<ActInputValue Guid="a39a70cf-1704-40db-8ba5-78b91f2efde6" Param="ControlAction" ParentGuid="00000000-0000-0000-0000-000000000000" Value="InitializeBrowser" />
<ActInputValue Guid="e589a9a2-9fa9-44f5-9226-3678062cd44a" Param="GotoURLType" ParentGuid="00000000-0000-0000-0000-000000000000" Value="Current" />
<ActInputValue Guid="32a3219e-7652-4c3c-8ca6-fdf41585fc04" Param="URLSrc" ParentGuid="00000000-0000-0000-0000-000000000000" Value="Static" />
<ActInputValue Guid="e7f204e7-8d26-4d41-8f99-bd26d10bb7b6" Param="PomGUID" ParentGuid="00000000-0000-0000-0000-000000000000" />
</InputValues>
</ActBrowserElement>
<ActUIElement Active="True" Description="Click : Equipment menu" Guid="1ff188d1-167a-4330-b94a-82fda0df7fae" MaxNumberOfRetries="2" ParentGuid="00000000-0000-0000-0000-000000000000" Platform="Java" RetryMechanismInterval="5" StatusConverter="None" TakeScreenShot="True" WaitVE="0" WindowsToCapture="OnlyActiveWindow">
<InputValues>
<ActInputValue Guid="21f273eb-f39f-4e3c-85a8-e6b6a9f3dbc5" Param="ElementAction" ParentGuid="00000000-0000-0000-0000-000000000000" Value="Click" />
<ActInputValue Guid="4ca83969-eb1c-45b8-999f-9ac2271d39cd" Param="ElementType" ParentGuid="00000000-0000-0000-0000-000000000000" Value="Div" />
<ActInputValue Guid="037f6d99-1261-46ec-bb73-f43ff79b6fe5" Param="IsWidgetsElement" ParentGuid="00000000-0000-0000-0000-000000000000" Value="true" />
<ActInputValue Guid="d483c83b-77e3-4c59-b4ae-a29f1fd707f3" Param="Value" ParentGuid="00000000-0000-0000-0000-000000000000" />
<ActInputValue Guid="3f4f28af-8f34-4810-be29-7390a28d85c2" Param="ElementLocateBy" ParentGuid="00000000-0000-0000-0000-000000000000" Value="ByRelXPath" />
<ActInputValue Guid="a744d3b0-f838-4f9f-a0b7-b8e51063b089" Param="ElementLocateValue" ParentGuid="00000000-0000-0000-0000-000000000000" Value="//div[@id='ConfigureMultiProducts-widget']/div/div[3]/div/div/div[4]/div[2]/div/div/div/div/div/div[3]/div/div/div[2]/div/ul/li[3]/div" />
<ActInputValue Guid="5445b1c1-b522-4a79-9375-d4ee74ffb4f6" Param="ValueToSelect" ParentGuid="00000000-0000-0000-0000-000000000000" />
<ActInputValue Guid="62de4110-fddc-43ac-ac59-42079288ad26" Param="TargetLocateBy" ParentGuid="00000000-0000-0000-0000-000000000000" Value="NA" />
<ActInputValue Guid="825ea078-50c8-4b3a-9dcd-aca97b8ea7c2" Param="TargetElementType" ParentGuid="00000000-0000-0000-0000-000000000000" Value="Unknown" />
<ActInputValue Guid="baa4959b-f746-433f-83aa-6f66cd067d5a" Param="HandleElementType" ParentGuid="00000000-0000-0000-0000-000000000000" Value="Unknown" />
<ActInputValue Guid="6d9d636d-cea0-42a6-b473-d865313e10bd" Param="HandleActionType" ParentGuid="00000000-0000-0000-0000-000000000000" Value="Unknown" />
</InputValues>
</ActUIElement>
<ActUIElement Description="Click : Enter Manually" EnableRetryMechanism="True" Guid="5408b61e-4335-4e4f-a323-c8a9371c19c9" MaxNumberOfRetries="5" ParentGuid="00000000-0000-0000-0000-000000000000" Platform="Java" RetryMechanismInterval="3" StatusConverter="None" TakeScreenShot="True" WaitVE="1" WindowsToCapture="OnlyActiveWindow">
<InputValues>
<ActInputValue Guid="fde552fd-69f4-4e07-8a2e-0096b3cea22c" Param="ElementAction" ParentGuid="00000000-0000-0000-0000-000000000000" Value="Click" />
<ActInputValue Guid="284d0102-6ce1-4033-9a86-f10896a70e18" Param="ElementType" ParentGuid="00000000-0000-0000-0000-000000000000" Value="HyperLink" />
<ActInputValue Guid="7f655368-bbb9-4d3f-933a-3fd13ccb5219" Param="IsWidgetsElement" ParentGuid="00000000-0000-0000-0000-000000000000" Value="true" />
<ActInputValue Guid="68a940a5-06ff-443a-aa03-0b85416a1932" Param="Value" ParentGuid="00000000-0000-0000-0000-000000000000" />
<ActInputValue Guid="230482cb-4bce-4c42-9d73-86faca404d91" Param="ElementLocateBy" ParentGuid="00000000-0000-0000-0000-000000000000" Value="ByRelXPath" />
<ActInputValue Guid="0b1f0311-369c-405d-a334-e90378a5124c" Param="ElementLocateValue" ParentGuid="00000000-0000-0000-0000-000000000000" Value="//div[@id='NPCContent']/div/div[3]/div/div[2]/div[2]/div[4]/div[2]/a" />
<ActInputValue Guid="e0d8a539-ef54-4626-ab52-fbbcd7530c84" Param="ValueToSelect" ParentGuid="00000000-0000-0000-0000-000000000000" />
<ActInputValue Guid="4d38d63c-5c64-4ede-8c26-820a0d9f5b1b" Param="TargetLocateBy" ParentGuid="00000000-0000-0000-0000-000000000000" Value="NA" />
<ActInputValue Guid="29f0204f-7cc9-4863-87d7-7f543711abe5" Param="TargetElementType" ParentGuid="00000000-0000-0000-0000-000000000000" Value="Unknown" />
<ActInputValue Guid="6e107fc0-cbb4-4b72-8959-4b84caa43bc9" Param="HandleElementType" ParentGuid="00000000-0000-0000-0000-000000000000" Value="Unknown" />
<ActInputValue Guid="69450bd1-769b-425d-989a-5b21a7b877bf" Param="HandleActionType" ParentGuid="00000000-0000-0000-0000-000000000000" Value="Unknown" />
</InputValues>
</ActUIElement>
<ActUIElement Active="True" Description="Verify if there is added equipment" EnableRetryMechanism="True" Guid="7b94dbc7-f3bb-4d2c-a7b6-e25dbf762c9d" MaxNumberOfRetries="2" ParentGuid="00000000-0000-0000-0000-000000000000" Platform="Java" RetryMechanismInterval="3" StatusConverter="AlwaysPass" TakeScreenShot="True" WaitVE="0" WindowsToCapture="OnlyActiveWindow">
<FlowControls>
<FlowControl Active="True" BusinessFlowControlAction="GoToBusinessFlow" FlowControlAction="GoToAction" Guid="b4cbdfe0-8955-4a3d-b2cd-4ee112e2f672" Operator="ActionPassed" ParentGuid="00000000-0000-0000-0000-000000000000" Value="944181df-30a5-4421-af5c-25bd80a0a8c2#GUID_NAME#CHQ - NPC - Remove and add new Equipment from equipment details screen - dummy" />
<FlowControl Active="True" BusinessFlowControlAction="GoToBusinessFlow" FlowControlAction="GoToAction" Guid="4548404d-c2c2-4ee2-a3ff-12b7208db81f" Operator="ActionFailed" ParentGuid="00000000-0000-0000-0000-000000000000" Value="ae7b7e26-cd26-46ec-93ca-e02334c51b7d#GUID_NAME#CHQ - NPC - add Equipment if there is not added before - dummy" />
</FlowControls>

<InputValues>
<ActInputValue Guid="3de6ae01-1007-4c8d-b9c7-e3db48bcd9f9" Param="ElementAction" ParentGuid="00000000-0000-0000-0000-000000000000" Value="IsVisible" />
<ActInputValue Guid="1b72256d-af7d-4b7b-9285-017b2be82e65" Param="ElementType" ParentGuid="00000000-0000-0000-0000-000000000000" Value="HyperLink" />
<ActInputValue Guid="f07c9df1-a6c0-45d0-9a21-0bb50ab8d597" Param="IsWidgetsElement" ParentGuid="00000000-0000-0000-0000-000000000000" Value="true" />
<ActInputValue Guid="ac0a1718-a80f-47ea-bd11-33434c875416" Param="Value" ParentGuid="00000000-0000-0000-0000-000000000000" />
<ActInputValue Guid="f88aaa37-8443-486d-a55a-aac3c5b16857" Param="ElementLocateBy" ParentGuid="00000000-0000-0000-0000-000000000000" Value="ByRelXPath" />
<ActInputValue Guid="9f9eeacd-e5f8-4382-a4ee-770973ddd6e2" Param="ElementLocateValue" ParentGuid="00000000-0000-0000-0000-000000000000" Value="//div[@id='NPCContent']/div/div[3]/div/div[2]/div[2]/div[4]/div[7]/a" />
<ActInputValue Guid="2a4f1668-430e-4bd1-811d-685b61601beb" Param="TargetLocateBy" ParentGuid="00000000-0000-0000-0000-000000000000" Value="NA" />
<ActInputValue Guid="fb34b6b8-aed6-4603-9bc1-1128d7891ab8" Param="TargetElementType" ParentGuid="00000000-0000-0000-0000-000000000000" Value="Unknown" />
<ActInputValue Guid="571c2222-6bc1-4c95-b6c5-51ab21574c6a" Param="HandleElementType" ParentGuid="00000000-0000-0000-0000-000000000000" Value="Unknown" />
<ActInputValue Guid="c176c047-87dc-4575-b129-31baf6aca869" Param="HandleActionType" ParentGuid="00000000-0000-0000-0000-000000000000" Value="Unknown" />
</InputValues>

<ReturnValues>
<ActReturnValue Active="True" Guid="b957f865-5797-4657-b897-5a24dd247c1f" mExpected="true" Operator="Equals" Param="Actual0" ParentGuid="00000000-0000-0000-0000-000000000000" StoreTo="None" />
</ReturnValues>
</ActUIElement>
<ActDummy Active="True" Description="CHQ - NPC - add Equipment if there is not added before - dummy" Guid="ae7b7e26-cd26-46ec-93ca-e02334c51b7d" MaxNumberOfRetries="2" ParentGuid="00000000-0000-0000-0000-000000000000" Platform="NA" RetryMechanismInterval="5" StatusConverter="None" WindowsToCapture="OnlyActiveWindow">
<InputValues>
<ActInputValue Guid="4d141d13-cc4b-4dc0-8066-fdb542146d18" Param="Value" ParentGuid="00000000-0000-0000-0000-000000000000" />
</InputValues>
</ActDummy>
<ActUIElement Active="True" Description="Click : Enter Manually_Copy" EnableRetryMechanism="True" Guid="e9f9efff-ccad-4b5d-9c30-dc3b97fd87f9" MaxNumberOfRetries="5" ParentGuid="00000000-0000-0000-0000-000000000000" Platform="Java" RetryMechanismInterval="3" StatusConverter="None" TakeScreenShot="True" WaitVE="1" WindowsToCapture="OnlyActiveWindow">
<InputValues>
<ActInputValue Guid="fde552fd-69f4-4e07-8a2e-0096b3cea22c" Param="ElementAction" ParentGuid="00000000-0000-0000-0000-000000000000" Value="Click" />
<ActInputValue Guid="284d0102-6ce1-4033-9a86-f10896a70e18" Param="ElementType" ParentGuid="00000000-0000-0000-0000-000000000000" Value="HyperLink" />
<ActInputValue Guid="7f655368-bbb9-4d3f-933a-3fd13ccb5219" Param="IsWidgetsElement" ParentGuid="00000000-0000-0000-0000-000000000000" Value="true" />
<ActInputValue Guid="68a940a5-06ff-443a-aa03-0b85416a1932" Param="Value" ParentGuid="00000000-0000-0000-0000-000000000000" />
<ActInputValue Guid="230482cb-4bce-4c42-9d73-86faca404d91" Param="ElementLocateBy" ParentGuid="00000000-0000-0000-0000-000000000000" Value="ByRelXPath" />
<ActInputValue Guid="0b1f0311-369c-405d-a334-e90378a5124c" Param="ElementLocateValue" ParentGuid="00000000-0000-0000-0000-000000000000" Value="//div[@id='NPCContent']/div/div[3]/div/div[2]/div[2]/div[4]/div[2]/a" />
<ActInputValue Guid="e0d8a539-ef54-4626-ab52-fbbcd7530c84" Param="ValueToSelect" ParentGuid="00000000-0000-0000-0000-000000000000" />
<ActInputValue Guid="4d38d63c-5c64-4ede-8c26-820a0d9f5b1b" Param="TargetLocateBy" ParentGuid="00000000-0000-0000-0000-000000000000" Value="NA" />
<ActInputValue Guid="29f0204f-7cc9-4863-87d7-7f543711abe5" Param="TargetElementType" ParentGuid="00000000-0000-0000-0000-000000000000" Value="Unknown" />
<ActInputValue Guid="6e107fc0-cbb4-4b72-8959-4b84caa43bc9" Param="HandleElementType" ParentGuid="00000000-0000-0000-0000-000000000000" Value="Unknown" />
<ActInputValue Guid="69450bd1-769b-425d-989a-5b21a7b877bf" Param="HandleActionType" ParentGuid="00000000-0000-0000-0000-000000000000" Value="Unknown" />
</InputValues>
</ActUIElement>
<ActUIElement Active="True" Description="Click : Add row" Guid="a25dcb4a-e1b2-4440-81e8-e382d812f951" MaxNumberOfRetries="2" ParentGuid="00000000-0000-0000-0000-000000000000" Platform="Java" RetryMechanismInterval="5" StatusConverter="None" TakeScreenShot="True" WaitVE="0" WindowsToCapture="OnlyActiveWindow">
<InputValues>
<ActInputValue Guid="0e7d6cc5-11ee-445a-b237-ac71850b8f8c" Param="ElementAction" ParentGuid="00000000-0000-0000-0000-000000000000" Value="Click" />
<ActInputValue Guid="eeebd757-49ec-4fc5-b202-0a8244c89cfc" Param="ElementType" ParentGuid="00000000-0000-0000-0000-000000000000" Value="Span" />
<ActInputValue Guid="e0ae7fbb-d39a-4ed3-9b0b-d59dffec79c7" Param="IsWidgetsElement" ParentGuid="00000000-0000-0000-0000-000000000000" Value="true" />
<ActInputValue Guid="25e47526-3644-4bad-889b-e21bf5a97fbd" Param="Value" ParentGuid="00000000-0000-0000-0000-000000000000" />
<ActInputValue Guid="ac15a721-258e-4ded-abaa-e39fc0b57cd1" Param="ElementLocateBy" ParentGuid="00000000-0000-0000-0000-000000000000" Value="ByXPath" />
<ActInputValue Guid="295bc1ad-d4af-4376-8ca3-8781cd66571a" Param="ElementLocateValue" ParentGuid="00000000-0000-0000-0000-000000000000" Value="//td[7]/a/span[2]" />
<ActInputValue Guid="e0848abb-f8b1-44ff-b0f2-404ff97b54b7" Param="ValueToSelect" ParentGuid="00000000-0000-0000-0000-000000000000" />
<ActInputValue Guid="be952b8d-d923-4797-af0e-43352aade124" Param="TargetLocateBy" ParentGuid="00000000-0000-0000-0000-000000000000" Value="NA" />
<ActInputValue Guid="4c24b7d4-b106-4622-9821-89e7ee1679b4" Param="TargetElementType" ParentGuid="00000000-0000-0000-0000-000000000000" Value="Unknown" />
<ActInputValue Guid="747480a9-34cf-43df-9ae1-c2039f5348d1" Param="HandleElementType" ParentGuid="00000000-0000-0000-0000-000000000000" Value="Unknown" />
<ActInputValue Guid="207ed87e-cd9d-4b2f-a7cb-52099713401c" Param="HandleActionType" ParentGuid="00000000-0000-0000-0000-000000000000" Value="Unknown" />
</InputValues>
</ActUIElement>
<ActUIElement Active="True" Description="SetValue : Receiver ID" Guid="f2b9f6d4-8fba-4604-8b74-f49ed985300c" MaxNumberOfRetries="2" ParentGuid="00000000-0000-0000-0000-000000000000" Platform="Java" RetryMechanismInterval="5" StatusConverter="None" TakeScreenShot="True" WaitVE="0" WindowsToCapture="OnlyActiveWindow">
<InputValues>
<ActInputValue Guid="bcc7589e-93f1-4ce9-87b7-726308e188ae" Param="ElementAction" ParentGuid="00000000-0000-0000-0000-000000000000" Value="SetValue" />
<ActInputValue Guid="1acdfbc9-109a-4106-9213-5f6cca532796" Param="ElementType" ParentGuid="00000000-0000-0000-0000-000000000000" Value="TextBox" />
<ActInputValue Guid="2b6a7b37-a75a-4147-afe4-8c5b66c9bb77" Param="IsWidgetsElement" ParentGuid="00000000-0000-0000-0000-000000000000" Value="true" />
<ActInputValue Guid="85673a34-dd5b-4754-a1da-cac9b61f0451" Param="Value" ParentGuid="00000000-0000-0000-0000-000000000000" Value="{Var Name=Equipment receiver ID}" />
<ActInputValue Guid="1c438a56-969f-4556-b620-de1d985cf2bf" Param="ElementLocateBy" ParentGuid="00000000-0000-0000-0000-000000000000" Value="ByXPath" />
<ActInputValue Guid="0cc19c42-8b0d-41f0-a530-2b5991db3170" Param="ElementLocateValue" ParentGuid="00000000-0000-0000-0000-000000000000" Value="//input[@id='receiverIDX3_0']" />
<ActInputValue Guid="c117a0e9-a837-447d-b3a0-ccc48b6b1b92" Param="TargetLocateBy" ParentGuid="00000000-0000-0000-0000-000000000000" Value="NA" />
<ActInputValue Guid="00a286c5-c15a-44da-87c2-cd388b0b36bf" Param="TargetElementType" ParentGuid="00000000-0000-0000-0000-000000000000" Value="Unknown" />
<ActInputValue Guid="454505a0-d139-4ee6-828e-ff38aea31f1a" Param="HandleElementType" ParentGuid="00000000-0000-0000-0000-000000000000" Value="Unknown" />
<ActInputValue Guid="47c314fd-766b-49e2-b362-3e88592638e2" Param="HandleActionType" ParentGuid="00000000-0000-0000-0000-000000000000" Value="Unknown" />
</InputValues>
</ActUIElement>
<ActUIElement Active="True" Description="SetValue : SmartCard ID" Guid="1e588eb9-22f1-4ac5-ab68-472d6a5ce41e" MaxNumberOfRetries="2" ParentGuid="00000000-0000-0000-0000-000000000000" Platform="Java" RetryMechanismInterval="5" StatusConverter="None" TakeScreenShot="True" WaitVE="0" WindowsToCapture="OnlyActiveWindow">
<InputValues>
<ActInputValue Guid="294e5c98-4ec8-4ebe-9f70-7ceffc78a6a8" Param="ElementAction" ParentGuid="00000000-0000-0000-0000-000000000000" Value="SetValue" />
<ActInputValue Guid="c5ec077b-548c-4c69-a758-d9bf4ae75e9a" Param="ElementType" ParentGuid="00000000-0000-0000-0000-000000000000" Value="TextBox" />
<ActInputValue Guid="6165299b-ca9a-4e00-9be9-d54dd1158abd" Param="IsWidgetsElement" ParentGuid="00000000-0000-0000-0000-000000000000" Value="true" />
<ActInputValue Guid="cc6b30fb-6d08-42f2-8cdc-01df05827df1" Param="Value" ParentGuid="00000000-0000-0000-0000-000000000000" Value="{Var Name=Equipment smartcard ID}" />
<ActInputValue Guid="8f62d7dd-a8c9-4660-9400-98b10a9bc378" Param="ElementLocateBy" ParentGuid="00000000-0000-0000-0000-000000000000" Value="ByID" />
<ActInputValue Guid="2464c3a2-e43c-4a84-a1fe-b12cbaf1e060" Param="ElementLocateValue" ParentGuid="00000000-0000-0000-0000-000000000000" Value="smartCardIDX3_0" />
<ActInputValue Guid="145d50de-796c-4f5a-bf13-696e5fe91b3a" Param="TargetLocateBy" ParentGuid="00000000-0000-0000-0000-000000000000" Value="NA" />
<ActInputValue Guid="a4545b40-10de-41a3-bb6d-38598d79948e" Param="TargetElementType" ParentGuid="00000000-0000-0000-0000-000000000000" Value="Unknown" />
<ActInputValue Guid="e84d972f-1052-485b-ba87-20432016bb06" Param="HandleElementType" ParentGuid="00000000-0000-0000-0000-000000000000" Value="Unknown" />
<ActInputValue Guid="2407822f-3bfa-4ce9-9225-436412770295" Param="HandleActionType" ParentGuid="00000000-0000-0000-0000-000000000000" Value="Unknown" />
</InputValues>
</ActUIElement>
<ActUIElement Active="True" Description="Click : Save and Close" Guid="a8addee4-33ff-496e-bb4a-49fa8fca008f" MaxNumberOfRetries="2" ParentGuid="00000000-0000-0000-0000-000000000000" Platform="Java" RetryMechanismInterval="5" StatusConverter="None" TakeScreenShot="True" WaitVE="0" WindowsToCapture="OnlyActiveWindow">
<InputValues>
<ActInputValue Guid="f2633776-104b-4161-9b09-ada0b4d7a9e0" Param="ElementAction" ParentGuid="00000000-0000-0000-0000-000000000000" Value="Click" />
<ActInputValue Guid="1884fc9e-c541-499f-8ac7-4f28ca8e9fae" Param="ElementType" ParentGuid="00000000-0000-0000-0000-000000000000" Value="HyperLink" />
<ActInputValue Guid="ae83352f-ff87-4638-9611-3528b8761294" Param="IsWidgetsElement" ParentGuid="00000000-0000-0000-0000-000000000000" Value="true" />
<ActInputValue Guid="47b05ca8-cfea-45b8-8054-abd0bd1bf3fc" Param="Value" ParentGuid="00000000-0000-0000-0000-000000000000" />
<ActInputValue Guid="3966ed12-dab0-4410-960e-25737ff9043c" Param="ElementLocateBy" ParentGuid="00000000-0000-0000-0000-000000000000" Value="ByXPath" />
<ActInputValue Guid="6868dbfe-07f3-4cb0-b398-5553a7450f62" Param="ElementLocateValue" ParentGuid="00000000-0000-0000-0000-000000000000" Value="//div[3]/div[3]/a" />
<ActInputValue Guid="f2ae332d-6acb-445e-816d-5afe50ae653a" Param="ValueToSelect" ParentGuid="00000000-0000-0000-0000-000000000000" />
<ActInputValue Guid="6fb54fcb-b88e-4250-bce5-901c9ef50952" Param="TargetLocateBy" ParentGuid="00000000-0000-0000-0000-000000000000" Value="NA" />
<ActInputValue Guid="3b46909c-6a85-4b09-83d6-f71e1c9602da" Param="TargetElementType" ParentGuid="00000000-0000-0000-0000-000000000000" Value="Unknown" />
<ActInputValue Guid="72d51d44-e34c-4096-b191-6e270254ff16" Param="HandleElementType" ParentGuid="00000000-0000-0000-0000-000000000000" Value="Unknown" />
<ActInputValue Guid="0e616cba-ddda-43db-9718-6b27cb320cab" Param="HandleActionType" ParentGuid="00000000-0000-0000-0000-000000000000" Value="Unknown" />
</InputValues>
</ActUIElement>
<ActUIElement Active="True" Description="Verify Equipment is added" EnableRetryMechanism="True" Guid="57eafb57-9a25-4cdc-b2b0-a1ca2e9a6639" MaxNumberOfRetries="3" ParentGuid="00000000-0000-0000-0000-000000000000" Platform="Java" RetryMechanismInterval="3" StatusConverter="InvertStatus" TakeScreenShot="True" WaitVE="3" WindowsToCapture="OnlyActiveWindow">
<InputValues>
<ActInputValue Guid="e5252147-07bc-4ab6-90d3-ed2da0c7fa24" Param="ElementAction" ParentGuid="00000000-0000-0000-0000-000000000000" Value="IsVisible" />
<ActInputValue Guid="d334deda-3352-45ff-81b5-207f7d2a1835" Param="ElementType" ParentGuid="00000000-0000-0000-0000-000000000000" Value="HyperLink" />
<ActInputValue Guid="7fba60a8-cd92-4f32-9ba6-bc9d26b5ce8b" Param="IsWidgetsElement" ParentGuid="00000000-0000-0000-0000-000000000000" Value="true" />
<ActInputValue Guid="5c2747ee-4c41-4d39-a07d-7fe5970c9c57" Param="Value" ParentGuid="00000000-0000-0000-0000-000000000000" />
<ActInputValue Guid="fb4216fe-32d0-4282-a275-206ad16b30a2" Param="ElementLocateBy" ParentGuid="00000000-0000-0000-0000-000000000000" Value="ByRelXPath" />
<ActInputValue Guid="c6d20002-be2b-449c-818b-35324afedc54" Param="ElementLocateValue" ParentGuid="00000000-0000-0000-0000-000000000000" Value="//div[@id='NPCContent']/div/div[6]/div/div[2]/div[2]/div[4]/div[2]/a" />
<ActInputValue Guid="32123eb4-42d5-41c3-a2a2-c2129e9e2686" Param="TargetLocateBy" ParentGuid="00000000-0000-0000-0000-000000000000" Value="NA" />
<ActInputValue Guid="76b046ae-4c3f-422f-8a2d-b0e023131bbf" Param="TargetElementType" ParentGuid="00000000-0000-0000-0000-000000000000" Value="Unknown" />
<ActInputValue Guid="79da5b36-90c8-4cec-8215-22fd145be625" Param="HandleElementType" ParentGuid="00000000-0000-0000-0000-000000000000" Value="Unknown" />
<ActInputValue Guid="6118c94f-eb51-4b7a-af16-0e50bce91418" Param="HandleActionType" ParentGuid="00000000-0000-0000-0000-000000000000" Value="Unknown" />
</InputValues>

<ReturnValues>
<ActReturnValue Active="True" Guid="b32f64d6-9b23-4265-b212-94b80d43e95c" mExpected="false" Operator="Equals" Param="Actual0" ParentGuid="00000000-0000-0000-0000-000000000000" StoreTo="None" />
</ReturnValues>
</ActUIElement>
<ActUIElement Active="True" Description="Click : btnPreviousStep" Guid="70734d16-1251-4a47-bb09-cf036cef6d14" MaxNumberOfRetries="2" ParentGuid="00000000-0000-0000-0000-000000000000" Platform="Java" RetryMechanismInterval="5" StatusConverter="None" WindowsToCapture="OnlyActiveWindow">
<InputValues>
<ActInputValue Guid="be5ab0b3-ac8f-4b56-b597-4bb45a9260cf" Param="ElementAction" ParentGuid="00000000-0000-0000-0000-000000000000" Value="Click" />
<ActInputValue Guid="1f90fd79-70e1-40d7-b2a1-f501947b7d57" Param="ElementType" ParentGuid="00000000-0000-0000-0000-000000000000" Value="Button" />
<ActInputValue Guid="4a870e9c-51cd-4183-945b-5c48cea6a130" Param="Value" ParentGuid="00000000-0000-0000-0000-000000000000" />
<ActInputValue Guid="c9a025b7-0c6b-4a6b-bf7c-4408ebad52d7" Param="ElementLocateBy" ParentGuid="00000000-0000-0000-0000-000000000000" Value="ByXPath" />
<ActInputValue Guid="d3e74d08-2620-47ec-ab51-9435a1b29879" Param="ElementLocateValue" ParentGuid="00000000-0000-0000-0000-000000000000" Value="/javax.swing.JRootPane[0]/null.layeredPane/null.contentPane/javax.swing.JSplitPane[0]/com.amdocs.uif.workspace.desktop.AppDesktopPane[0]/com.amdocs.oms.phd.order.OrderingFrameworkPHD/javax.swing.JRootPane[0]/null.layeredPane/root/javax.swing.JViewport[0]/root/pnlNavigationButtons/[[Name:btnPreviousStep][ClassName:com.amdocs.uif.widgets.ButtonNative$JXButton]]" />
<ActInputValue Guid="127c0836-cacb-4559-b9e1-5c43a4f46d7d" Param="ValueToSelect" ParentGuid="00000000-0000-0000-0000-000000000000" />
<ActInputValue Guid="b78b1ddb-ca47-4b7f-bf01-ce42e438e401" Param="TargetLocateBy" ParentGuid="00000000-0000-0000-0000-000000000000" Value="NA" />
<ActInputValue Guid="fe7fd6d9-4af2-46d1-98f0-aabd9839ca46" Param="TargetElementType" ParentGuid="00000000-0000-0000-0000-000000000000" Value="Unknown" />
<ActInputValue Guid="7e692335-b267-4738-8e70-da3cfed0de5b" Param="HandleElementType" ParentGuid="00000000-0000-0000-0000-000000000000" Value="Unknown" />
<ActInputValue Guid="4df49de2-7baf-4cf0-a6d5-510b475c06b4" Param="HandleActionType" ParentGuid="00000000-0000-0000-0000-000000000000" Value="Unknown" />
<ActInputValue Guid="bbf60842-64b7-468a-8ed4-18b593c1416a" Param="IsWidgetsElement" ParentGuid="00000000-0000-0000-0000-000000000000" Value="false" />
<ActInputValue Guid="b42dd7ea-a64c-4cfc-a35c-0be6ccc98d0e" Param="WaitforIdle" ParentGuid="00000000-0000-0000-0000-000000000000" Value="Medium" />
</InputValues>
</ActUIElement>
<ActUIElement Active="True" Description="Click : btnNextStep" Guid="1680da15-3a40-4487-b0cb-3f6633f3e598" MaxNumberOfRetries="2" ParentGuid="00000000-0000-0000-0000-000000000000" Platform="Java" RetryMechanismInterval="5" StatusConverter="None" WindowsToCapture="OnlyActiveWindow">
<FlowControls>
<FlowControl Active="True" BusinessFlowControlAction="GoToBusinessFlow" FlowControlAction="GoToAction" Guid="144d35f4-ab22-4075-89ae-b9e08d3c9935" Operator="ActionPassed" ParentGuid="00000000-0000-0000-0000-000000000000" Value="e189b488-888b-48a0-a912-906c754500b6#GUID_NAME#Next Step" />
</FlowControls>

<InputValues>
<ActInputValue Guid="a8cd54e4-eb8e-4a66-9cbc-a2bf88a267a7" Param="ElementAction" ParentGuid="00000000-0000-0000-0000-000000000000" Value="Click" />
<ActInputValue Guid="33c1e5cb-cf88-4083-81ee-dd8dcbdb24a9" Param="ElementType" ParentGuid="00000000-0000-0000-0000-000000000000" Value="Button" />
<ActInputValue Guid="cf966ff2-6671-44f2-bf63-7ecea39a83f7" Param="Value" ParentGuid="00000000-0000-0000-0000-000000000000" />
<ActInputValue Guid="ed6bb69f-f784-45b7-b351-c9d7a177820e" Param="ElementLocateBy" ParentGuid="00000000-0000-0000-0000-000000000000" Value="ByXPath" />
<ActInputValue Guid="69e72d61-c2af-41ee-9420-1f3419614f6f" Param="ElementLocateValue" ParentGuid="00000000-0000-0000-0000-000000000000" Value="/javax.swing.JRootPane[0]/null.layeredPane/null.contentPane/javax.swing.JSplitPane[0]/com.amdocs.uif.workspace.desktop.AppDesktopPane[0]/com.amdocs.oms.phd.order.OrderingFrameworkPHD/javax.swing.JRootPane[0]/null.layeredPane/root/javax.swing.JViewport[0]/root/pnlNavigationButtons/[[Name:btnNextStep][ClassName:com.amdocs.uif.widgets.ButtonNative$JXButton]]" />
<ActInputValue Guid="fb5d3be8-d7aa-45b9-9b88-9e1757972237" Param="ValueToSelect" ParentGuid="00000000-0000-0000-0000-000000000000" />
<ActInputValue Guid="3a7ebab9-688b-429e-9452-da2394b967c5" Param="TargetLocateBy" ParentGuid="00000000-0000-0000-0000-000000000000" Value="NA" />
<ActInputValue Guid="f018dbf7-38ae-46dc-a948-484f99d4a29d" Param="TargetElementType" ParentGuid="00000000-0000-0000-0000-000000000000" Value="Unknown" />
<ActInputValue Guid="fa03b13c-fec2-409e-a003-003ecbe784a9" Param="HandleElementType" ParentGuid="00000000-0000-0000-0000-000000000000" Value="Unknown" />
<ActInputValue Guid="d4c4bdcd-ab29-44f0-80a0-496d7c0cb3b0" Param="HandleActionType" ParentGuid="00000000-0000-0000-0000-000000000000" Value="Unknown" />
<ActInputValue Guid="061d789f-d9f3-492b-8439-58978260ad10" Param="IsWidgetsElement" ParentGuid="00000000-0000-0000-0000-000000000000" Value="false" />
<ActInputValue Guid="24a1b4f9-cfcf-453f-90a9-3a6759e0b802" Param="WaitforIdle" ParentGuid="00000000-0000-0000-0000-000000000000" Value="Medium" />
</InputValues>
</ActUIElement>
<ActDummy Active="True" Description="CHQ - NPC - Remove and add new Equipment from equipment details screen - dummy" Guid="944181df-30a5-4421-af5c-25bd80a0a8c2" MaxNumberOfRetries="2" ParentGuid="00000000-0000-0000-0000-000000000000" Platform="NA" RetryMechanismInterval="5" StatusConverter="None" WindowsToCapture="OnlyActiveWindow">
<InputValues>
<ActInputValue Guid="a3f4094c-5413-43dc-8055-4acddee56d19" Param="Value" ParentGuid="00000000-0000-0000-0000-000000000000" />
</InputValues>
</ActDummy>
<ActUIElement Active="True" Description="Click : Add new equipment link" Guid="188fd46d-98b8-4dbc-83c2-c1ea0eaf629d" MaxNumberOfRetries="2" ParentGuid="00000000-0000-0000-0000-000000000000" Platform="Java" RetryMechanismInterval="5" StatusConverter="None" TakeScreenShot="True" WaitVE="0" WindowsToCapture="OnlyActiveWindow">
<InputValues>
<ActInputValue Guid="f9fbd000-bb6a-43bd-927a-154c6bbe84d4" Param="ElementAction" ParentGuid="00000000-0000-0000-0000-000000000000" Value="Click" />
<ActInputValue Guid="d0334b31-6f72-465c-9b8f-9d9532506104" Param="ElementType" ParentGuid="00000000-0000-0000-0000-000000000000" Value="HyperLink" />
<ActInputValue Guid="d692c6f7-7357-4aa8-8fbc-1c1f14e3b0ea" Param="IsWidgetsElement" ParentGuid="00000000-0000-0000-0000-000000000000" Value="true" />
<ActInputValue Guid="8e9087f7-b5a2-4e39-bb3b-de14cc675429" Param="Value" ParentGuid="00000000-0000-0000-0000-000000000000" />
<ActInputValue Guid="bb7e632f-8de8-4950-af95-26f2be3edb7d" Param="ElementLocateBy" ParentGuid="00000000-0000-0000-0000-000000000000" Value="ByRelXPath" />
<ActInputValue Guid="84d164a7-ad9a-4dc2-803f-6b7fba49d22a" Param="ElementLocateValue" ParentGuid="00000000-0000-0000-0000-000000000000" Value="//div[@id='NPCContent']/div/div[3]/div/div[2]/div[2]/div[4]/div[7]/a" />
<ActInputValue Guid="aa30909b-41b7-4d18-9b4d-1892e9ae2dee" Param="ValueToSelect" ParentGuid="00000000-0000-0000-0000-000000000000" />
<ActInputValue Guid="73f23ab4-1d11-49a3-a56c-6554e48c63b0" Param="TargetLocateBy" ParentGuid="00000000-0000-0000-0000-000000000000" Value="NA" />
<ActInputValue Guid="5f70a7e0-5386-48ba-8088-1fd3633481f6" Param="TargetElementType" ParentGuid="00000000-0000-0000-0000-000000000000" Value="Unknown" />
<ActInputValue Guid="3e67c364-8d28-4c77-a5e4-f2250589172e" Param="HandleElementType" ParentGuid="00000000-0000-0000-0000-000000000000" Value="Unknown" />
<ActInputValue Guid="e3e7bd11-ae5f-4879-8c08-825f783a5f4f" Param="HandleActionType" ParentGuid="00000000-0000-0000-0000-000000000000" Value="Unknown" />
</InputValues>
</ActUIElement>
<ActUIElement Active="True" Description="Click : Remove old equipment" Guid="f74367a5-2df8-4e3d-bdbb-6565084f87bd" MaxNumberOfRetries="2" ParentGuid="00000000-0000-0000-0000-000000000000" Platform="Java" RetryMechanismInterval="5" StatusConverter="None" TakeScreenShot="True" WindowsToCapture="OnlyActiveWindow">
<InputValues>
<ActInputValue Guid="bf8ee15f-9198-4967-91fc-42603c6a38ee" Param="ElementAction" ParentGuid="00000000-0000-0000-0000-000000000000" Value="Click" />
<ActInputValue Guid="fd6ba842-4a45-4740-8f1d-25e80a396eb8" Param="ElementType" ParentGuid="00000000-0000-0000-0000-000000000000" Value="Span" />
<ActInputValue Guid="96df9c60-f67d-4929-9c6c-2c7b1da9c0ad" Param="IsWidgetsElement" ParentGuid="00000000-0000-0000-0000-000000000000" Value="true" />
<ActInputValue Guid="7307fbb3-afb5-4cc3-b6df-c96f54be8180" Param="Value" ParentGuid="00000000-0000-0000-0000-000000000000" />
<ActInputValue Guid="95d49774-3b7f-49cf-9e42-1de51a116338" Param="ElementLocateBy" ParentGuid="00000000-0000-0000-0000-000000000000" Value="ByRelXPath" />
<ActInputValue Guid="da06c159-572c-4c8e-aae7-bce1a0cfbaea" Param="ElementLocateValue" ParentGuid="00000000-0000-0000-0000-000000000000" Value="//div[@id='centralizedEquipmentDetailsView']/div/table/tbody/tr/td[8]/span" />
<ActInputValue Guid="2c177459-756a-477a-a047-8d6db0287b88" Param="ValueToSelect" ParentGuid="00000000-0000-0000-0000-000000000000" />
<ActInputValue Guid="55fcc7f5-de7d-440e-9b1d-e53c597fae90" Param="TargetLocateBy" ParentGuid="00000000-0000-0000-0000-000000000000" Value="NA" />
<ActInputValue Guid="68a7ca57-3028-47b8-950c-aeeb1b77d7ab" Param="TargetElementType" ParentGuid="00000000-0000-0000-0000-000000000000" Value="Unknown" />
<ActInputValue Guid="000de554-4fdc-4e27-99bb-4b61a140c670" Param="HandleElementType" ParentGuid="00000000-0000-0000-0000-000000000000" Value="Unknown" />
<ActInputValue Guid="360c3c9f-1b9b-472c-bf98-7278d689233f" Param="HandleActionType" ParentGuid="00000000-0000-0000-0000-000000000000" Value="Unknown" />
</InputValues>
</ActUIElement>
<ActUIElement Active="True" Description="Click : Add row_Copy" Guid="d74b7fae-dee4-4bbb-93d4-9bf001d6b3c9" MaxNumberOfRetries="2" ParentGuid="00000000-0000-0000-0000-000000000000" Platform="Java" RetryMechanismInterval="5" StatusConverter="None" TakeScreenShot="True" WaitVE="0" WindowsToCapture="OnlyActiveWindow">
<InputValues>
<ActInputValue Guid="0e7d6cc5-11ee-445a-b237-ac71850b8f8c" Param="ElementAction" ParentGuid="00000000-0000-0000-0000-000000000000" Value="Click" />
<ActInputValue Guid="eeebd757-49ec-4fc5-b202-0a8244c89cfc" Param="ElementType" ParentGuid="00000000-0000-0000-0000-000000000000" Value="Span" />
<ActInputValue Guid="e0ae7fbb-d39a-4ed3-9b0b-d59dffec79c7" Param="IsWidgetsElement" ParentGuid="00000000-0000-0000-0000-000000000000" Value="true" />
<ActInputValue Guid="25e47526-3644-4bad-889b-e21bf5a97fbd" Param="Value" ParentGuid="00000000-0000-0000-0000-000000000000" />
<ActInputValue Guid="ac15a721-258e-4ded-abaa-e39fc0b57cd1" Param="ElementLocateBy" ParentGuid="00000000-0000-0000-0000-000000000000" Value="ByXPath" />
<ActInputValue Guid="295bc1ad-d4af-4376-8ca3-8781cd66571a" Param="ElementLocateValue" ParentGuid="00000000-0000-0000-0000-000000000000" Value="//td[7]/a/span[2]" />
<ActInputValue Guid="e0848abb-f8b1-44ff-b0f2-404ff97b54b7" Param="ValueToSelect" ParentGuid="00000000-0000-0000-0000-000000000000" />
<ActInputValue Guid="be952b8d-d923-4797-af0e-43352aade124" Param="TargetLocateBy" ParentGuid="00000000-0000-0000-0000-000000000000" Value="NA" />
<ActInputValue Guid="4c24b7d4-b106-4622-9821-89e7ee1679b4" Param="TargetElementType" ParentGuid="00000000-0000-0000-0000-000000000000" Value="Unknown" />
<ActInputValue Guid="747480a9-34cf-43df-9ae1-c2039f5348d1" Param="HandleElementType" ParentGuid="00000000-0000-0000-0000-000000000000" Value="Unknown" />
<ActInputValue Guid="207ed87e-cd9d-4b2f-a7cb-52099713401c" Param="HandleActionType" ParentGuid="00000000-0000-0000-0000-000000000000" Value="Unknown" />
</InputValues>
</ActUIElement>
<ActUIElement Active="True" Description="SetValue : Receiver ID_Copy" Guid="75b84d48-58b1-453c-a9ec-e25aa9cea2ef" MaxNumberOfRetries="2" ParentGuid="00000000-0000-0000-0000-000000000000" Platform="Java" RetryMechanismInterval="5" StatusConverter="None" TakeScreenShot="True" WaitVE="0" WindowsToCapture="OnlyActiveWindow">
<InputValues>
<ActInputValue Guid="bcc7589e-93f1-4ce9-87b7-726308e188ae" Param="ElementAction" ParentGuid="00000000-0000-0000-0000-000000000000" Value="SetValue" />
<ActInputValue Guid="1acdfbc9-109a-4106-9213-5f6cca532796" Param="ElementType" ParentGuid="00000000-0000-0000-0000-000000000000" Value="TextBox" />
<ActInputValue Guid="2b6a7b37-a75a-4147-afe4-8c5b66c9bb77" Param="IsWidgetsElement" ParentGuid="00000000-0000-0000-0000-000000000000" Value="true" />
<ActInputValue Guid="85673a34-dd5b-4754-a1da-cac9b61f0451" Param="Value" ParentGuid="00000000-0000-0000-0000-000000000000" Value="{Var Name=Equipment receiver ID}" />
<ActInputValue Guid="1c438a56-969f-4556-b620-de1d985cf2bf" Param="ElementLocateBy" ParentGuid="00000000-0000-0000-0000-000000000000" Value="ByXPath" />
<ActInputValue Guid="0cc19c42-8b0d-41f0-a530-2b5991db3170" Param="ElementLocateValue" ParentGuid="00000000-0000-0000-0000-000000000000" Value="//input[@id='receiverIDX3_0']" />
<ActInputValue Guid="c117a0e9-a837-447d-b3a0-ccc48b6b1b92" Param="TargetLocateBy" ParentGuid="00000000-0000-0000-0000-000000000000" Value="NA" />
<ActInputValue Guid="00a286c5-c15a-44da-87c2-cd388b0b36bf" Param="TargetElementType" ParentGuid="00000000-0000-0000-0000-000000000000" Value="Unknown" />
<ActInputValue Guid="454505a0-d139-4ee6-828e-ff38aea31f1a" Param="HandleElementType" ParentGuid="00000000-0000-0000-0000-000000000000" Value="Unknown" />
<ActInputValue Guid="47c314fd-766b-49e2-b362-3e88592638e2" Param="HandleActionType" ParentGuid="00000000-0000-0000-0000-000000000000" Value="Unknown" />
</InputValues>
</ActUIElement>
<ActUIElement Active="True" Description="SetValue : SmartCard ID_Copy" Guid="47988f98-6606-4932-9b1a-fa3f6fd3b898" MaxNumberOfRetries="2" ParentGuid="00000000-0000-0000-0000-000000000000" Platform="Java" RetryMechanismInterval="5" StatusConverter="None" TakeScreenShot="True" WaitVE="0" WindowsToCapture="OnlyActiveWindow">
<InputValues>
<ActInputValue Guid="294e5c98-4ec8-4ebe-9f70-7ceffc78a6a8" Param="ElementAction" ParentGuid="00000000-0000-0000-0000-000000000000" Value="SetValue" />
<ActInputValue Guid="c5ec077b-548c-4c69-a758-d9bf4ae75e9a" Param="ElementType" ParentGuid="00000000-0000-0000-0000-000000000000" Value="TextBox" />
<ActInputValue Guid="6165299b-ca9a-4e00-9be9-d54dd1158abd" Param="IsWidgetsElement" ParentGuid="00000000-0000-0000-0000-000000000000" Value="true" />
<ActInputValue Guid="cc6b30fb-6d08-42f2-8cdc-01df05827df1" Param="Value" ParentGuid="00000000-0000-0000-0000-000000000000" Value="{Var Name=Equipment smartcard ID}" />
<ActInputValue Guid="8f62d7dd-a8c9-4660-9400-98b10a9bc378" Param="ElementLocateBy" ParentGuid="00000000-0000-0000-0000-000000000000" Value="ByID" />
<ActInputValue Guid="2464c3a2-e43c-4a84-a1fe-b12cbaf1e060" Param="ElementLocateValue" ParentGuid="00000000-0000-0000-0000-000000000000" Value="smartCardIDX3_0" />
<ActInputValue Guid="145d50de-796c-4f5a-bf13-696e5fe91b3a" Param="TargetLocateBy" ParentGuid="00000000-0000-0000-0000-000000000000" Value="NA" />
<ActInputValue Guid="a4545b40-10de-41a3-bb6d-38598d79948e" Param="TargetElementType" ParentGuid="00000000-0000-0000-0000-000000000000" Value="Unknown" />
<ActInputValue Guid="e84d972f-1052-485b-ba87-20432016bb06" Param="HandleElementType" ParentGuid="00000000-0000-0000-0000-000000000000" Value="Unknown" />
<ActInputValue Guid="2407822f-3bfa-4ce9-9225-436412770295" Param="HandleActionType" ParentGuid="00000000-0000-0000-0000-000000000000" Value="Unknown" />
</InputValues>
</ActUIElement>
<ActUIElement Active="True" Description="Click : Save and Close_Copy" Guid="95c02161-fd02-4315-b696-cf247137aa84" MaxNumberOfRetries="2" ParentGuid="00000000-0000-0000-0000-000000000000" Platform="Java" RetryMechanismInterval="5" StatusConverter="None" TakeScreenShot="True" WaitVE="0" WindowsToCapture="OnlyActiveWindow">
<InputValues>
<ActInputValue Guid="f2633776-104b-4161-9b09-ada0b4d7a9e0" Param="ElementAction" ParentGuid="00000000-0000-0000-0000-000000000000" Value="Click" />
<ActInputValue Guid="1884fc9e-c541-499f-8ac7-4f28ca8e9fae" Param="ElementType" ParentGuid="00000000-0000-0000-0000-000000000000" Value="HyperLink" />
<ActInputValue Guid="ae83352f-ff87-4638-9611-3528b8761294" Param="IsWidgetsElement" ParentGuid="00000000-0000-0000-0000-000000000000" Value="true" />
<ActInputValue Guid="47b05ca8-cfea-45b8-8054-abd0bd1bf3fc" Param="Value" ParentGuid="00000000-0000-0000-0000-000000000000" />
<ActInputValue Guid="3966ed12-dab0-4410-960e-25737ff9043c" Param="ElementLocateBy" ParentGuid="00000000-0000-0000-0000-000000000000" Value="ByXPath" />
<ActInputValue Guid="6868dbfe-07f3-4cb0-b398-5553a7450f62" Param="ElementLocateValue" ParentGuid="00000000-0000-0000-0000-000000000000" Value="//div[3]/div[3]/a" />
<ActInputValue Guid="f2ae332d-6acb-445e-816d-5afe50ae653a" Param="ValueToSelect" ParentGuid="00000000-0000-0000-0000-000000000000" />
<ActInputValue Guid="6fb54fcb-b88e-4250-bce5-901c9ef50952" Param="TargetLocateBy" ParentGuid="00000000-0000-0000-0000-000000000000" Value="NA" />
<ActInputValue Guid="3b46909c-6a85-4b09-83d6-f71e1c9602da" Param="TargetElementType" ParentGuid="00000000-0000-0000-0000-000000000000" Value="Unknown" />
<ActInputValue Guid="72d51d44-e34c-4096-b191-6e270254ff16" Param="HandleElementType" ParentGuid="00000000-0000-0000-0000-000000000000" Value="Unknown" />
<ActInputValue Guid="0e616cba-ddda-43db-9718-6b27cb320cab" Param="HandleActionType" ParentGuid="00000000-0000-0000-0000-000000000000" Value="Unknown" />
</InputValues>
</ActUIElement>
<ActUIElement Active="True" Description="Verify Equipment is added_Copy" EnableRetryMechanism="True" Guid="f1d4053d-5ce1-4b17-9896-6ff45158b85b" MaxNumberOfRetries="3" ParentGuid="00000000-0000-0000-0000-000000000000" Platform="Java" RetryMechanismInterval="3" StatusConverter="InvertStatus" TakeScreenShot="True" WaitVE="3" WindowsToCapture="OnlyActiveWindow">
<InputValues>
<ActInputValue Guid="e5252147-07bc-4ab6-90d3-ed2da0c7fa24" Param="ElementAction" ParentGuid="00000000-0000-0000-0000-000000000000" Value="IsVisible" />
<ActInputValue Guid="d334deda-3352-45ff-81b5-207f7d2a1835" Param="ElementType" ParentGuid="00000000-0000-0000-0000-000000000000" Value="HyperLink" />
<ActInputValue Guid="7fba60a8-cd92-4f32-9ba6-bc9d26b5ce8b" Param="IsWidgetsElement" ParentGuid="00000000-0000-0000-0000-000000000000" Value="true" />
<ActInputValue Guid="5c2747ee-4c41-4d39-a07d-7fe5970c9c57" Param="Value" ParentGuid="00000000-0000-0000-0000-000000000000" />
<ActInputValue Guid="fb4216fe-32d0-4282-a275-206ad16b30a2" Param="ElementLocateBy" ParentGuid="00000000-0000-0000-0000-000000000000" Value="ByRelXPath" />
<ActInputValue Guid="c6d20002-be2b-449c-818b-35324afedc54" Param="ElementLocateValue" ParentGuid="00000000-0000-0000-0000-000000000000" Value="//div[@id='NPCContent']/div/div[6]/div/div[2]/div[2]/div[4]/div[2]/a" />
<ActInputValue Guid="32123eb4-42d5-41c3-a2a2-c2129e9e2686" Param="TargetLocateBy" ParentGuid="00000000-0000-0000-0000-000000000000" Value="NA" />
<ActInputValue Guid="76b046ae-4c3f-422f-8a2d-b0e023131bbf" Param="TargetElementType" ParentGuid="00000000-0000-0000-0000-000000000000" Value="Unknown" />
<ActInputValue Guid="79da5b36-90c8-4cec-8215-22fd145be625" Param="HandleElementType" ParentGuid="00000000-0000-0000-0000-000000000000" Value="Unknown" />
<ActInputValue Guid="6118c94f-eb51-4b7a-af16-0e50bce91418" Param="HandleActionType" ParentGuid="00000000-0000-0000-0000-000000000000" Value="Unknown" />
</InputValues>

<ReturnValues>
<ActReturnValue Active="True" Guid="b32f64d6-9b23-4265-b212-94b80d43e95c" mExpected="false" Operator="Equals" Param="Actual0" ParentGuid="00000000-0000-0000-0000-000000000000" StoreTo="None" />
</ReturnValues>
</ActUIElement>
<ActUIElement Active="True" Description="Click : btnPreviousStep_Copy" Guid="3573eb32-7e12-412e-96e4-4f8a85aff47f" MaxNumberOfRetries="2" ParentGuid="00000000-0000-0000-0000-000000000000" Platform="Java" RetryMechanismInterval="5" StatusConverter="None" TakeScreenShot="True" WindowsToCapture="OnlyActiveWindow">
<InputValues>
<ActInputValue Guid="be5ab0b3-ac8f-4b56-b597-4bb45a9260cf" Param="ElementAction" ParentGuid="00000000-0000-0000-0000-000000000000" Value="Click" />
<ActInputValue Guid="1f90fd79-70e1-40d7-b2a1-f501947b7d57" Param="ElementType" ParentGuid="00000000-0000-0000-0000-000000000000" Value="Button" />
<ActInputValue Guid="4a870e9c-51cd-4183-945b-5c48cea6a130" Param="Value" ParentGuid="00000000-0000-0000-0000-000000000000" />
<ActInputValue Guid="c9a025b7-0c6b-4a6b-bf7c-4408ebad52d7" Param="ElementLocateBy" ParentGuid="00000000-0000-0000-0000-000000000000" Value="ByXPath" />
<ActInputValue Guid="d3e74d08-2620-47ec-ab51-9435a1b29879" Param="ElementLocateValue" ParentGuid="00000000-0000-0000-0000-000000000000" Value="/javax.swing.JRootPane[0]/null.layeredPane/null.contentPane/javax.swing.JSplitPane[0]/com.amdocs.uif.workspace.desktop.AppDesktopPane[0]/com.amdocs.oms.phd.order.OrderingFrameworkPHD/javax.swing.JRootPane[0]/null.layeredPane/root/javax.swing.JViewport[0]/root/pnlNavigationButtons/[[Name:btnPreviousStep][ClassName:com.amdocs.uif.widgets.ButtonNative$JXButton]]" />
<ActInputValue Guid="127c0836-cacb-4559-b9e1-5c43a4f46d7d" Param="ValueToSelect" ParentGuid="00000000-0000-0000-0000-000000000000" />
<ActInputValue Guid="b78b1ddb-ca47-4b7f-bf01-ce42e438e401" Param="TargetLocateBy" ParentGuid="00000000-0000-0000-0000-000000000000" Value="NA" />
<ActInputValue Guid="fe7fd6d9-4af2-46d1-98f0-aabd9839ca46" Param="TargetElementType" ParentGuid="00000000-0000-0000-0000-000000000000" Value="Unknown" />
<ActInputValue Guid="7e692335-b267-4738-8e70-da3cfed0de5b" Param="HandleElementType" ParentGuid="00000000-0000-0000-0000-000000000000" Value="Unknown" />
<ActInputValue Guid="4df49de2-7baf-4cf0-a6d5-510b475c06b4" Param="HandleActionType" ParentGuid="00000000-0000-0000-0000-000000000000" Value="Unknown" />
<ActInputValue Guid="bbf60842-64b7-468a-8ed4-18b593c1416a" Param="IsWidgetsElement" ParentGuid="00000000-0000-0000-0000-000000000000" Value="false" />
<ActInputValue Guid="b42dd7ea-a64c-4cfc-a35c-0be6ccc98d0e" Param="WaitforIdle" ParentGuid="00000000-0000-0000-0000-000000000000" Value="Medium" />
</InputValues>
</ActUIElement>
<ActUIElement Active="True" Description="Click : btnNextStep_Copy" Guid="5225d9a7-8293-4bf8-aa77-f256b6699ee4" MaxNumberOfRetries="2" ParentGuid="00000000-0000-0000-0000-000000000000" Platform="Java" RetryMechanismInterval="5" StatusConverter="None" TakeScreenShot="True" WindowsToCapture="OnlyActiveWindow">
<FlowControls>
<FlowControl Active="True" BusinessFlowControlAction="GoToBusinessFlow" FlowControlAction="GoToAction" Guid="c2298437-6a95-4bff-8556-e7a9e4fe4954" Operator="ActionPassed" ParentGuid="00000000-0000-0000-0000-000000000000" Value="e189b488-888b-48a0-a912-906c754500b6#GUID_NAME#Next Step" />
</FlowControls>

<InputValues>
<ActInputValue Guid="a8cd54e4-eb8e-4a66-9cbc-a2bf88a267a7" Param="ElementAction" ParentGuid="00000000-0000-0000-0000-000000000000" Value="Click" />
<ActInputValue Guid="33c1e5cb-cf88-4083-81ee-dd8dcbdb24a9" Param="ElementType" ParentGuid="00000000-0000-0000-0000-000000000000" Value="Button" />
<ActInputValue Guid="cf966ff2-6671-44f2-bf63-7ecea39a83f7" Param="Value" ParentGuid="00000000-0000-0000-0000-000000000000" />
<ActInputValue Guid="ed6bb69f-f784-45b7-b351-c9d7a177820e" Param="ElementLocateBy" ParentGuid="00000000-0000-0000-0000-000000000000" Value="ByXPath" />
<ActInputValue Guid="69e72d61-c2af-41ee-9420-1f3419614f6f" Param="ElementLocateValue" ParentGuid="00000000-0000-0000-0000-000000000000" Value="/javax.swing.JRootPane[0]/null.layeredPane/null.contentPane/javax.swing.JSplitPane[0]/com.amdocs.uif.workspace.desktop.AppDesktopPane[0]/com.amdocs.oms.phd.order.OrderingFrameworkPHD/javax.swing.JRootPane[0]/null.layeredPane/root/javax.swing.JViewport[0]/root/pnlNavigationButtons/[[Name:btnNextStep][ClassName:com.amdocs.uif.widgets.ButtonNative$JXButton]]" />
<ActInputValue Guid="fb5d3be8-d7aa-45b9-9b88-9e1757972237" Param="ValueToSelect" ParentGuid="00000000-0000-0000-0000-000000000000" />
<ActInputValue Guid="3a7ebab9-688b-429e-9452-da2394b967c5" Param="TargetLocateBy" ParentGuid="00000000-0000-0000-0000-000000000000" Value="NA" />
<ActInputValue Guid="f018dbf7-38ae-46dc-a948-484f99d4a29d" Param="TargetElementType" ParentGuid="00000000-0000-0000-0000-000000000000" Value="Unknown" />
<ActInputValue Guid="fa03b13c-fec2-409e-a003-003ecbe784a9" Param="HandleElementType" ParentGuid="00000000-0000-0000-0000-000000000000" Value="Unknown" />
<ActInputValue Guid="d4c4bdcd-ab29-44f0-80a0-496d7c0cb3b0" Param="HandleActionType" ParentGuid="00000000-0000-0000-0000-000000000000" Value="Unknown" />
<ActInputValue Guid="061d789f-d9f3-492b-8439-58978260ad10" Param="IsWidgetsElement" ParentGuid="00000000-0000-0000-0000-000000000000" Value="false" />
<ActInputValue Guid="24a1b4f9-cfcf-453f-90a9-3a6759e0b802" Param="WaitforIdle" ParentGuid="00000000-0000-0000-0000-000000000000" Value="Medium" />
</InputValues>
</ActUIElement>
<ActDummy Active="True" Description="Next Step" Guid="e189b488-888b-48a0-a912-906c754500b6" MaxNumberOfRetries="2" ParentGuid="00000000-0000-0000-0000-000000000000" Platform="NA" RetryMechanismInterval="5" StatusConverter="None" WaitVE="0" WindowsToCapture="OnlyActiveWindow">
<InputValues>
<ActInputValue Guid="c7cae777-b63e-4e7e-9972-9028ba63cfe1" Param="Value" ParentGuid="00000000-0000-0000-0000-000000000000" />
</InputValues>
</ActDummy>
</Acts>

<Variables>
<VariableString Guid="a84d903c-8e16-413f-9fb8-091ce719634c" MappedOutputType="None" Name="EquipmentReceiverIDTemp" ParentGuid="00000000-0000-0000-0000-000000000000" SetAsInputValue="False" />
<VariableString Guid="c61284bc-f7e5-475b-93bd-27cea1638c5e" InitialStringValue="System.DBNull, mscorlib" MappedOutputType="None" Name="Equipment receiver ID" ParentGuid="00000000-0000-0000-0000-000000000000" SetAsInputValue="False" SetAsOutputValue="False" />
<VariableString Guid="0c873dfa-e91a-47d7-956c-3d56895d945f" MappedOutputType="None" Name="Equipment smartcard ID" ParentGuid="00000000-0000-0000-0000-000000000000" SetAsInputValue="False" SetAsOutputValue="False" />
</Variables>
</Activity></GingerRepositoryItem>