﻿<?xml version="1.0" encoding="utf-8"?>
<GingerRepositoryItem><Header ItemGuid="6014b2a3-c0f5-4496-8c5b-6b2480660a26" ItemType="Activity" CreatedBy="christian.poblete" Created="202102091953" GingerVersion="3.6.0.0" Version="1" LastUpdateBy="christian.poblete" LastUpdate="202102091953" />
<Activity ActionRunOption="StopActionsRunOnFailure" Active="True" ActivityName="CHQ - Suspend - UOAA set reason and continue" AutomationStatus="Automated" ErrorHandlerMappingType="AllAvailableHandlers" Guid="6014b2a3-c0f5-4496-8c5b-6b2480660a26" ParentGuid="00000000-0000-0000-0000-000000000000" PercentAutomated="100%" TargetApplication="MyJavaApp">
<Acts>
<ActUIElement Active="True" Description="Select :Reason Audit" EnableRetryMechanism="True" Guid="577a2c3f-c2fa-487e-94f4-f39e1f93f890" MaxNumberOfRetries="3" ParentGuid="00000000-0000-0000-0000-000000000000" Platform="Java" RetryMechanismInterval="5" StatusConverter="None" TakeScreenShot="True" WaitVE="0" WindowsToCapture="OnlyActiveWindow">
<FlowControls>
<FlowControl Active="True" BusinessFlowControlAction="GoToBusinessFlow" FlowControlAction="StopRun" Guid="eb0ee209-cd98-4ead-8b31-7359d0af2b71" Operator="ActionFailed" ParentGuid="00000000-0000-0000-0000-000000000000" />
</FlowControls>

<InputValues>
<ActInputValue Guid="6d44fa32-808a-4910-b9c2-4de9a51efbbf" Param="ElementAction" ParentGuid="00000000-0000-0000-0000-000000000000" Value="Select" />
<ActInputValue Guid="72fbb409-6aeb-47ec-8f67-cd88dfbae7d2" Param="ElementType" ParentGuid="00000000-0000-0000-0000-000000000000" Value="ComboBox" />
<ActInputValue Guid="446839f3-f5c6-4ef8-9dd4-b413be8462f0" Param="Value" ParentGuid="00000000-0000-0000-0000-000000000000" Value="Audit" />
<ActInputValue Guid="8ace58fe-3d88-4cfe-b4b2-88fefe63890b" Param="ElementLocateBy" ParentGuid="00000000-0000-0000-0000-000000000000" Value="ByXPath" />
<ActInputValue Guid="1784a115-c85a-4b01-9aa5-16d3af87054a" Param="ElementLocateValue" ParentGuid="00000000-0000-0000-0000-000000000000" Value="/javax.swing.JRootPane[0]/null.layeredPane/null.contentPane/javax.swing.JSplitPane[0]/com.amdocs.uif.workspace.desktop.AppDesktopPane[0]/com.amdocs.oms.phd.order.OrderingFrameworkPHD/javax.swing.JRootPane[0]/null.layeredPane/root/javax.swing.JViewport[0]/root/pnlActivityArea/root/pnlOrderHeader/[[Name:cmbReason][ClassName:com.amdocs.uif.widgets.ComboBoxNative$1]]" />
<ActInputValue Guid="b4e9f337-c657-4edc-a401-5790aaabc5e6" Param="ValueToSelect" ParentGuid="00000000-0000-0000-0000-000000000000" Value="Audit" />
<ActInputValue Guid="ac097d7e-46d2-49fc-96d6-288a4e233dd5" Param="IsWidgetsElement" ParentGuid="00000000-0000-0000-0000-000000000000" Value="false" />
<ActInputValue Guid="19916423-542a-4f34-8b9f-cd8176a444d9" Param="WaitforIdle" ParentGuid="00000000-0000-0000-0000-000000000000" Value="None" />
<ActInputValue Guid="3217b871-18ae-477f-909b-04ffd0373305" Param="TargetLocateBy" ParentGuid="00000000-0000-0000-0000-000000000000" Value="NA" />
<ActInputValue Guid="13d2fec7-9d8b-4f1b-a5a9-f24a3098b0de" Param="TargetElementType" ParentGuid="00000000-0000-0000-0000-000000000000" Value="Unknown" />
<ActInputValue Guid="8a4b62ce-397a-40c7-9941-07f19685963d" Param="HandleElementType" ParentGuid="00000000-0000-0000-0000-000000000000" Value="Unknown" />
<ActInputValue Guid="553659fb-a651-4141-8b8b-f4593e3343ca" Param="HandleActionType" ParentGuid="00000000-0000-0000-0000-000000000000" Value="Unknown" />
</InputValues>
</ActUIElement>
<ActUIElement Active="True" Description="Click : btnNextStep" Guid="c4f5fb7b-dd63-41f5-b725-03fd3d81accd" MaxNumberOfRetries="2" ParentGuid="00000000-0000-0000-0000-000000000000" Platform="NA" RetryMechanismInterval="5" StatusConverter="None" TakeScreenShot="True" WaitVE="0" WindowsToCapture="OnlyActiveWindow">
<InputValues>
<ActInputValue Guid="b01db33b-3968-480f-acfa-b27fa8802212" Param="ElementAction" ParentGuid="00000000-0000-0000-0000-000000000000" Value="Click" />
<ActInputValue Guid="da6cde53-063d-4e4d-9407-3dfddd24938a" Param="ElementType" ParentGuid="00000000-0000-0000-0000-000000000000" Value="Button" />
<ActInputValue Guid="00f1247c-7ba2-4ee6-ba2f-71bfcffb4765" Param="Value" ParentGuid="00000000-0000-0000-0000-000000000000" />
<ActInputValue Guid="d24943c8-5ae1-49c0-843a-f0a75909f9ba" Param="ElementLocateBy" ParentGuid="00000000-0000-0000-0000-000000000000" Value="ByXPath" />
<ActInputValue Guid="b217a6ca-c3c1-4136-8fff-a2d46c9bc103" Param="ElementLocateValue" ParentGuid="00000000-0000-0000-0000-000000000000" Value="/javax.swing.JRootPane[0]/null.layeredPane/null.contentPane/javax.swing.JSplitPane[0]/com.amdocs.uif.workspace.desktop.AppDesktopPane[0]/com.amdocs.oms.phd.order.OrderingFrameworkPHD/javax.swing.JRootPane[0]/null.layeredPane/root/javax.swing.JViewport[0]/root/pnlNavigationButtons/[[Name:btnNextStep][ClassName:com.amdocs.uif.widgets.ButtonNative$JXButton]]" />
<ActInputValue Guid="b323345e-870d-482a-b374-dc78dfc6c2c7" Param="ValueToSelect" ParentGuid="00000000-0000-0000-0000-000000000000" />
<ActInputValue Guid="e70e9e19-a2ac-4ffa-a21c-5c851f1503ed" Param="TargetLocateBy" ParentGuid="00000000-0000-0000-0000-000000000000" Value="NA" />
<ActInputValue Guid="f7127f36-6a9b-4f3a-9a25-8b83f004fe52" Param="TargetElementType" ParentGuid="00000000-0000-0000-0000-000000000000" Value="Unknown" />
<ActInputValue Guid="042b0f14-bcd2-4299-aa4b-1a75b23fd1f1" Param="HandleElementType" ParentGuid="00000000-0000-0000-0000-000000000000" Value="Unknown" />
<ActInputValue Guid="3b2a6454-2cb3-4aab-8edc-e688d80d0cf2" Param="HandleActionType" ParentGuid="00000000-0000-0000-0000-000000000000" Value="Unknown" />
</InputValues>
</ActUIElement>
</Acts>
</Activity></GingerRepositoryItem>