﻿<?xml version="1.0" encoding="utf-8"?>
<GingerRepositoryItem><Header ItemGuid="8081817a-14d6-402a-a726-08530fd189da" ItemType="Activity" CreatedBy="christian.poblete" Created="202102121916" GingerVersion="3.6.0.0" Version="1" LastUpdateBy="christian.poblete" LastUpdate="202102121916" />
<Activity ActionRunOption="StopActionsRunOnFailure" Active="True" ActivityName="CHQ - Change Ownership - Identify customer" AutomationStatus="Automated" ErrorHandlerMappingType="AllAvailableHandlers" Guid="8081817a-14d6-402a-a726-08530fd189da" ParentGuid="00000000-0000-0000-0000-000000000000" PercentAutomated="100%" TargetApplication="MyJavaApp">
<Acts>
<ActUIElement Active="True" Description="SetValue : account id" Guid="08b01236-4adf-4d0c-ba52-14534c2ed84f" MaxNumberOfRetries="2" ParentGuid="00000000-0000-0000-0000-000000000000" Platform="Java" RetryMechanismInterval="5" StatusConverter="None" TakeScreenShot="True" WaitVE="0" WindowsToCapture="OnlyActiveWindow">
<InputValues>
<ActInputValue Guid="90fee317-08df-4488-a9f3-c65f9050dc38" Param="ElementAction" ParentGuid="00000000-0000-0000-0000-000000000000" Value="SetValue" />
<ActInputValue Guid="7e7e51d0-81e8-4bfe-8a1c-b438d189d265" Param="ElementType" ParentGuid="00000000-0000-0000-0000-000000000000" Value="TextBox" />
<ActInputValue Guid="33032e44-ac92-4191-b3bc-bf780025a537" Param="Value" ParentGuid="00000000-0000-0000-0000-000000000000" Value="%%%%" />
<ActInputValue Guid="e0ea372f-f4ff-4c7c-93ea-554f8491fd20" Param="ElementLocateBy" ParentGuid="00000000-0000-0000-0000-000000000000" Value="ByName" />
<ActInputValue Guid="5cc814c4-42f5-46c1-ae62-401e2d581b12" Param="ElementLocateValue" ParentGuid="00000000-0000-0000-0000-000000000000" Value="adhocValue_col_org_idColumn" />
<ActInputValue Guid="1f59a028-6fe7-4311-8649-58b5ef838b28" Param="IsWidgetsElement" ParentGuid="00000000-0000-0000-0000-000000000000" Value="false" />
<ActInputValue Guid="89a2cac9-1972-43a4-a528-96e188f8bed9" Param="WaitforIdle" ParentGuid="00000000-0000-0000-0000-000000000000" Value="None" />
<ActInputValue Guid="44c771ff-1e8b-4577-9a70-70f900b7115a" Param="TargetLocateBy" ParentGuid="00000000-0000-0000-0000-000000000000" Value="NA" />
<ActInputValue Guid="4712402b-93e1-48e0-9aea-8fb01840e12e" Param="TargetElementType" ParentGuid="00000000-0000-0000-0000-000000000000" Value="Unknown" />
<ActInputValue Guid="df759806-0ed4-48ae-b2fd-c893cd81e424" Param="HandleElementType" ParentGuid="00000000-0000-0000-0000-000000000000" Value="Unknown" />
<ActInputValue Guid="48c44ee5-3c92-4303-b332-23fbd58addb3" Param="HandleActionType" ParentGuid="00000000-0000-0000-0000-000000000000" Value="Unknown" />
</InputValues>
</ActUIElement>
<ActUIElement Active="True" Description="Click : btnSearchNow" Guid="3f48ddb6-e78e-4d8d-b65b-188eb3ca8cc4" MaxNumberOfRetries="2" ParentGuid="00000000-0000-0000-0000-000000000000" Platform="NA" RetryMechanismInterval="5" StatusConverter="None" TakeScreenShot="True" WaitVE="0" WindowsToCapture="OnlyActiveWindow">
<InputValues>
<ActInputValue Guid="6e4e6dbb-a5b3-43ed-93c6-d926258e1e2c" Param="ElementAction" ParentGuid="00000000-0000-0000-0000-000000000000" Value="Click" />
<ActInputValue Guid="6ec2daf9-33a9-45cc-b89d-2bc01ce598cf" Param="ElementType" ParentGuid="00000000-0000-0000-0000-000000000000" Value="Button" />
<ActInputValue Guid="a2f472d9-74c6-4fd6-97d5-ec5911ca7c29" Param="Value" ParentGuid="00000000-0000-0000-0000-000000000000" />
<ActInputValue Guid="30b0aeb1-79b7-4b36-922a-6c41bd4b5af8" Param="ElementLocateBy" ParentGuid="00000000-0000-0000-0000-000000000000" Value="ByXPath" />
<ActInputValue Guid="7058e9a4-42d0-4246-8d7f-b34e0c17759f" Param="ElementLocateValue" ParentGuid="00000000-0000-0000-0000-000000000000" Value="/javax.swing.JRootPane[0]/null.layeredPane/null.contentPane/javax.swing.JSplitPane[0]/com.amdocs.uif.workspace.desktop.AppDesktopPane[0]/com.crmphd.crm.isales.account.X3IdentifyCustomerExt/javax.swing.JRootPane[0]/null.layeredPane/root/javax.swing.JViewport[0]/root/IdentifyCustomerGrid/com.amdocs.uif.widgets.PanelNative$JXPanel[0]/com.amdocs.uif.widgets.PanelNative$JXPanel[0]/[[Name:btnSearchNow][ClassName:com.amdocs.uif.widgets.ButtonNative$JXButton]]" />
<ActInputValue Guid="d9b20410-44b0-4e1b-82c9-0c19bcb2826a" Param="ValueToSelect" ParentGuid="00000000-0000-0000-0000-000000000000" />
<ActInputValue Guid="f6c1e268-49f9-4ce0-be5d-963c4f81a95d" Param="TargetLocateBy" ParentGuid="00000000-0000-0000-0000-000000000000" Value="NA" />
<ActInputValue Guid="453a5ee9-6e95-4d0b-83c0-8ae3b37c09b3" Param="TargetElementType" ParentGuid="00000000-0000-0000-0000-000000000000" Value="Unknown" />
<ActInputValue Guid="9f25bfe3-4179-4e9e-80ef-dbab40293113" Param="HandleElementType" ParentGuid="00000000-0000-0000-0000-000000000000" Value="Unknown" />
<ActInputValue Guid="26952d28-822c-4c68-896c-ca2ac2577d5b" Param="HandleActionType" ParentGuid="00000000-0000-0000-0000-000000000000" Value="Unknown" />
</InputValues>
</ActUIElement>
<ActUIElement Active="True" Description="ActivateRow : Select first row" Guid="d2a493d2-5197-4517-8c69-93e5a0a2eaf3" MaxNumberOfRetries="2" ParentGuid="00000000-0000-0000-0000-000000000000" Platform="Java" RetryMechanismInterval="5" StatusConverter="None" TakeScreenShot="True" WaitVE="0" WindowsToCapture="OnlyActiveWindow">
<InputValues>
<ActInputValue Guid="add56f91-7686-425e-a82b-78633e3c560c" Param="ElementType" ParentGuid="00000000-0000-0000-0000-000000000000" Value="Table" />
<ActInputValue Guid="c6d4a089-1e76-4026-bf3b-c86359fcb938" Param="ElementAction" ParentGuid="00000000-0000-0000-0000-000000000000" Value="TableCellAction" />
<ActInputValue Guid="1336a766-e16f-4367-b8c6-30e82b6f3151" Param="ControlAction" ParentGuid="00000000-0000-0000-0000-000000000000" Value="ActivateRow" />
<ActInputValue Guid="475d7cc1-2cb8-4e2d-82f1-d890da00a826" Param="WaitforIdle" ParentGuid="00000000-0000-0000-0000-000000000000" Value="Medium" />
<ActInputValue Guid="950ea484-5c7b-4bc9-8d98-20fc18ff6fa3" Param="LocateRowType" ParentGuid="00000000-0000-0000-0000-000000000000" Value="Row Number" />
<ActInputValue Guid="93b33f05-519f-42b9-9ed5-e40790ade179" Param="LocateRowValue" ParentGuid="00000000-0000-0000-0000-000000000000" Value="0" />
<ActInputValue Guid="f2939237-2e6b-4e90-a87b-7b3c1722cf7e" Param="ColSelectorValue" ParentGuid="00000000-0000-0000-0000-000000000000" Value="ColNum" />
<ActInputValue Guid="b98bcb77-5f83-4c9d-b69c-fad47cc344ef" Param="LocateColTitle" ParentGuid="00000000-0000-0000-0000-000000000000" Value="1" />
<ActInputValue Guid="9da735ac-5ac4-43b7-a082-d4080144ff1d" Param="Value" ParentGuid="00000000-0000-0000-0000-000000000000" />
<ActInputValue Guid="5312c2eb-fb85-40c2-95d5-86a070d9c1e8" Param="WhereColSelector" ParentGuid="00000000-0000-0000-0000-000000000000" Value="ColNum" />
<ActInputValue Guid="63c950ad-27e3-4451-ad51-0a1061b842da" Param="WhereColumnTitle" ParentGuid="00000000-0000-0000-0000-000000000000" Value="0" />
<ActInputValue Guid="c6201eac-32c4-4769-a709-c28e40791cda" Param="WhereProperty" ParentGuid="00000000-0000-0000-0000-000000000000" Value="Value" />
<ActInputValue Guid="125f16a2-a649-4f07-b33f-20cac531c672" Param="WhereOperator" ParentGuid="00000000-0000-0000-0000-000000000000" Value="Equals" />
<ActInputValue Guid="ace60a32-eedf-495d-b915-1df654d8c608" Param="ElementLocateBy" ParentGuid="00000000-0000-0000-0000-000000000000" Value="ByXPath" />
<ActInputValue Guid="51ad4e62-dec0-4f3f-8cb6-502987783c1b" Param="ElementLocateValue" ParentGuid="00000000-0000-0000-0000-000000000000" Value="/javax.swing.JRootPane[0]/null.layeredPane/null.contentPane/javax.swing.JSplitPane[0]/com.amdocs.uif.workspace.desktop.AppDesktopPane[0]/com.crmphd.crm.isales.account.X3IdentifyCustomerExt/javax.swing.JRootPane[0]/null.layeredPane/root/javax.swing.JViewport[0]/root/IdentifyCustomerGrid/javax.swing.JPanel[0]/com.amdocs.uif.widgets.SearchGridNative$6[0]/javax.swing.JViewport[0]/[[Name:IdentifyCustomerGrid][ClassName:com.amdocs.uif.widgets.search.SearchJTable]]" />
<ActInputValue Guid="6640c5a2-9631-49a3-a5e5-5c4f594b0ee2" Param="ControlActionValue" ParentGuid="00000000-0000-0000-0000-000000000000" />
<ActInputValue Guid="423248af-c94e-4214-89ce-b7245f58fa32" Param="IsWidgetsElement" ParentGuid="00000000-0000-0000-0000-000000000000" Value="false" />
<ActInputValue Guid="cdc83c45-a750-4c33-be8f-9062bb15b972" Param="WhereColumnValue" ParentGuid="00000000-0000-0000-0000-000000000000" />
<ActInputValue Guid="b4b10b8b-674e-4355-a900-cf4a16ecb974" Param="TargetLocateBy" ParentGuid="00000000-0000-0000-0000-000000000000" Value="NA" />
<ActInputValue Guid="5b7307a6-586c-4dde-8e22-db57d6f3d652" Param="TargetElementType" ParentGuid="00000000-0000-0000-0000-000000000000" Value="Unknown" />
<ActInputValue Guid="cc5dba78-a197-481a-a3c4-10a801b71a6b" Param="HandleElementType" ParentGuid="00000000-0000-0000-0000-000000000000" Value="Unknown" />
<ActInputValue Guid="544a62fc-f9dd-4553-a6c0-f24594c95e8c" Param="HandleActionType" ParentGuid="00000000-0000-0000-0000-000000000000" Value="Unknown" />
</InputValues>
</ActUIElement>
<ActUIElement Active="True" Description="Click : btn_start_order" Guid="bd4e6803-5572-432e-8abe-7db3be349897" MaxNumberOfRetries="2" ParentGuid="00000000-0000-0000-0000-000000000000" Platform="NA" RetryMechanismInterval="5" StatusConverter="None" TakeScreenShot="True" WaitVE="0" WindowsToCapture="OnlyActiveWindow">
<InputValues>
<ActInputValue Guid="9639ae73-3f48-42fa-b97f-8c8acfadc393" Param="ElementAction" ParentGuid="00000000-0000-0000-0000-000000000000" Value="Click" />
<ActInputValue Guid="7c7d0434-f981-47ff-939b-86ca2709789d" Param="ElementType" ParentGuid="00000000-0000-0000-0000-000000000000" Value="Button" />
<ActInputValue Guid="50a8b994-1db4-4b89-a1b3-5b329a36c071" Param="Value" ParentGuid="00000000-0000-0000-0000-000000000000" />
<ActInputValue Guid="c7998f80-dfc5-4e0c-ab08-55efbc66c15c" Param="ElementLocateBy" ParentGuid="00000000-0000-0000-0000-000000000000" Value="ByXPath" />
<ActInputValue Guid="612c1dab-af93-4b2c-b68f-252cf424f91b" Param="ElementLocateValue" ParentGuid="00000000-0000-0000-0000-000000000000" Value="/javax.swing.JRootPane[0]/null.layeredPane/null.contentPane/javax.swing.JSplitPane[0]/com.amdocs.uif.workspace.desktop.AppDesktopPane[0]/com.crmphd.crm.isales.account.X3IdentifyCustomerExt/javax.swing.JRootPane[0]/null.layeredPane/root/javax.swing.JViewport[0]/root/pnl_IdentifyCustomer_footer/[[Name:btn_start_order][ClassName:com.amdocs.uif.widgets.ButtonNative$JXButton]]" />
<ActInputValue Guid="d6306365-08c1-480c-83ec-4fc974d70f7c" Param="ValueToSelect" ParentGuid="00000000-0000-0000-0000-000000000000" />
<ActInputValue Guid="0b6fb820-1692-4d5b-8557-362b58062859" Param="TargetLocateBy" ParentGuid="00000000-0000-0000-0000-000000000000" Value="NA" />
<ActInputValue Guid="04eb8154-a4fe-4bd6-82fe-a6cdfa2e48f8" Param="TargetElementType" ParentGuid="00000000-0000-0000-0000-000000000000" Value="Unknown" />
<ActInputValue Guid="73a6589d-6e37-42b4-96cb-2578859f77ea" Param="HandleElementType" ParentGuid="00000000-0000-0000-0000-000000000000" Value="Unknown" />
<ActInputValue Guid="c7902bb8-bfbf-4f95-b053-1b15179235a2" Param="HandleActionType" ParentGuid="00000000-0000-0000-0000-000000000000" Value="Unknown" />
</InputValues>
</ActUIElement>
</Acts>
</Activity></GingerRepositoryItem>