﻿<?xml version="1.0" encoding="utf-8"?>
<GingerRepositoryItem><Header ItemGuid="a750e21e-61e2-4b0c-bb69-082bd9964ac7" ItemType="Activity" CreatedBy="christian.poblete" Created="202101191932" GingerVersion="3.6.0.0" Version="1" LastUpdateBy="christian.poblete" LastUpdate="202101191932" />
<Activity ActionRunOption="StopActionsRunOnFailure" Active="True" ActivityName="CHQ - NPC - Remove and add new Add on" AutomationStatus="Automated" ErrorHandlerMappingType="AllAvailableHandlers" Guid="a750e21e-61e2-4b0c-bb69-082bd9964ac7" ParentGuid="00000000-0000-0000-0000-000000000000" PercentAutomated="100%" TargetApplication="MyJavaApp">
<Acts>
<ActBrowserElement Active="True" Description="Initialize Browser - JExplorerBrowser" EnableRetryMechanism="True" Guid="23b1e5da-682c-4363-b51e-ef124b444971" ImplicitWait="60" MaxNumberOfRetries="10" ParentGuid="00000000-0000-0000-0000-000000000000" Platform="Java" RetryMechanismInterval="3" StatusConverter="None" TakeScreenShot="True" WaitVE="0" WindowsToCapture="OnlyActiveWindow">
<InputValues>
<ActInputValue Guid="8619ec9b-7f04-4dc0-a007-abf61b4b7006" Param="LocateBy" ParentGuid="00000000-0000-0000-0000-000000000000" Value="ByXPath" />
<ActInputValue Guid="7215ba83-c5fd-4cf4-a960-495f4070608c" Param="LocateValue" ParentGuid="00000000-0000-0000-0000-000000000000" Value="//com.amdocs.uif.widgets.browser.JxBrowserBrowserComponent[0]" />
<ActInputValue Guid="ae3c7585-9767-48bc-b6fa-ff5130c3fafa" Param="Value" ParentGuid="00000000-0000-0000-0000-000000000000" />
<ActInputValue Guid="7c700580-9750-4173-bd36-5b051da1acb9" Param="ControlAction" ParentGuid="00000000-0000-0000-0000-000000000000" Value="InitializeBrowser" />
<ActInputValue Guid="6f83d38f-d038-45f2-bc6c-46de997bf599" Param="GotoURLType" ParentGuid="00000000-0000-0000-0000-000000000000" Value="Current" />
<ActInputValue Guid="10fd1835-68c7-4711-b7db-a0ca4041d852" Param="URLSrc" ParentGuid="00000000-0000-0000-0000-000000000000" Value="Static" />
<ActInputValue Guid="61a71aae-a6b7-4524-9f82-27948fa8bc94" Param="PomGUID" ParentGuid="00000000-0000-0000-0000-000000000000" />
</InputValues>
</ActBrowserElement>
<ActUIElement Active="True" Description="Click : Add on menu" Guid="68c9d402-13ca-4d42-b0ff-e073bba52150" MaxNumberOfRetries="2" ParentGuid="00000000-0000-0000-0000-000000000000" Platform="Java" RetryMechanismInterval="5" StatusConverter="None" TakeScreenShot="True" WaitVE="0" WindowsToCapture="OnlyActiveWindow">
<InputValues>
<ActInputValue Guid="717116a3-ed07-4b0e-b49d-e6c9181c24f4" Param="ElementAction" ParentGuid="00000000-0000-0000-0000-000000000000" Value="Click" />
<ActInputValue Guid="a97f8541-a3f5-4a3d-9772-7100090b1bb4" Param="ElementType" ParentGuid="00000000-0000-0000-0000-000000000000" Value="Div" />
<ActInputValue Guid="b203ad6c-3c11-4cac-9cc2-aecd1a9a6442" Param="IsWidgetsElement" ParentGuid="00000000-0000-0000-0000-000000000000" Value="true" />
<ActInputValue Guid="f8c2cdb6-1f91-439d-a841-e8f1bce56b10" Param="Value" ParentGuid="00000000-0000-0000-0000-000000000000" />
<ActInputValue Guid="7683975d-9bdb-49de-9c0c-a565624321f1" Param="ElementLocateBy" ParentGuid="00000000-0000-0000-0000-000000000000" Value="ByXPath" />
<ActInputValue Guid="47d0797e-174d-4307-b7f2-d1eb1c995c08" Param="ElementLocateValue" ParentGuid="00000000-0000-0000-0000-000000000000" Value="/html/body/div/div/div[3]/div/div/div[4]/div[2]/div/div/div/div/div/div[3]/div/div/div[2]/div/ul/li[2]/div" />
<ActInputValue Guid="85baac66-9f21-4c54-a6bf-e3394f1630ce" Param="ValueToSelect" ParentGuid="00000000-0000-0000-0000-000000000000" />
<ActInputValue Guid="0b25cc52-5801-44b2-aa40-2a0b918ce2a7" Param="TargetLocateBy" ParentGuid="00000000-0000-0000-0000-000000000000" Value="NA" />
<ActInputValue Guid="4c2a474d-589e-4a20-85e0-9cd31d1a01c7" Param="TargetElementType" ParentGuid="00000000-0000-0000-0000-000000000000" Value="Unknown" />
<ActInputValue Guid="71955962-6ee9-448a-8926-acea8a94beee" Param="HandleElementType" ParentGuid="00000000-0000-0000-0000-000000000000" Value="Unknown" />
<ActInputValue Guid="72438748-889b-4c42-bbfc-b2771b994047" Param="HandleActionType" ParentGuid="00000000-0000-0000-0000-000000000000" Value="Unknown" />
</InputValues>
</ActUIElement>
<ActUIElement Active="True" Description="Validate if there are add on" Guid="09b355db-9c03-4fc3-8977-41ada0549cb3" MaxNumberOfRetries="2" ParentGuid="00000000-0000-0000-0000-000000000000" Platform="Java" RetryMechanismInterval="5" StatusConverter="AlwaysPass" WaitVE="0" WindowsToCapture="OnlyActiveWindow">
<FlowControls>
<FlowControl Active="True" BusinessFlowControlAction="GoToBusinessFlow" FlowControlAction="GoToAction" Guid="ab8391e9-fc78-445c-90db-86c226bceeec" Operator="ActionFailed" ParentGuid="00000000-0000-0000-0000-000000000000" Value="929375d3-bcc1-48c8-996e-8b503f33ee08#GUID_NAME#Click search addon button" />
</FlowControls>

<InputValues>
<ActInputValue Guid="4fdbaf4f-09d7-470c-ac62-212cb57f4b8c" Param="ElementAction" ParentGuid="00000000-0000-0000-0000-000000000000" Value="GetValue" />
<ActInputValue Guid="9745733b-86c9-4198-8b51-9a636928039e" Param="ElementType" ParentGuid="00000000-0000-0000-0000-000000000000" Value="Div" />
<ActInputValue Guid="d6b02e6b-7c50-4357-be6f-3a4ef2f753f6" Param="IsWidgetsElement" ParentGuid="00000000-0000-0000-0000-000000000000" Value="true" />
<ActInputValue Guid="42d9a1e6-2ee0-40b2-acf6-f6865c20583f" Param="Value" ParentGuid="00000000-0000-0000-0000-000000000000" />
<ActInputValue Guid="6e40fa31-0937-4f23-b2cd-6a3f4088316b" Param="ElementLocateBy" ParentGuid="00000000-0000-0000-0000-000000000000" Value="ByXPath" />
<ActInputValue Guid="bad07668-ba22-45d3-a401-8114275c452e" Param="ElementLocateValue" ParentGuid="00000000-0000-0000-0000-000000000000" Value="//div[4]/div[2]/div/div/div/div/div/div[3]/div[2]/div/div/div[3]" />
<ActInputValue Guid="be4a129a-788d-4501-9e03-5bc8929347b6" Param="TargetLocateBy" ParentGuid="00000000-0000-0000-0000-000000000000" Value="NA" />
<ActInputValue Guid="a6cf45e8-3097-4b35-8a8b-224c8e75d311" Param="TargetElementType" ParentGuid="00000000-0000-0000-0000-000000000000" Value="Unknown" />
<ActInputValue Guid="a4e0df7c-4c3d-4080-8886-c60793a9bba6" Param="HandleElementType" ParentGuid="00000000-0000-0000-0000-000000000000" Value="Unknown" />
<ActInputValue Guid="2b3b567c-755b-4383-9dcd-cd7cb3db4b97" Param="HandleActionType" ParentGuid="00000000-0000-0000-0000-000000000000" Value="Unknown" />
</InputValues>

<ReturnValues>
<ActReturnValue Active="True" Guid="60ee569c-1df4-48d0-9bce-b8d08ac50e02" mExpected="Genre:         " Operator="Contains" Param="Actual0" ParentGuid="00000000-0000-0000-0000-000000000000" StoreTo="None" />
</ReturnValues>
</ActUIElement>
<ActUIElement Active="True" Description="Click : Remove current  add on" Guid="eaac8d20-1a46-4492-b0d4-478ab65f9456" MaxNumberOfRetries="2" ParentGuid="00000000-0000-0000-0000-000000000000" Platform="Java" RetryMechanismInterval="5" StatusConverter="None" TakeScreenShot="True" WaitVE="0" WindowsToCapture="OnlyActiveWindow">
<InputValues>
<ActInputValue Guid="a4a669d9-7ade-4c80-b60a-8932bba4eb7d" Param="ElementAction" ParentGuid="00000000-0000-0000-0000-000000000000" Value="Click" />
<ActInputValue Guid="919d294a-8aa5-4b11-a718-e23ad5691b0d" Param="ElementType" ParentGuid="00000000-0000-0000-0000-000000000000" Value="Span" />
<ActInputValue Guid="22d1d7e2-c2ab-48df-bf2e-fc071c5e69cd" Param="IsWidgetsElement" ParentGuid="00000000-0000-0000-0000-000000000000" Value="true" />
<ActInputValue Guid="45b8ecb5-b0bc-470c-bbd9-9c256a45e54a" Param="Value" ParentGuid="00000000-0000-0000-0000-000000000000" />
<ActInputValue Guid="cb1826cb-3b11-4696-b1de-f6be12df37e8" Param="ElementLocateBy" ParentGuid="00000000-0000-0000-0000-000000000000" Value="ByRelXPath" />
<ActInputValue Guid="59f106c3-dfcb-42de-82d9-07855dc66c3d" Param="ElementLocateValue" ParentGuid="00000000-0000-0000-0000-000000000000" Value="//div[@id='NPCContent']/div/div[3]/div/div[2]/div[2]/div[4]/div/div[11]/div/span" />
<ActInputValue Guid="b887ab29-2a20-4fbb-a303-fc10f1a6a77c" Param="ValueToSelect" ParentGuid="00000000-0000-0000-0000-000000000000" />
<ActInputValue Guid="5609fa3a-229c-469c-bb8d-b893eb00996b" Param="TargetLocateBy" ParentGuid="00000000-0000-0000-0000-000000000000" Value="NA" />
<ActInputValue Guid="7825439a-18a3-4df4-b40b-a58743dc0745" Param="TargetElementType" ParentGuid="00000000-0000-0000-0000-000000000000" Value="Unknown" />
<ActInputValue Guid="8b64e26d-5579-4bae-951f-c0534764352f" Param="HandleElementType" ParentGuid="00000000-0000-0000-0000-000000000000" Value="Unknown" />
<ActInputValue Guid="4ba3a251-fbe2-4dd8-934c-ceb8c150dc57" Param="HandleActionType" ParentGuid="00000000-0000-0000-0000-000000000000" Value="Unknown" />
</InputValues>
</ActUIElement>
<ActUIElement Active="True" Description="Click search addon button" EnableRetryMechanism="True" Guid="929375d3-bcc1-48c8-996e-8b503f33ee08" MaxNumberOfRetries="10" ParentGuid="00000000-0000-0000-0000-000000000000" Platform="Java" RetryMechanismInterval="3" StatusConverter="None" TakeScreenShot="True" WaitVE="4" WindowsToCapture="OnlyActiveWindow">
<InputValues>
<ActInputValue Guid="24f4b924-93d7-4cf4-ae9a-833c68c8ec1e" Param="ElementAction" ParentGuid="00000000-0000-0000-0000-000000000000" Value="Click" />
<ActInputValue Guid="04da6161-75da-4fe7-aefc-743ad5e3002a" Param="ElementType" ParentGuid="00000000-0000-0000-0000-000000000000" Value="Span" />
<ActInputValue Guid="57d35b37-f063-4199-802c-0f532beffe31" Param="IsWidgetsElement" ParentGuid="00000000-0000-0000-0000-000000000000" Value="true" />
<ActInputValue Guid="4e62e06d-c648-4fe2-b30a-ac715b27b168" Param="Value" ParentGuid="00000000-0000-0000-0000-000000000000" />
<ActInputValue Guid="87894d4e-5d79-42eb-9fb0-46195fda8b55" Param="ElementLocateBy" ParentGuid="00000000-0000-0000-0000-000000000000" Value="ByRelXPath" />
<ActInputValue Guid="80eaac11-34ae-4a4a-ac14-51732ae64dfb" Param="ElementLocateValue" ParentGuid="00000000-0000-0000-0000-000000000000" Value="//div[4]/span" />
<ActInputValue Guid="0eac4a3f-d189-4fc4-9498-8001e6c25bcb" Param="XCoordinate" ParentGuid="00000000-0000-0000-0000-000000000000" />
<ActInputValue Guid="aa681222-7fcf-4dad-835c-2491d3a1ce0b" Param="ValueToSelect" ParentGuid="00000000-0000-0000-0000-000000000000" />
<ActInputValue Guid="86b5fbf0-062f-4d7c-9611-ac7a29be1609" Param="YCoordinate" ParentGuid="00000000-0000-0000-0000-000000000000" />
<ActInputValue Guid="4a4eefb9-42a4-46dc-b0ff-17780e8bc90f" Param="ControlAction" ParentGuid="00000000-0000-0000-0000-000000000000" />
<ActInputValue Guid="079d872e-8c7a-4dcc-97d8-e440dafc49cb" Param="TargetLocateBy" ParentGuid="00000000-0000-0000-0000-000000000000" Value="NA" />
<ActInputValue Guid="bf103c68-1262-42f9-b2fb-afea40a60e72" Param="TargetElementType" ParentGuid="00000000-0000-0000-0000-000000000000" Value="Unknown" />
<ActInputValue Guid="e2031f2e-7b40-4645-b772-9d8912bc73e5" Param="HandleElementType" ParentGuid="00000000-0000-0000-0000-000000000000" Value="Unknown" />
<ActInputValue Guid="70d07e7a-0195-40b4-b3b4-0ebe3fa39366" Param="HandleActionType" ParentGuid="00000000-0000-0000-0000-000000000000" Value="Unknown" />
</InputValues>
</ActUIElement>
<ActUIElement Active="True" Description="SetValue : INPUT ID=searchTextInput" EnableRetryMechanism="True" Guid="053c4b23-a9a3-450a-b22d-92aec72529e6" MaxNumberOfRetries="10" ParentGuid="00000000-0000-0000-0000-000000000000" Platform="Java" RetryMechanismInterval="3" StatusConverter="None" TakeScreenShot="True" WaitVE="2" WindowsToCapture="OnlyActiveWindow">
<InputValues>
<ActInputValue Guid="ef9265c2-7a11-40be-ac85-30dd145b6036" Param="ElementAction" ParentGuid="00000000-0000-0000-0000-000000000000" Value="SetValue" />
<ActInputValue Guid="cf05c7c4-6396-4404-b200-2119015fb7f0" Param="ElementType" ParentGuid="00000000-0000-0000-0000-000000000000" Value="TextBox" />
<ActInputValue Guid="3a7072bb-183e-4ecc-adfa-43a47c54aaad" Param="IsWidgetsElement" ParentGuid="00000000-0000-0000-0000-000000000000" Value="true" />
<ActInputValue Guid="4fd7b210-d7be-4df9-bd54-eecb8d233a85" Param="Value" ParentGuid="00000000-0000-0000-0000-000000000000" Value="{Var Name=AddOn}" />
<ActInputValue Guid="db2414a3-bcbb-4d69-b336-3618867abf35" Param="ElementLocateBy" ParentGuid="00000000-0000-0000-0000-000000000000" Value="ByID" />
<ActInputValue Guid="fd53834c-11df-4d52-a5f4-3d30a63ec75b" Param="ElementLocateValue" ParentGuid="00000000-0000-0000-0000-000000000000" Value="searchTextInput" />
<ActInputValue Guid="0bb72a55-62ff-4c61-83d9-fd4af4500625" Param="TargetLocateBy" ParentGuid="00000000-0000-0000-0000-000000000000" Value="NA" />
<ActInputValue Guid="f2dca05c-682d-4ad8-9eed-c8362c771d92" Param="TargetElementType" ParentGuid="00000000-0000-0000-0000-000000000000" Value="Unknown" />
<ActInputValue Guid="7baa5981-04c4-46a6-8c15-5e974b8690ae" Param="HandleElementType" ParentGuid="00000000-0000-0000-0000-000000000000" Value="Unknown" />
<ActInputValue Guid="6b403e72-d975-446e-87e3-7662b1fb5189" Param="HandleActionType" ParentGuid="00000000-0000-0000-0000-000000000000" Value="Unknown" />
</InputValues>
</ActUIElement>
<ActUIElement Active="True" Description="Click : Search" Guid="ebf595f5-b0ac-49a2-8845-621b8e2b8ff1" MaxNumberOfRetries="2" ParentGuid="00000000-0000-0000-0000-000000000000" Platform="Java" RetryMechanismInterval="5" StatusConverter="None" TakeScreenShot="True" WaitVE="0" WindowsToCapture="OnlyActiveWindow">
<InputValues>
<ActInputValue Guid="dff16113-dac0-45ca-bd14-0c3818aeb314" Param="ElementAction" ParentGuid="00000000-0000-0000-0000-000000000000" Value="Click" />
<ActInputValue Guid="bff368f3-a154-4a1f-8e20-c78b41ac648d" Param="ElementType" ParentGuid="00000000-0000-0000-0000-000000000000" Value="Button" />
<ActInputValue Guid="a866a4bd-0e28-4fb6-ab76-a9213c32cfdf" Param="IsWidgetsElement" ParentGuid="00000000-0000-0000-0000-000000000000" Value="true" />
<ActInputValue Guid="42c022ab-f593-4862-bdf9-1a262098e4da" Param="Value" ParentGuid="00000000-0000-0000-0000-000000000000" />
<ActInputValue Guid="4243fe5c-23fc-467b-88fa-3c54153d455b" Param="ElementLocateBy" ParentGuid="00000000-0000-0000-0000-000000000000" Value="ByRelXPath" />
<ActInputValue Guid="5f9a2158-ffed-48b0-a2e1-b8fd9acf56e6" Param="ElementLocateValue" ParentGuid="00000000-0000-0000-0000-000000000000" Value="//div[@id='itemListModalMPC']/div/div/div[2]/div/div/div[3]/div/div[3]/div/div/div/input[2]" />
<ActInputValue Guid="2b2e0b19-9ebe-47a7-8006-74a4aaa555e9" Param="ValueToSelect" ParentGuid="00000000-0000-0000-0000-000000000000" />
<ActInputValue Guid="e78c4f7c-5d78-4435-906f-71d1d92af491" Param="TargetLocateBy" ParentGuid="00000000-0000-0000-0000-000000000000" Value="NA" />
<ActInputValue Guid="cc576f4d-0abd-4736-968e-5a06521b3cff" Param="TargetElementType" ParentGuid="00000000-0000-0000-0000-000000000000" Value="Unknown" />
<ActInputValue Guid="56dae7e1-03d2-4a3d-92f6-a215b999f51b" Param="HandleElementType" ParentGuid="00000000-0000-0000-0000-000000000000" Value="Unknown" />
<ActInputValue Guid="102ba6a6-486d-4059-ac13-18c372f6983b" Param="HandleActionType" ParentGuid="00000000-0000-0000-0000-000000000000" Value="Unknown" />
</InputValues>
</ActUIElement>
<ActUIElement Active="True" Description="Click : BUTTON add" Guid="307fa252-600f-4ccc-84b6-4c08d09905c3" MaxNumberOfRetries="2" ParentGuid="00000000-0000-0000-0000-000000000000" Platform="Java" RetryMechanismInterval="5" StatusConverter="None" TakeScreenShot="True" WaitVE="0" WindowsToCapture="OnlyActiveWindow">
<InputValues>
<ActInputValue Guid="5412aced-08a0-4a6b-a633-8455e248120f" Param="ElementAction" ParentGuid="00000000-0000-0000-0000-000000000000" Value="Click" />
<ActInputValue Guid="6455f7e1-d645-4d9c-b4c8-93c6b00f9e7b" Param="ElementType" ParentGuid="00000000-0000-0000-0000-000000000000" Value="Button" />
<ActInputValue Guid="4b52a9b8-d83a-48bb-b230-4eb64a767f3b" Param="IsWidgetsElement" ParentGuid="00000000-0000-0000-0000-000000000000" Value="true" />
<ActInputValue Guid="c5fb2944-fb95-44a0-9be4-2b368fa9b87e" Param="Value" ParentGuid="00000000-0000-0000-0000-000000000000" />
<ActInputValue Guid="df396cc9-8aa9-42b8-82be-48c44a30b0bf" Param="ElementLocateBy" ParentGuid="00000000-0000-0000-0000-000000000000" Value="ByRelXPath" />
<ActInputValue Guid="cf6fa0a6-fc4a-40ac-a342-2c994cabb08d" Param="ElementLocateValue" ParentGuid="00000000-0000-0000-0000-000000000000" Value="//div[@id='itemListModalMPC']/div/div/div[2]/div/div/div[3]/div/div[4]/div/div/div[3]/div/ul/li/div[2]/div/div/div[2]/div/button[2]" />
<ActInputValue Guid="e59f2904-23da-484c-b27a-f22242acb3c2" Param="ValueToSelect" ParentGuid="00000000-0000-0000-0000-000000000000" />
<ActInputValue Guid="75b59588-50ae-4b70-80ec-a80fb399ad4d" Param="TargetLocateBy" ParentGuid="00000000-0000-0000-0000-000000000000" Value="NA" />
<ActInputValue Guid="501645ab-bd65-404a-b18f-ea479a3590ce" Param="TargetElementType" ParentGuid="00000000-0000-0000-0000-000000000000" Value="Unknown" />
<ActInputValue Guid="b0f06852-82a1-47e8-886b-eac51d8df037" Param="HandleElementType" ParentGuid="00000000-0000-0000-0000-000000000000" Value="Unknown" />
<ActInputValue Guid="19eedc18-a880-462a-8da8-7a12f06534c7" Param="HandleActionType" ParentGuid="00000000-0000-0000-0000-000000000000" Value="Unknown" />
</InputValues>
</ActUIElement>
<ActUIElement Active="True" Description="Click : BUTTON" Guid="d17c9857-39ff-4b21-9b9a-660d53446cde" MaxNumberOfRetries="2" ParentGuid="00000000-0000-0000-0000-000000000000" Platform="NA" RetryMechanismInterval="5" StatusConverter="None" TakeScreenShot="True" WaitVE="0" WindowsToCapture="OnlyActiveWindow">
<InputValues>
<ActInputValue Guid="b7fe39dc-f328-4a02-adf3-dbd3fa278082" Param="ElementAction" ParentGuid="00000000-0000-0000-0000-000000000000" Value="Click" />
<ActInputValue Guid="60220dbf-a8c1-49aa-a8bd-f6fe7b6f83a3" Param="ElementType" ParentGuid="00000000-0000-0000-0000-000000000000" Value="Button" />
<ActInputValue Guid="80e35859-7976-4672-9ca2-9cd39244090c" Param="IsWidgetsElement" ParentGuid="00000000-0000-0000-0000-000000000000" Value="true" />
<ActInputValue Guid="500164ef-c6c5-47e3-94fa-fbca5bc748ba" Param="Value" ParentGuid="00000000-0000-0000-0000-000000000000" />
<ActInputValue Guid="13de2d08-08c7-4919-ad84-6e3fc8c69d32" Param="ElementLocateBy" ParentGuid="00000000-0000-0000-0000-000000000000" Value="ByRelXPath" />
<ActInputValue Guid="a166e461-301e-474d-b432-73f0c07c172e" Param="ElementLocateValue" ParentGuid="00000000-0000-0000-0000-000000000000" Value="//div[@id='itemListModalMPC']/div/div/div[2]/div/div/div[4]/button" />
<ActInputValue Guid="913e7b31-0ef7-4a73-a557-1ab31d5560d8" Param="ValueToSelect" ParentGuid="00000000-0000-0000-0000-000000000000" />
<ActInputValue Guid="cfe8527a-bafd-4074-ac19-3f7ef8699198" Param="TargetLocateBy" ParentGuid="00000000-0000-0000-0000-000000000000" Value="NA" />
<ActInputValue Guid="212acf9d-9192-4afc-8fad-ca55f531b316" Param="TargetElementType" ParentGuid="00000000-0000-0000-0000-000000000000" Value="Unknown" />
<ActInputValue Guid="5b7b9a7b-e0c3-4536-ba83-a45064708485" Param="HandleElementType" ParentGuid="00000000-0000-0000-0000-000000000000" Value="Unknown" />
<ActInputValue Guid="e71e50c7-e898-4f95-b5ed-08e485ec0996" Param="HandleActionType" ParentGuid="00000000-0000-0000-0000-000000000000" Value="Unknown" />
</InputValues>
</ActUIElement>
<ActUIElement Active="True" Description="Verify add on is added" EnableRetryMechanism="True" Guid="7ae908c2-4cba-47f0-a363-b3e4bfe862b4" MaxNumberOfRetries="4" ParentGuid="00000000-0000-0000-0000-000000000000" Platform="Java" RetryMechanismInterval="3" StatusConverter="None" TakeScreenShot="True" WaitVE="2" WindowsToCapture="OnlyActiveWindow">
<InputValues>
<ActInputValue Guid="397be062-a858-4316-9941-c8c6a7a35fb6" Param="ElementAction" ParentGuid="00000000-0000-0000-0000-000000000000" Value="GetValue" />
<ActInputValue Guid="64d3697f-63f9-4a27-8733-77036af43e97" Param="ElementType" ParentGuid="00000000-0000-0000-0000-000000000000" Value="Div" />
<ActInputValue Guid="d916c934-6b39-4a6a-9510-b1e3dd5d498f" Param="IsWidgetsElement" ParentGuid="00000000-0000-0000-0000-000000000000" Value="true" />
<ActInputValue Guid="12e81720-f3fd-4105-a7ce-f887ec9506b7" Param="Value" ParentGuid="00000000-0000-0000-0000-000000000000" />
<ActInputValue Guid="cdc0500c-e910-4b15-9180-55ab4d91f1e4" Param="ElementLocateBy" ParentGuid="00000000-0000-0000-0000-000000000000" Value="ByXPath" />
<ActInputValue Guid="7a5f335c-b523-4448-bf07-425c3edf7e33" Param="ElementLocateValue" ParentGuid="00000000-0000-0000-0000-000000000000" Value="//div[4]/div[2]/div/div/div/div/div/div[3]/div[2]/div/div/div[3]" />
<ActInputValue Guid="36573933-3eda-4ee6-9122-d767a570b9d9" Param="TargetLocateBy" ParentGuid="00000000-0000-0000-0000-000000000000" Value="NA" />
<ActInputValue Guid="61efb49c-c555-482b-baaf-b896928dc1f1" Param="TargetElementType" ParentGuid="00000000-0000-0000-0000-000000000000" Value="Unknown" />
<ActInputValue Guid="18a1ec42-21d5-4ac9-af93-987c8a2a4d2d" Param="HandleElementType" ParentGuid="00000000-0000-0000-0000-000000000000" Value="Unknown" />
<ActInputValue Guid="9d631000-3143-4aa3-86f5-27c5eddb2b0a" Param="HandleActionType" ParentGuid="00000000-0000-0000-0000-000000000000" Value="Unknown" />
</InputValues>

<ReturnValues>
<ActReturnValue Active="True" Guid="33970736-1c8c-4f2d-98c4-d55ede1cf885" mExpected="{Var Name=AddOn}" Operator="Contains" Param="Actual0" ParentGuid="00000000-0000-0000-0000-000000000000" StoreTo="None" />
</ReturnValues>
</ActUIElement>
</Acts>

<Variables>
<VariableString Guid="393687ab-620d-41eb-880e-4f4bf03c5849" InitialStringValue="Epix" MappedOutputType="None" Name="AddOn" ParentGuid="00000000-0000-0000-0000-000000000000" SetAsInputValue="False" SetAsOutputValue="False" />
</Variables>
</Activity></GingerRepositoryItem>