﻿<?xml version="1.0" encoding="utf-8"?>
<GingerRepositoryItem><Header ItemGuid="6d3115c8-d12c-4919-8cbf-a9acbe94be8d" ItemType="Activity" CreatedBy="christian.poblete" Created="202102031930" GingerVersion="3.6.0.0" Version="1" LastUpdateBy="christian.poblete" LastUpdate="202102031930" />
<Activity ActionRunOption="StopActionsRunOnFailure" Active="True" ActivityName="Click maximize" AutomationStatus="Automated" ErrorHandlerMappingType="AllAvailableHandlers" Guid="6d3115c8-d12c-4919-8cbf-a9acbe94be8d" ParentGuid="00000000-0000-0000-0000-000000000000" PercentAutomated="100%" TargetApplication="MyWindowsApp">
<Acts>
<ActUIElement Active="True" Description="UI Switch Window - Amdocs Customer Interaction Manager" Guid="5cf0c948-c7f3-41ac-a239-f295be880b5c" MaxNumberOfRetries="2" ParentGuid="00000000-0000-0000-0000-000000000000" Platform="Windows" RetryMechanismInterval="5" StatusConverter="None" WaitVE="0" WindowsToCapture="OnlyActiveWindow">
<InputValues>
<ActInputValue Guid="140270e1-7afb-4783-b43e-9c312fe07793" Param="ElementLocateBy" ParentGuid="00000000-0000-0000-0000-000000000000" Value="ByTitle" />
<ActInputValue Guid="7aac4cc2-9a89-4781-a4f1-18105cab9690" Param="ElementLocateValue" ParentGuid="00000000-0000-0000-0000-000000000000" Value="Amdocs Customer Interaction Manager" />
<ActInputValue Guid="5c712c2a-a808-47d8-9d7e-9880bc05f739" Param="ElementType" ParentGuid="00000000-0000-0000-0000-000000000000" Value="Window" />
<ActInputValue Guid="eb62d756-4226-4843-a61d-5b70c6a32b6b" Param="ElementAction" ParentGuid="00000000-0000-0000-0000-000000000000" Value="Switch" />
<ActInputValue Guid="5d4c5d4b-4689-4426-9e95-0b755a312b0b" Param="SyncTime" ParentGuid="00000000-0000-0000-0000-000000000000" Value="30" />
<ActInputValue Guid="9b9819e0-8001-418a-960b-b7fa70b3e46f" Param="TargetLocateBy" ParentGuid="00000000-0000-0000-0000-000000000000" Value="NA" />
<ActInputValue Guid="04bded55-8566-4ab3-b98d-43d2e67be8ad" Param="TargetElementType" ParentGuid="00000000-0000-0000-0000-000000000000" Value="Unknown" />
<ActInputValue Guid="c231d30f-08ad-4455-8b15-a2926ee83784" Param="HandleElementType" ParentGuid="00000000-0000-0000-0000-000000000000" Value="Unknown" />
<ActInputValue Guid="71e740b0-044d-4a51-b12e-b49551f832e4" Param="HandleActionType" ParentGuid="00000000-0000-0000-0000-000000000000" Value="Unknown" />
</InputValues>
</ActUIElement>
<ActWindowsControl Active="True" ControlAction="Click" Description="Click Maximize" Guid="3d290224-e6e0-4832-b9e4-14d02fdbf40b" MaxNumberOfRetries="2" ParentGuid="00000000-0000-0000-0000-000000000000" Platform="NA" RetryMechanismInterval="5" StatusConverter="IgnoreFail" WaitVE="0" WindowsToCapture="OnlyActiveWindow">
<InputValues>
<ActInputValue Guid="6bcd2ce2-815f-4a9f-94da-20d3c5abfc07" Param="Value" ParentGuid="00000000-0000-0000-0000-000000000000" />
<ActInputValue Guid="5e33a6dc-535e-45da-8719-b0527097c7d4" Param="LocateBy" ParentGuid="00000000-0000-0000-0000-000000000000" Value="ByName" />
<ActInputValue Guid="bebe072d-0431-441e-bd07-448a6d73da6f" Param="LocateValue" ParentGuid="00000000-0000-0000-0000-000000000000" Value="Maximize" />
</InputValues>
</ActWindowsControl>
</Acts>
</Activity></GingerRepositoryItem>