﻿<?xml version="1.0" encoding="utf-8"?>
<GingerRepositoryItem><Header ItemGuid="3cd25336-ba5d-4053-b7bb-b6d05e71e135" ItemType="Activity" CreatedBy="christian.poblete" Created="202101121632" GingerVersion="3.6.0.0" Version="1" LastUpdateBy="christian.poblete" LastUpdate="202101121632" />
<Activity ActionRunOption="StopActionsRunOnFailure" Active="True" ActivityName="Configure Add on" AutomationStatus="Automated" ErrorHandlerMappingType="AllAvailableHandlers" Guid="3cd25336-ba5d-4053-b7bb-b6d05e71e135" ParentGuid="00000000-0000-0000-0000-000000000000" PercentAutomated="100%" TargetApplication="MyJavaApp">
<Acts>
<ActBrowserElement Active="True" Description="Initialize Browser - JExplorerBrowser" EnableRetryMechanism="True" Guid="845db46b-8291-46f8-8c63-d169025086b0" ImplicitWait="60" MaxNumberOfRetries="10" ParentGuid="00000000-0000-0000-0000-000000000000" Platform="Java" RetryMechanismInterval="3" StatusConverter="None" TakeScreenShot="True" WaitVE="0" WindowsToCapture="OnlyActiveWindow">
<InputValues>
<ActInputValue Guid="8619ec9b-7f04-4dc0-a007-abf61b4b7006" Param="LocateBy" ParentGuid="00000000-0000-0000-0000-000000000000" Value="ByXPath" />
<ActInputValue Guid="7215ba83-c5fd-4cf4-a960-495f4070608c" Param="LocateValue" ParentGuid="00000000-0000-0000-0000-000000000000" Value="//com.amdocs.uif.widgets.browser.JxBrowserBrowserComponent[0]" />
<ActInputValue Guid="ae3c7585-9767-48bc-b6fa-ff5130c3fafa" Param="Value" ParentGuid="00000000-0000-0000-0000-000000000000" />
<ActInputValue Guid="7c700580-9750-4173-bd36-5b051da1acb9" Param="ControlAction" ParentGuid="00000000-0000-0000-0000-000000000000" Value="InitializeBrowser" />
<ActInputValue Guid="6f83d38f-d038-45f2-bc6c-46de997bf599" Param="GotoURLType" ParentGuid="00000000-0000-0000-0000-000000000000" Value="Current" />
<ActInputValue Guid="10fd1835-68c7-4711-b7db-a0ca4041d852" Param="URLSrc" ParentGuid="00000000-0000-0000-0000-000000000000" Value="Static" />
<ActInputValue Guid="61a71aae-a6b7-4524-9f82-27948fa8bc94" Param="PomGUID" ParentGuid="00000000-0000-0000-0000-000000000000" />
</InputValues>
</ActBrowserElement>
<ActUIElement Active="True" Description="Click : add ons menu" Guid="6cc2f85f-9b00-49e7-b79e-7ff283315a46" MaxNumberOfRetries="2" ParentGuid="00000000-0000-0000-0000-000000000000" Platform="Java" RetryMechanismInterval="5" StatusConverter="None" TakeScreenShot="True" WaitVE="0" WindowsToCapture="OnlyActiveWindow">
<InputValues>
<ActInputValue Guid="7f2fddfe-995d-4e15-9bb4-ecdf321f9565" Param="ElementAction" ParentGuid="00000000-0000-0000-0000-000000000000" Value="Click" />
<ActInputValue Guid="c1143b06-779a-433f-9c62-463de7d8dc76" Param="ElementType" ParentGuid="00000000-0000-0000-0000-000000000000" Value="Span" />
<ActInputValue Guid="cb23ee21-6b11-434c-9434-38bc58e5381d" Param="IsWidgetsElement" ParentGuid="00000000-0000-0000-0000-000000000000" Value="true" />
<ActInputValue Guid="75c53962-5ba0-4a7c-ae3e-84ebafa74f7e" Param="Value" ParentGuid="00000000-0000-0000-0000-000000000000" />
<ActInputValue Guid="b51ea09a-29dd-42b0-b5a4-25971cb6e280" Param="ElementLocateBy" ParentGuid="00000000-0000-0000-0000-000000000000" Value="ByXPath" />
<ActInputValue Guid="52f43ee8-685f-4805-8e1f-894e80675618" Param="ElementLocateValue" ParentGuid="00000000-0000-0000-0000-000000000000" Value="/html/body/div/div/div[3]/div/div/div[4]/div[2]/div/div/div/div/div/div[3]/div/div/div[2]/div/ul/li[3]/div/span" />
<ActInputValue Guid="3a5ebf47-9fce-44be-aec0-f41db7f44482" Param="ValueToSelect" ParentGuid="00000000-0000-0000-0000-000000000000" />
<ActInputValue Guid="2770e741-3638-4ba9-a50e-bee985804962" Param="TargetLocateBy" ParentGuid="00000000-0000-0000-0000-000000000000" Value="NA" />
<ActInputValue Guid="888be320-47e6-4a28-965b-dafc715777aa" Param="TargetElementType" ParentGuid="00000000-0000-0000-0000-000000000000" Value="Unknown" />
<ActInputValue Guid="11a53529-4fca-4260-acc4-25bb8dfa8034" Param="HandleElementType" ParentGuid="00000000-0000-0000-0000-000000000000" Value="Unknown" />
<ActInputValue Guid="6d3ffcf7-97c9-4f03-aef3-cfaa53f84be4" Param="HandleActionType" ParentGuid="00000000-0000-0000-0000-000000000000" Value="Unknown" />
</InputValues>
</ActUIElement>
<ActUIElement Active="True" Description="Click search addon button" EnableRetryMechanism="True" Guid="6d7c0116-86d5-4410-8985-05e032117fd8" MaxNumberOfRetries="10" ParentGuid="00000000-0000-0000-0000-000000000000" Platform="Java" RetryMechanismInterval="3" StatusConverter="None" TakeScreenShot="True" WaitVE="4" WindowsToCapture="OnlyActiveWindow">
<InputValues>
<ActInputValue Guid="24f4b924-93d7-4cf4-ae9a-833c68c8ec1e" Param="ElementAction" ParentGuid="00000000-0000-0000-0000-000000000000" Value="Click" />
<ActInputValue Guid="04da6161-75da-4fe7-aefc-743ad5e3002a" Param="ElementType" ParentGuid="00000000-0000-0000-0000-000000000000" Value="Span" />
<ActInputValue Guid="57d35b37-f063-4199-802c-0f532beffe31" Param="IsWidgetsElement" ParentGuid="00000000-0000-0000-0000-000000000000" Value="true" />
<ActInputValue Guid="4e62e06d-c648-4fe2-b30a-ac715b27b168" Param="Value" ParentGuid="00000000-0000-0000-0000-000000000000" />
<ActInputValue Guid="87894d4e-5d79-42eb-9fb0-46195fda8b55" Param="ElementLocateBy" ParentGuid="00000000-0000-0000-0000-000000000000" Value="ByRelXPath" />
<ActInputValue Guid="80eaac11-34ae-4a4a-ac14-51732ae64dfb" Param="ElementLocateValue" ParentGuid="00000000-0000-0000-0000-000000000000" Value="//div[4]/span" />
<ActInputValue Guid="0eac4a3f-d189-4fc4-9498-8001e6c25bcb" Param="XCoordinate" ParentGuid="00000000-0000-0000-0000-000000000000" />
<ActInputValue Guid="aa681222-7fcf-4dad-835c-2491d3a1ce0b" Param="ValueToSelect" ParentGuid="00000000-0000-0000-0000-000000000000" />
<ActInputValue Guid="86b5fbf0-062f-4d7c-9611-ac7a29be1609" Param="YCoordinate" ParentGuid="00000000-0000-0000-0000-000000000000" />
<ActInputValue Guid="4a4eefb9-42a4-46dc-b0ff-17780e8bc90f" Param="ControlAction" ParentGuid="00000000-0000-0000-0000-000000000000" />
<ActInputValue Guid="079d872e-8c7a-4dcc-97d8-e440dafc49cb" Param="TargetLocateBy" ParentGuid="00000000-0000-0000-0000-000000000000" Value="NA" />
<ActInputValue Guid="bf103c68-1262-42f9-b2fb-afea40a60e72" Param="TargetElementType" ParentGuid="00000000-0000-0000-0000-000000000000" Value="Unknown" />
<ActInputValue Guid="e2031f2e-7b40-4645-b772-9d8912bc73e5" Param="HandleElementType" ParentGuid="00000000-0000-0000-0000-000000000000" Value="Unknown" />
<ActInputValue Guid="70d07e7a-0195-40b4-b3b4-0ebe3fa39366" Param="HandleActionType" ParentGuid="00000000-0000-0000-0000-000000000000" Value="Unknown" />
</InputValues>
</ActUIElement>
<ActUIElement Active="True" Description="SetValue : INPUT ID=searchTextInput" EnableRetryMechanism="True" Guid="0a098cf1-1a3c-4c31-9609-80e1f836a8dd" MaxNumberOfRetries="10" ParentGuid="00000000-0000-0000-0000-000000000000" Platform="Java" RetryMechanismInterval="3" StatusConverter="None" TakeScreenShot="True" WaitVE="2" WindowsToCapture="OnlyActiveWindow">
<InputValues>
<ActInputValue Guid="ef9265c2-7a11-40be-ac85-30dd145b6036" Param="ElementAction" ParentGuid="00000000-0000-0000-0000-000000000000" Value="SetValue" />
<ActInputValue Guid="cf05c7c4-6396-4404-b200-2119015fb7f0" Param="ElementType" ParentGuid="00000000-0000-0000-0000-000000000000" Value="TextBox" />
<ActInputValue Guid="3a7072bb-183e-4ecc-adfa-43a47c54aaad" Param="IsWidgetsElement" ParentGuid="00000000-0000-0000-0000-000000000000" Value="true" />
<ActInputValue Guid="4fd7b210-d7be-4df9-bd54-eecb8d233a85" Param="Value" ParentGuid="00000000-0000-0000-0000-000000000000" Value="{DS Name=DefaultDataSource DST=COP_Simplified_sanity MASD=N Query QUERY=db.COP_Simplified_sanity.select GINGER_KEY_VALUE where GINGER_KEY_NAME=&quot;Addon&quot;}" />
<ActInputValue Guid="db2414a3-bcbb-4d69-b336-3618867abf35" Param="ElementLocateBy" ParentGuid="00000000-0000-0000-0000-000000000000" Value="ByID" />
<ActInputValue Guid="fd53834c-11df-4d52-a5f4-3d30a63ec75b" Param="ElementLocateValue" ParentGuid="00000000-0000-0000-0000-000000000000" Value="searchTextInput" />
<ActInputValue Guid="0bb72a55-62ff-4c61-83d9-fd4af4500625" Param="TargetLocateBy" ParentGuid="00000000-0000-0000-0000-000000000000" Value="NA" />
<ActInputValue Guid="f2dca05c-682d-4ad8-9eed-c8362c771d92" Param="TargetElementType" ParentGuid="00000000-0000-0000-0000-000000000000" Value="Unknown" />
<ActInputValue Guid="7baa5981-04c4-46a6-8c15-5e974b8690ae" Param="HandleElementType" ParentGuid="00000000-0000-0000-0000-000000000000" Value="Unknown" />
<ActInputValue Guid="6b403e72-d975-446e-87e3-7662b1fb5189" Param="HandleActionType" ParentGuid="00000000-0000-0000-0000-000000000000" Value="Unknown" />
</InputValues>
</ActUIElement>
<ActUIElement Active="True" Description="Click : Search" Guid="5de639c1-7d2f-42d7-ac0f-849ee4534021" MaxNumberOfRetries="2" ParentGuid="00000000-0000-0000-0000-000000000000" Platform="Java" RetryMechanismInterval="5" StatusConverter="None" TakeScreenShot="True" WaitVE="0" WindowsToCapture="OnlyActiveWindow">
<InputValues>
<ActInputValue Guid="dff16113-dac0-45ca-bd14-0c3818aeb314" Param="ElementAction" ParentGuid="00000000-0000-0000-0000-000000000000" Value="Click" />
<ActInputValue Guid="bff368f3-a154-4a1f-8e20-c78b41ac648d" Param="ElementType" ParentGuid="00000000-0000-0000-0000-000000000000" Value="Button" />
<ActInputValue Guid="a866a4bd-0e28-4fb6-ab76-a9213c32cfdf" Param="IsWidgetsElement" ParentGuid="00000000-0000-0000-0000-000000000000" Value="true" />
<ActInputValue Guid="42c022ab-f593-4862-bdf9-1a262098e4da" Param="Value" ParentGuid="00000000-0000-0000-0000-000000000000" />
<ActInputValue Guid="4243fe5c-23fc-467b-88fa-3c54153d455b" Param="ElementLocateBy" ParentGuid="00000000-0000-0000-0000-000000000000" Value="ByRelXPath" />
<ActInputValue Guid="5f9a2158-ffed-48b0-a2e1-b8fd9acf56e6" Param="ElementLocateValue" ParentGuid="00000000-0000-0000-0000-000000000000" Value="//div[@id='itemListModalMPC']/div/div/div[2]/div/div/div[3]/div/div[3]/div/div/div/input[2]" />
<ActInputValue Guid="2b2e0b19-9ebe-47a7-8006-74a4aaa555e9" Param="ValueToSelect" ParentGuid="00000000-0000-0000-0000-000000000000" />
<ActInputValue Guid="e78c4f7c-5d78-4435-906f-71d1d92af491" Param="TargetLocateBy" ParentGuid="00000000-0000-0000-0000-000000000000" Value="NA" />
<ActInputValue Guid="cc576f4d-0abd-4736-968e-5a06521b3cff" Param="TargetElementType" ParentGuid="00000000-0000-0000-0000-000000000000" Value="Unknown" />
<ActInputValue Guid="56dae7e1-03d2-4a3d-92f6-a215b999f51b" Param="HandleElementType" ParentGuid="00000000-0000-0000-0000-000000000000" Value="Unknown" />
<ActInputValue Guid="102ba6a6-486d-4059-ac13-18c372f6983b" Param="HandleActionType" ParentGuid="00000000-0000-0000-0000-000000000000" Value="Unknown" />
</InputValues>
</ActUIElement>
<ActUIElement Active="True" Description="Click : Btton Add" EnableRetryMechanism="True" Guid="b03210fb-1c8d-4d52-b81d-3b30f83043fe" MaxNumberOfRetries="10" ParentGuid="00000000-0000-0000-0000-000000000000" Platform="Java" RetryMechanismInterval="3" StatusConverter="None" TakeScreenShot="True" WaitVE="2" WindowsToCapture="OnlyActiveWindow">
<InputValues>
<ActInputValue Guid="8c5d9208-93a9-4f92-a576-fd3debd7a63b" Param="ElementAction" ParentGuid="00000000-0000-0000-0000-000000000000" Value="Click" />
<ActInputValue Guid="19f8bfde-745d-40bb-a8e8-642d73b73612" Param="ElementType" ParentGuid="00000000-0000-0000-0000-000000000000" Value="Button" />
<ActInputValue Guid="a84de83a-f218-4e96-88cd-a185b3c96b35" Param="IsWidgetsElement" ParentGuid="00000000-0000-0000-0000-000000000000" Value="true" />
<ActInputValue Guid="98f2b0f5-1c9f-4713-bf21-1cc09b307826" Param="Value" ParentGuid="00000000-0000-0000-0000-000000000000" />
<ActInputValue Guid="ad83f67d-b9dd-4726-8d7b-38eab94b915d" Param="ElementLocateBy" ParentGuid="00000000-0000-0000-0000-000000000000" Value="ByRelXPath" />
<ActInputValue Guid="2972124c-c431-4b4e-ae35-9d09f3392057" Param="ElementLocateValue" ParentGuid="00000000-0000-0000-0000-000000000000" Value="//div[@id='itemListModalMPC']/div/div/div[2]/div/div/div[3]/div/div[4]/div/div/div[3]/div/ul/li[2]/div[2]/div/div/div[2]/div/button[2]" />
<ActInputValue Guid="015b1d20-2dbb-45f2-9d13-990ff8eef15d" Param="ValueToSelect" ParentGuid="00000000-0000-0000-0000-000000000000" />
<ActInputValue Guid="64c7c027-dd4e-4bb7-bd9e-001552e61b6d" Param="TargetLocateBy" ParentGuid="00000000-0000-0000-0000-000000000000" Value="NA" />
<ActInputValue Guid="a06f9651-8137-43d6-9b4a-310ede36b059" Param="TargetElementType" ParentGuid="00000000-0000-0000-0000-000000000000" Value="Unknown" />
<ActInputValue Guid="5e1a256b-4653-4438-9ebe-2dac23120bc4" Param="HandleElementType" ParentGuid="00000000-0000-0000-0000-000000000000" Value="Unknown" />
<ActInputValue Guid="f27c2c28-7562-457a-b926-e4acd961031e" Param="HandleActionType" ParentGuid="00000000-0000-0000-0000-000000000000" Value="Unknown" />
</InputValues>
</ActUIElement>
<ActUIElement Active="True" Description="Click : BUTTON" Guid="6f2eed1c-bcb6-4b5e-9bd7-d8226e4af831" MaxNumberOfRetries="2" ParentGuid="00000000-0000-0000-0000-000000000000" Platform="NA" RetryMechanismInterval="5" StatusConverter="None" TakeScreenShot="True" WaitVE="0" WindowsToCapture="OnlyActiveWindow">
<InputValues>
<ActInputValue Guid="b7fe39dc-f328-4a02-adf3-dbd3fa278082" Param="ElementAction" ParentGuid="00000000-0000-0000-0000-000000000000" Value="Click" />
<ActInputValue Guid="60220dbf-a8c1-49aa-a8bd-f6fe7b6f83a3" Param="ElementType" ParentGuid="00000000-0000-0000-0000-000000000000" Value="Button" />
<ActInputValue Guid="80e35859-7976-4672-9ca2-9cd39244090c" Param="IsWidgetsElement" ParentGuid="00000000-0000-0000-0000-000000000000" Value="true" />
<ActInputValue Guid="500164ef-c6c5-47e3-94fa-fbca5bc748ba" Param="Value" ParentGuid="00000000-0000-0000-0000-000000000000" />
<ActInputValue Guid="13de2d08-08c7-4919-ad84-6e3fc8c69d32" Param="ElementLocateBy" ParentGuid="00000000-0000-0000-0000-000000000000" Value="ByRelXPath" />
<ActInputValue Guid="a166e461-301e-474d-b432-73f0c07c172e" Param="ElementLocateValue" ParentGuid="00000000-0000-0000-0000-000000000000" Value="//div[@id='itemListModalMPC']/div/div/div[2]/div/div/div[4]/button" />
<ActInputValue Guid="913e7b31-0ef7-4a73-a557-1ab31d5560d8" Param="ValueToSelect" ParentGuid="00000000-0000-0000-0000-000000000000" />
<ActInputValue Guid="cfe8527a-bafd-4074-ac19-3f7ef8699198" Param="TargetLocateBy" ParentGuid="00000000-0000-0000-0000-000000000000" Value="NA" />
<ActInputValue Guid="212acf9d-9192-4afc-8fad-ca55f531b316" Param="TargetElementType" ParentGuid="00000000-0000-0000-0000-000000000000" Value="Unknown" />
<ActInputValue Guid="5b7b9a7b-e0c3-4536-ba83-a45064708485" Param="HandleElementType" ParentGuid="00000000-0000-0000-0000-000000000000" Value="Unknown" />
<ActInputValue Guid="e71e50c7-e898-4f95-b5ed-08e485ec0996" Param="HandleActionType" ParentGuid="00000000-0000-0000-0000-000000000000" Value="Unknown" />
</InputValues>
</ActUIElement>
<ActUIElement Active="True" Description="Verify add on is added" EnableRetryMechanism="True" Guid="23b5de67-1b74-442f-8313-adc5134e4e7e" MaxNumberOfRetries="4" ParentGuid="00000000-0000-0000-0000-000000000000" Platform="Java" RetryMechanismInterval="3" StatusConverter="None" TakeScreenShot="True" WaitVE="2" WindowsToCapture="OnlyActiveWindow">
<InputValues>
<ActInputValue Guid="397be062-a858-4316-9941-c8c6a7a35fb6" Param="ElementAction" ParentGuid="00000000-0000-0000-0000-000000000000" Value="GetValue" />
<ActInputValue Guid="64d3697f-63f9-4a27-8733-77036af43e97" Param="ElementType" ParentGuid="00000000-0000-0000-0000-000000000000" Value="Div" />
<ActInputValue Guid="d916c934-6b39-4a6a-9510-b1e3dd5d498f" Param="IsWidgetsElement" ParentGuid="00000000-0000-0000-0000-000000000000" Value="true" />
<ActInputValue Guid="12e81720-f3fd-4105-a7ce-f887ec9506b7" Param="Value" ParentGuid="00000000-0000-0000-0000-000000000000" />
<ActInputValue Guid="cdc0500c-e910-4b15-9180-55ab4d91f1e4" Param="ElementLocateBy" ParentGuid="00000000-0000-0000-0000-000000000000" Value="ByXPath" />
<ActInputValue Guid="7a5f335c-b523-4448-bf07-425c3edf7e33" Param="ElementLocateValue" ParentGuid="00000000-0000-0000-0000-000000000000" Value="//div/div[2]/div[2]/div[4]" />
<ActInputValue Guid="36573933-3eda-4ee6-9122-d767a570b9d9" Param="TargetLocateBy" ParentGuid="00000000-0000-0000-0000-000000000000" Value="NA" />
<ActInputValue Guid="61efb49c-c555-482b-baaf-b896928dc1f1" Param="TargetElementType" ParentGuid="00000000-0000-0000-0000-000000000000" Value="Unknown" />
<ActInputValue Guid="18a1ec42-21d5-4ac9-af93-987c8a2a4d2d" Param="HandleElementType" ParentGuid="00000000-0000-0000-0000-000000000000" Value="Unknown" />
<ActInputValue Guid="9d631000-3143-4aa3-86f5-27c5eddb2b0a" Param="HandleActionType" ParentGuid="00000000-0000-0000-0000-000000000000" Value="Unknown" />
</InputValues>

<ReturnValues>
<ActReturnValue Active="True" Guid="33970736-1c8c-4f2d-98c4-d55ede1cf885" mExpected="{Var Name=Add on}" Operator="Contains" Param="Actual0" ParentGuid="00000000-0000-0000-0000-000000000000" StoreTo="None" />
</ReturnValues>
</ActUIElement>
</Acts>

<Variables>
<VariableString Guid="1980d5f7-1f26-4082-a133-89583e1373e2" InitialStringValue="Showtime" MappedOutputType="None" Name="Add on" ParentGuid="00000000-0000-0000-0000-000000000000" SetAsOutputValue="False" />
</Variables>
</Activity></GingerRepositoryItem>