﻿<?xml version="1.0" encoding="utf-8"?>
<GingerRepositoryItem><Header ItemGuid="f85688c9-7272-4e2d-948a-f1a7ee9fcbac" ItemType="Activity" CreatedBy="christian.poblete" Created="202101151831" GingerVersion="3.6.0.0" Version="2" LastUpdateBy="christian.poblete" LastUpdate="202101281911" />
<Activity ActionRunOption="StopActionsRunOnFailure" Active="True" ActivityName="Create Billing profile" AutomationStatus="Automated" ErrorHandlerMappingType="AllAvailableHandlers" Guid="f85688c9-7272-4e2d-948a-f1a7ee9fcbac" ParentGuid="00000000-0000-0000-0000-000000000000" PercentAutomated="100%" TargetApplication="MyJavaApp">
<Acts>
<ActUIElement Active="True" Description="Validate Create billing profile screen is open" EnableRetryMechanism="True" Guid="2c8db2d3-afed-4378-993a-51bd40463f15" MaxNumberOfRetries="2" ParentGuid="00000000-0000-0000-0000-000000000000" Platform="Java" RetryMechanismInterval="5" StatusConverter="None" TakeScreenShot="True" WaitVE="2" WindowsToCapture="OnlyActiveWindow">
<FlowControls>
<FlowControl Active="True" BusinessFlowControlAction="GoToBusinessFlow" FlowControlAction="StopRun" Guid="7f4e2389-aaaf-4755-9d27-f1d52c076eca" Operator="ActionFailed" ParentGuid="00000000-0000-0000-0000-000000000000" />
</FlowControls>

<InputValues>
<ActInputValue Guid="7fa693d3-cf0d-41f4-a5db-dabb045d81cb" Param="ElementAction" ParentGuid="00000000-0000-0000-0000-000000000000" Value="IsVisible" />
<ActInputValue Guid="c12c62d9-58cd-427b-bb4b-243e185a1919" Param="ElementType" ParentGuid="00000000-0000-0000-0000-000000000000" Value="TextBox" />
<ActInputValue Guid="603bbde7-5908-4d8f-ae44-120bd1c72604" Param="Value" ParentGuid="00000000-0000-0000-0000-000000000000" />
<ActInputValue Guid="cffc80f2-879e-40e4-a73d-337208bc99f5" Param="ElementLocateBy" ParentGuid="00000000-0000-0000-0000-000000000000" Value="ByXPath" />
<ActInputValue Guid="19331a47-5934-4037-9182-402ae61abbf3" Param="ElementLocateValue" ParentGuid="00000000-0000-0000-0000-000000000000" Value="/javax.swing.JRootPane[0]/null.layeredPane/null.contentPane/javax.swing.JSplitPane[0]/com.amdocs.uif.workspace.desktop.AppDesktopPane[0]/com.crmimpl.crm.isales.billingprofile.XCreateBillingProfile/javax.swing.JRootPane[0]/null.layeredPane/root/javax.swing.JViewport[0]/root/pnlFA/clfy89/subform_contact_comp/root/[[Name:txt_contact_first_name][ClassName:com.amdocs.uif.widgets.TextFieldNative$1]]" />
<ActInputValue Guid="9e78f95c-89f9-4d2b-8da3-1ce7395d8327" Param="IsWidgetsElement" ParentGuid="00000000-0000-0000-0000-000000000000" Value="false" />
<ActInputValue Guid="401d5081-5cd6-402f-8e3e-b9eeadc5768b" Param="WaitforIdle" ParentGuid="00000000-0000-0000-0000-000000000000" Value="None" />
<ActInputValue Guid="ecde6c30-180d-4a55-b29f-fd368ba24acd" Param="TargetLocateBy" ParentGuid="00000000-0000-0000-0000-000000000000" Value="NA" />
<ActInputValue Guid="5540b7b0-fd38-4833-a49f-115d112017f1" Param="TargetElementType" ParentGuid="00000000-0000-0000-0000-000000000000" Value="Unknown" />
<ActInputValue Guid="f0fc926e-d8e9-4ad6-aca5-c03311782106" Param="HandleElementType" ParentGuid="00000000-0000-0000-0000-000000000000" Value="Unknown" />
<ActInputValue Guid="39ec1b07-075b-472a-b44b-8dc0ec925c30" Param="HandleActionType" ParentGuid="00000000-0000-0000-0000-000000000000" Value="Unknown" />
</InputValues>

<ReturnValues>
<ActReturnValue Active="True" Guid="178ab374-ed85-4a74-9a00-f02d078cae31" mExpected="true" Operator="Equals" Param="Actual0" ParentGuid="00000000-0000-0000-0000-000000000000" StoreTo="None" />
</ReturnValues>
</ActUIElement>
<ActUIElement Active="True" Description="GetValue : Retrieve Customer ID" Guid="4e7a170d-3b01-4315-bc8d-29a6854f4a85" MaxNumberOfRetries="2" ParentGuid="00000000-0000-0000-0000-000000000000" Platform="Java" RetryMechanismInterval="5" StatusConverter="None" TakeScreenShot="True" WaitVE="0" WindowsToCapture="OnlyActiveWindow">
<InputValues>
<ActInputValue Guid="6e8f43df-c749-496e-b4f5-d681d54cfcab" Param="ElementAction" ParentGuid="00000000-0000-0000-0000-000000000000" Value="GetValue" />
<ActInputValue Guid="3e0cb3e3-ea8c-44ad-ae2d-797589690086" Param="ElementType" ParentGuid="00000000-0000-0000-0000-000000000000" Value="TextBox" />
<ActInputValue Guid="379fead8-289d-4a87-96df-edae0d4cdbd6" Param="Value" ParentGuid="00000000-0000-0000-0000-000000000000" />
<ActInputValue Guid="c73f5710-6649-4a8a-9780-c294ba130521" Param="ElementLocateBy" ParentGuid="00000000-0000-0000-0000-000000000000" Value="ByXPath" />
<ActInputValue Guid="e8c53fbc-f170-4770-bc79-1c79d115b6a0" Param="ElementLocateValue" ParentGuid="00000000-0000-0000-0000-000000000000" Value="/javax.swing.JRootPane[0]/null.layeredPane/null.contentPane/javax.swing.JSplitPane[0]/com.amdocs.uif.workspace.desktop.AppDesktopPane[0]/com.crmimpl.crm.isales.billingprofile.XCreateBillingProfile/javax.swing.JRootPane[0]/null.layeredPane/root/javax.swing.JViewport[0]/root/pnlCustomerDetails/[[Name:txt_customer_id][ClassName:com.amdocs.uif.widgets.TextFieldNative$1]]" />
<ActInputValue Guid="8aa81cfd-4ffa-42f5-8375-e8207a6518e8" Param="IsWidgetsElement" ParentGuid="00000000-0000-0000-0000-000000000000" Value="false" />
<ActInputValue Guid="e6a0fd65-c66a-4bce-b796-05004ca53ad3" Param="WaitforIdle" ParentGuid="00000000-0000-0000-0000-000000000000" Value="None" />
<ActInputValue Guid="407eed01-e5df-4529-9fde-677ba5acbee6" Param="TargetLocateBy" ParentGuid="00000000-0000-0000-0000-000000000000" Value="NA" />
<ActInputValue Guid="f7888ebf-16b2-4abc-a37d-ca8dfee640f2" Param="TargetElementType" ParentGuid="00000000-0000-0000-0000-000000000000" Value="Unknown" />
<ActInputValue Guid="393c3f70-a086-4839-baa3-18888eb082ce" Param="HandleElementType" ParentGuid="00000000-0000-0000-0000-000000000000" Value="Unknown" />
<ActInputValue Guid="b7b7f75b-d33c-44d6-90a0-bff84bcd9872" Param="HandleActionType" ParentGuid="00000000-0000-0000-0000-000000000000" Value="Unknown" />
</InputValues>

<ReturnValues>
<ActReturnValue Active="True" Guid="23f2a7d6-cc04-455b-9b5a-1b64203be1fb" Operator="Equals" Param="Actual0" ParentGuid="00000000-0000-0000-0000-000000000000" StoreTo="GlobalVariable" StoreToValue="80615315-dec8-4b1f-8266-bdd83f5ee25d" />
</ReturnValues>
</ActUIElement>
<ActUIElement Active="True" Description="Update account name" Guid="0237b9d9-038a-4a93-8cc3-a0b0f45114b1" MaxNumberOfRetries="2" ParentGuid="00000000-0000-0000-0000-000000000000" Platform="Java" RetryMechanismInterval="5" StatusConverter="None" TakeScreenShot="True" WaitVE="0" WindowsToCapture="OnlyActiveWindow">
<InputValues>
<ActInputValue Guid="35603a7e-1bbe-4c48-9792-a64e5293de7c" Param="ElementLocateBy" ParentGuid="00000000-0000-0000-0000-000000000000" Value="ByXPath" />
<ActInputValue Guid="c3bc6b54-fb0c-4c0b-8fb7-19dca7c735b1" Param="ElementLocateValue" ParentGuid="00000000-0000-0000-0000-000000000000" Value="/javax.swing.JRootPane[0]/null.layeredPane/null.contentPane/javax.swing.JSplitPane[0]/com.amdocs.uif.workspace.desktop.AppDesktopPane[0]/com.crmimpl.crm.isales.billingprofile.XCreateBillingProfile/javax.swing.JRootPane[0]/null.layeredPane/root/javax.swing.JViewport[0]/root/pnlFA/pnlFinAccntDetails/[[Name:txtName][ClassName:com.amdocs.uif.widgets.TextFieldNative$1]]" />
<ActInputValue Guid="0f754c21-2686-4143-afc1-4f34328913b5" Param="Value" ParentGuid="00000000-0000-0000-0000-000000000000" Value="accountnameBP{CS Exp=DateTimeOffset.UtcNow.ToUnixTimeSeconds()}" />
<ActInputValue Guid="118d6411-06dc-46ad-a745-9aa07ff07620" Param="ElementType" ParentGuid="00000000-0000-0000-0000-000000000000" Value="TextBox" />
<ActInputValue Guid="7832d0a2-af55-402e-ae04-8f6b3313882d" Param="ElementAction" ParentGuid="00000000-0000-0000-0000-000000000000" Value="SetValue" />
<ActInputValue Guid="471a083f-d356-47b6-a1cc-0d5a6aa72414" Param="IsWidgetsElement" ParentGuid="00000000-0000-0000-0000-000000000000" Value="false" />
<ActInputValue Guid="0015dd9e-ecd1-46df-826b-381d5419fdea" Param="WaitforIdle" ParentGuid="00000000-0000-0000-0000-000000000000" Value="None" />
<ActInputValue Guid="790d84e1-a70f-429b-b6b8-df2d367741dd" Param="TargetLocateBy" ParentGuid="00000000-0000-0000-0000-000000000000" Value="NA" />
<ActInputValue Guid="f327f1f9-30dd-42f2-8a2f-69263c456824" Param="TargetElementType" ParentGuid="00000000-0000-0000-0000-000000000000" Value="Unknown" />
<ActInputValue Guid="3b0a30de-e000-4c33-b565-88c2aa6809d4" Param="HandleElementType" ParentGuid="00000000-0000-0000-0000-000000000000" Value="Unknown" />
<ActInputValue Guid="6cfd37ce-079f-4704-88b3-a5696db3dbe5" Param="HandleActionType" ParentGuid="00000000-0000-0000-0000-000000000000" Value="Unknown" />
</InputValues>
</ActUIElement>
<ActUIElement Active="True" Description="Disable checkbox Pay means" Guid="f516b20a-cf83-497f-85a2-81d75341237c" MaxNumberOfRetries="2" ParentGuid="00000000-0000-0000-0000-000000000000" Platform="Java" RetryMechanismInterval="5" StatusConverter="None" TakeScreenShot="True" WaitVE="0" WindowsToCapture="OnlyActiveWindow">
<InputValues>
<ActInputValue Guid="b3e6e4b6-8009-4436-b705-81b20ac4af20" Param="ElementLocateBy" ParentGuid="00000000-0000-0000-0000-000000000000" Value="ByXPath" />
<ActInputValue Guid="253469fc-4ad6-4ac2-9853-744ad68083ef" Param="ElementLocateValue" ParentGuid="00000000-0000-0000-0000-000000000000" Value="/javax.swing.JRootPane[0]/null.layeredPane/null.contentPane/javax.swing.JSplitPane[0]/com.amdocs.uif.workspace.desktop.AppDesktopPane[0]/com.crmimpl.crm.isales.billingprofile.XCreateBillingProfile/javax.swing.JRootPane[0]/null.layeredPane/root/javax.swing.JViewport[0]/root/pnlPayMeansAndBilling/clfy120/Panel_3_23/[[Name:cb_pm_cash][ClassName:javax.swing.JCheckBox]]" />
<ActInputValue Guid="323ff8f6-e5db-4d15-9c20-420561ca3804" Param="ElementType" ParentGuid="00000000-0000-0000-0000-000000000000" Value="CheckBox" />
<ActInputValue Guid="1df78ba2-e38d-473f-a90c-da7eaee6548f" Param="ElementAction" ParentGuid="00000000-0000-0000-0000-000000000000" Value="Toggle" />
<ActInputValue Guid="8d0ecb79-ccf6-4585-9538-ae57b6bfca04" Param="IsWidgetsElement" ParentGuid="00000000-0000-0000-0000-000000000000" Value="false" />
<ActInputValue Guid="17d82b4d-0f7f-4aac-840a-59cc9977485d" Param="WaitforIdle" ParentGuid="00000000-0000-0000-0000-000000000000" Value="None" />
<ActInputValue Guid="41485565-765f-4815-8edf-85170acc7bd4" Param="TargetLocateBy" ParentGuid="00000000-0000-0000-0000-000000000000" Value="NA" />
<ActInputValue Guid="bfc17edc-b975-442f-9d9f-93f13f66e9be" Param="TargetElementType" ParentGuid="00000000-0000-0000-0000-000000000000" Value="Unknown" />
<ActInputValue Guid="16b069cb-1c4b-4d6b-864a-28c996e34243" Param="HandleElementType" ParentGuid="00000000-0000-0000-0000-000000000000" Value="Unknown" />
<ActInputValue Guid="c0248c0d-4325-40e0-817f-9075d83da67b" Param="HandleActionType" ParentGuid="00000000-0000-0000-0000-000000000000" Value="Unknown" />
</InputValues>
</ActUIElement>
<ActUIElement Active="True" Description="Disable checkbox New pay mean" Guid="43e555c6-33e3-4261-86a0-bf17d2755c83" MaxNumberOfRetries="2" ParentGuid="00000000-0000-0000-0000-000000000000" Platform="Java" RetryMechanismInterval="5" StatusConverter="None" TakeScreenShot="True" WaitVE="0" WindowsToCapture="OnlyActiveWindow">
<InputValues>
<ActInputValue Guid="3aa41690-7a94-4d3c-b497-b5c1a15ed54d" Param="ElementLocateBy" ParentGuid="00000000-0000-0000-0000-000000000000" Value="ByXPath" />
<ActInputValue Guid="c586ce48-548e-4c43-b039-720009e1e245" Param="ElementLocateValue" ParentGuid="00000000-0000-0000-0000-000000000000" Value="/javax.swing.JRootPane[0]/null.layeredPane/null.contentPane/javax.swing.JSplitPane[0]/com.amdocs.uif.workspace.desktop.AppDesktopPane[0]/com.crmimpl.crm.isales.billingprofile.XCreateBillingProfile/javax.swing.JRootPane[0]/null.layeredPane/root/javax.swing.JViewport[0]/root/pnlPayMeansAndBilling/clfy120/subform_pm_create_comp/root/pnlType/[[Name:newPMcheckbox][ClassName:javax.swing.JCheckBox]]" />
<ActInputValue Guid="7b944962-958f-463f-951c-b4fb84f0b645" Param="ElementType" ParentGuid="00000000-0000-0000-0000-000000000000" Value="CheckBox" />
<ActInputValue Guid="fd72c49a-4d65-4d8e-abd0-3d4a09fbd28a" Param="ElementAction" ParentGuid="00000000-0000-0000-0000-000000000000" Value="Toggle" />
<ActInputValue Guid="3841ff22-61f0-4502-83dc-7e86f2363bce" Param="IsWidgetsElement" ParentGuid="00000000-0000-0000-0000-000000000000" Value="false" />
<ActInputValue Guid="6d7dd8ee-1660-4f6c-8672-559af34b95ef" Param="WaitforIdle" ParentGuid="00000000-0000-0000-0000-000000000000" Value="None" />
<ActInputValue Guid="093b6d66-233a-4b7b-827e-0a0ebe5bc357" Param="TargetLocateBy" ParentGuid="00000000-0000-0000-0000-000000000000" Value="NA" />
<ActInputValue Guid="2c574067-ea00-41b6-b990-dfd42c47ef18" Param="TargetElementType" ParentGuid="00000000-0000-0000-0000-000000000000" Value="Unknown" />
<ActInputValue Guid="c2b9ee10-ddbc-4a9e-bf53-e7083f07ba3b" Param="HandleElementType" ParentGuid="00000000-0000-0000-0000-000000000000" Value="Unknown" />
<ActInputValue Guid="1766f3aa-8b40-4118-ae73-b903d50b4803" Param="HandleActionType" ParentGuid="00000000-0000-0000-0000-000000000000" Value="Unknown" />
</InputValues>
</ActUIElement>
<ActUIElement Active="True" Description="Select RadioButton'Save and Close Window'" Guid="f2de3dce-6097-4f92-9677-f640710f9425" MaxNumberOfRetries="2" ParentGuid="00000000-0000-0000-0000-000000000000" Platform="Java" RetryMechanismInterval="5" StatusConverter="None" TakeScreenShot="True" WaitVE="0" WindowsToCapture="OnlyActiveWindow">
<ActionLogConfig>
<ActionLogConfig Guid="399e0f26-ac4b-4613-aff3-c25ebe951af2" ParentGuid="00000000-0000-0000-0000-000000000000" />
</ActionLogConfig>

<InputValues>
<ActInputValue Guid="f94882b2-aadf-443c-b6f5-21d3ead1051c" Param="ElementLocateBy" ParentGuid="00000000-0000-0000-0000-000000000000" Value="ByXPath" />
<ActInputValue Guid="153ebf94-c59e-4938-a3e4-4d210799b8e8" Param="ElementLocateValue" ParentGuid="00000000-0000-0000-0000-000000000000" Value="/javax.swing.JRootPane[0]/null.layeredPane/null.contentPane/javax.swing.JSplitPane[0]/com.amdocs.uif.workspace.desktop.AppDesktopPane[0]/com.crmimpl.crm.isales.billingprofile.XCreateBillingProfile/javax.swing.JRootPane[0]/null.layeredPane/root/javax.swing.JViewport[0]/root/clfy150/[[Name:radBtn_saveAndClose][ClassName:javax.swing.JRadioButton]]" />
<ActInputValue Guid="258a836e-9f0c-41b8-b785-51f6457b4498" Param="ElementType" ParentGuid="00000000-0000-0000-0000-000000000000" Value="RadioButton" />
<ActInputValue Guid="c6e70ab5-8e2f-4032-8a0b-319fa69eb3dd" Param="ElementAction" ParentGuid="00000000-0000-0000-0000-000000000000" Value="Select" />
<ActInputValue Guid="59d19eef-87cd-4d03-84e3-00ba1d8193f6" Param="TargetLocateBy" ParentGuid="00000000-0000-0000-0000-000000000000" Value="NA" />
<ActInputValue Guid="545f4743-5a6b-40f9-98d9-4a37beacecaf" Param="TargetElementType" ParentGuid="00000000-0000-0000-0000-000000000000" Value="Unknown" />
<ActInputValue Guid="6a56e5a1-2e78-4852-9ecc-7b3fffe89a8d" Param="HandleElementType" ParentGuid="00000000-0000-0000-0000-000000000000" Value="Unknown" />
<ActInputValue Guid="66432c13-edd2-4acd-9e2a-54d735cd37db" Param="HandleActionType" ParentGuid="00000000-0000-0000-0000-000000000000" Value="Unknown" />
<ActInputValue Guid="cd14725b-4dd9-4ae6-836c-c8d5b0ccd803" Param="IsWidgetsElement" ParentGuid="00000000-0000-0000-0000-000000000000" Value="false" />
<ActInputValue Guid="f358ccee-0a34-42a2-8175-72266451724a" Param="WaitforIdle" ParentGuid="00000000-0000-0000-0000-000000000000" Value="None" />
</InputValues>
</ActUIElement>
<ActUIElement Active="True" Description="Click Button 'Save'" Guid="5e07946d-c5d7-4cc1-b85b-4139446ee5a9" MaxNumberOfRetries="2" ParentGuid="00000000-0000-0000-0000-000000000000" Platform="Java" RetryMechanismInterval="5" StatusConverter="None" TakeScreenShot="True" WaitVE="0" WindowsToCapture="OnlyActiveWindow">
<InputValues>
<ActInputValue Guid="3fbb0c30-e6db-4143-85ce-fdd36754303b" Param="ElementLocateBy" ParentGuid="00000000-0000-0000-0000-000000000000" Value="ByXPath" />
<ActInputValue Guid="541a3897-af52-4f14-9eed-5b9d7128f3a5" Param="ElementLocateValue" ParentGuid="00000000-0000-0000-0000-000000000000" Value="/javax.swing.JRootPane[0]/null.layeredPane/null.contentPane/javax.swing.JSplitPane[0]/com.amdocs.uif.workspace.desktop.AppDesktopPane[0]/com.crmimpl.crm.isales.billingprofile.XCreateBillingProfile/javax.swing.JRootPane[0]/null.layeredPane/root/javax.swing.JViewport[0]/root/clfy150/[[Name:btn_save][ClassName:com.amdocs.uif.widgets.ButtonNative$JXButton]]" />
<ActInputValue Guid="d8878122-5107-41ff-9683-86bc38ffcdbc" Param="Value" ParentGuid="00000000-0000-0000-0000-000000000000" Value="Save" />
<ActInputValue Guid="c91de791-cab5-48a6-be31-b72d246e1095" Param="ElementType" ParentGuid="00000000-0000-0000-0000-000000000000" Value="Button" />
<ActInputValue Guid="9f4769a2-f261-4ba9-a9e7-bc6ad686e3b4" Param="ElementAction" ParentGuid="00000000-0000-0000-0000-000000000000" Value="Click" />
<ActInputValue Guid="83d64994-e39f-4b54-a756-4010a27a8d82" Param="WaitforIdle" ParentGuid="00000000-0000-0000-0000-000000000000" Value="Medium" />
<ActInputValue Guid="43b29860-7208-414b-9244-a130cde730c6" Param="IsWidgetsElement" ParentGuid="00000000-0000-0000-0000-000000000000" Value="false" />
<ActInputValue Guid="fc68cc13-eaf9-4e92-a501-54ab7d663a96" Param="TargetLocateBy" ParentGuid="00000000-0000-0000-0000-000000000000" Value="NA" />
<ActInputValue Guid="89b8c201-79e9-433b-93bf-544bb6f0f7a9" Param="TargetElementType" ParentGuid="00000000-0000-0000-0000-000000000000" Value="Unknown" />
<ActInputValue Guid="d099d47b-6517-410f-b8f5-4a3b788d426d" Param="HandleElementType" ParentGuid="00000000-0000-0000-0000-000000000000" Value="Unknown" />
<ActInputValue Guid="2384ec89-1d41-4f14-a4d5-42ae339ef11f" Param="HandleActionType" ParentGuid="00000000-0000-0000-0000-000000000000" Value="Unknown" />
</InputValues>
</ActUIElement>
<ActDBValidation Active="True" AppName="MyJavaApp" DBName="ABP" DBValidationType="FreeSQL" Description="DataBase Action- Validate table Customer" EnableRetryMechanism="True" Guid="e4d63d66-6fea-4bef-aadc-642856a7ca2d" MaxNumberOfRetries="5" ParentGuid="00000000-0000-0000-0000-000000000000" Platform="NA" RetryMechanismInterval="3" StatusConverter="None" TakeScreenShot="True" WaitVE="0" WindowsToCapture="OnlyActiveWindow">
<InputValues>
<ActInputValue Guid="1cfd3f23-2392-4643-8866-b653bc50c0fb" Param="SQL" ParentGuid="00000000-0000-0000-0000-000000000000" Value="select count (1) from customer where customer_id = {Var Name=Output Customer ID}" />
<ActInputValue Guid="5ecead3d-2162-4d43-ab06-9b464d407f50" Param="QueryTypeRadioButton" ParentGuid="00000000-0000-0000-0000-000000000000" Value="FreeSQL" />
<ActInputValue Guid="6ad1017d-c5f2-4b5d-a0a6-06958357960e" Param="QueryFile" ParentGuid="00000000-0000-0000-0000-000000000000" />
<ActInputValue Guid="e784fef0-3a8a-48db-8ae8-aa25d7b71ab2" Param="CommitDB" ParentGuid="00000000-0000-0000-0000-000000000000" />
</InputValues>

<ReturnValues>
<ActReturnValue Active="True" Guid="b8e650e0-7296-42d4-8797-90704fb58e8f" mExpected="1" Operator="Equals" Param="COUNT(1)" ParentGuid="00000000-0000-0000-0000-000000000000" StoreTo="None" />
</ReturnValues>
</ActDBValidation>
<ActDBValidation Active="True" AppName="MyJavaApp" DBName="ABP" DBValidationType="FreeSQL" Description="DataBase Action - validate BL1_customer" EnableRetryMechanism="True" Guid="daecf7a1-52ea-42f4-87b4-a1e10491777b" MaxNumberOfRetries="3" ParentGuid="00000000-0000-0000-0000-000000000000" Platform="NA" RetryMechanismInterval="3" StatusConverter="None" TakeScreenShot="True" WaitVE="0" WindowsToCapture="OnlyActiveWindow">
<InputValues>
<ActInputValue Guid="90cd9f50-e723-4615-b8a7-300cf19d59ac" Param="SQL" ParentGuid="00000000-0000-0000-0000-000000000000" Value="select count (1) from bl1_customer where customer_id = {Var Name=Output Customer ID}" />
<ActInputValue Guid="8c1f11ed-7a36-4248-b806-0b3358610804" Param="QueryTypeRadioButton" ParentGuid="00000000-0000-0000-0000-000000000000" Value="FreeSQL" />
<ActInputValue Guid="0f774a15-a9ea-4cc8-99cf-5dc137980f56" Param="QueryFile" ParentGuid="00000000-0000-0000-0000-000000000000" />
<ActInputValue Guid="5a4b735b-79ac-43a8-89df-acb8fad698c3" Param="CommitDB" ParentGuid="00000000-0000-0000-0000-000000000000" />
</InputValues>

<ReturnValues>
<ActReturnValue Active="True" Guid="ea1ffa6e-d825-4c1f-8aa7-4b6e027923b6" mExpected="1" Operator="Equals" Param="COUNT(1)" ParentGuid="00000000-0000-0000-0000-000000000000" StoreTo="None" />
</ReturnValues>
</ActDBValidation>
<ActDBValidation Active="True" AppName="MyJavaApp" DBName="ABP" DBValidationType="FreeSQL" Description="DataBase Action - validate AR1_ACCOUNT" EnableRetryMechanism="True" Guid="09e36064-25fb-4b67-aaa3-bbc8e6b6b4a4" MaxNumberOfRetries="4" ParentGuid="00000000-0000-0000-0000-000000000000" Platform="NA" RetryMechanismInterval="3" StatusConverter="None" TakeScreenShot="True" WaitVE="0" WindowsToCapture="OnlyActiveWindow">
<InputValues>
<ActInputValue Guid="11476ec4-3c8f-47f8-b7b5-a991418181da" Param="SQL" ParentGuid="00000000-0000-0000-0000-000000000000" Value="select count (1) from ar1_account where customer_no = {Var Name=Output Customer ID}" />
<ActInputValue Guid="49f4fb92-1572-41b5-bf53-2e46efd9b091" Param="QueryTypeRadioButton" ParentGuid="00000000-0000-0000-0000-000000000000" Value="FreeSQL" />
<ActInputValue Guid="f7ee77bf-4913-4bb6-b203-ea2990c576c5" Param="QueryFile" ParentGuid="00000000-0000-0000-0000-000000000000" />
<ActInputValue Guid="026e200c-db2d-4119-86ef-df5f7dc2719a" Param="CommitDB" ParentGuid="00000000-0000-0000-0000-000000000000" />
</InputValues>

<ReturnValues>
<ActReturnValue Active="True" Guid="b0fdc417-ab0a-424d-8bc4-3f294c8cda68" mExpected="1" Operator="Equals" Param="COUNT(1)" ParentGuid="00000000-0000-0000-0000-000000000000" StoreTo="None" />
</ReturnValues>
</ActDBValidation>
<ActDBValidation Active="True" AppName="MyJavaApp" DBName="ABP" DBValidationType="FreeSQL" Description="DataBase Action - validate BL1_BLNG_ARRANGEMENT" EnableRetryMechanism="True" Guid="ed5ef2ff-3fdb-4409-ad42-080ec4acdb9a" MaxNumberOfRetries="4" ParentGuid="00000000-0000-0000-0000-000000000000" Platform="NA" RetryMechanismInterval="3" StatusConverter="None" TakeScreenShot="True" WaitVE="0" WindowsToCapture="OnlyActiveWindow">
<InputValues>
<ActInputValue Guid="b6b0996c-7393-4e36-93ff-9c1c5557b39b" Param="SQL" ParentGuid="00000000-0000-0000-0000-000000000000" Value="select count (1) from bl1_blng_arrangement where ba_customer_no = {Var Name=Output Customer ID}" />
<ActInputValue Guid="af07971e-3eb1-4ba3-a7ab-a575c47b44bc" Param="QueryTypeRadioButton" ParentGuid="00000000-0000-0000-0000-000000000000" Value="FreeSQL" />
<ActInputValue Guid="00ca21d5-dca3-4442-bdea-2831e56c8b3c" Param="QueryFile" ParentGuid="00000000-0000-0000-0000-000000000000" />
<ActInputValue Guid="3498c6b7-5b26-4de0-980e-c992270bb6ca" Param="CommitDB" ParentGuid="00000000-0000-0000-0000-000000000000" />
</InputValues>

<ReturnValues>
<ActReturnValue Active="True" Guid="ce96e9b3-818a-4e0e-8de8-330b42e1e493" mExpected="1" Operator="Equals" Param="COUNT(1)" ParentGuid="00000000-0000-0000-0000-000000000000" StoreTo="None" />
</ReturnValues>
</ActDBValidation>
</Acts>

<Variables>
<VariableString Guid="80615315-dec8-4b1f-8266-bdd83f5ee25d" InitialStringValue="102018298" MappedOutputType="None" Name="Output Customer ID" ParentGuid="00000000-0000-0000-0000-000000000000" SetAsInputValue="False" SetAsOutputValue="False" />
</Variables>
</Activity></GingerRepositoryItem>