﻿<?xml version="1.0" encoding="utf-8"?>
<GingerRepositoryItem><Header ItemGuid="7833292d-2e92-4208-a927-db67af1ddf8c" ItemType="Activity" CreatedBy="christian.poblete" Created="202101121544" GingerVersion="3.6.0.0" Version="1" LastUpdateBy="christian.poblete" LastUpdate="202101121544" />
<Activity ActionRunOption="StopActionsRunOnFailure" Active="True" ActivityName="Create Address" AutomationStatus="Automated" ErrorHandlerMappingType="AllAvailableHandlers" Guid="7833292d-2e92-4208-a927-db67af1ddf8c" ParentGuid="00000000-0000-0000-0000-000000000000" PercentAutomated="90%" TargetApplication="MyJavaApp">
<Acts>
<ActUIElement Active="True" Description="Click Button  address lookup" Guid="c65efb55-c7b3-4a36-94c2-37393d936f50" MaxNumberOfRetries="2" ParentGuid="00000000-0000-0000-0000-000000000000" Platform="Java" RetryMechanismInterval="5" StatusConverter="None" TakeScreenShot="True" WaitVE="0" WindowsToCapture="OnlyActiveWindow">
<InputValues>
<ActInputValue Guid="279ff479-1772-406e-b8e6-bad08d40897d" Param="ElementLocateBy" ParentGuid="00000000-0000-0000-0000-000000000000" Value="ByXPath" />
<ActInputValue Guid="11332714-283a-46d3-a56c-fa865bbd2a30" Param="ElementLocateValue" ParentGuid="00000000-0000-0000-0000-000000000000" Value="/javax.swing.JRootPane[0]/null.layeredPane/null.contentPane/javax.swing.JSplitPane[0]/com.amdocs.uif.workspace.desktop.AppDesktopPane[0]/com.crmimpl.crm.isales.customer.XCreateCustomer/javax.swing.JRootPane[0]/null.layeredPane/root/javax.swing.JViewport[0]/root/subformpnlAddress/root/clfy539/SearchAddress/[[Name:SearchAddress_ddbutton][ClassName:com.amdocs.uif.widgets.ButtonNative$JXButton]]" />
<ActInputValue Guid="e06cf28f-7724-43b9-a9c9-ab885f0b4eac" Param="Value" ParentGuid="00000000-0000-0000-0000-000000000000" />
<ActInputValue Guid="5b45687b-10fc-459e-ba01-c60bc51e2f4b" Param="ElementType" ParentGuid="00000000-0000-0000-0000-000000000000" Value="Button" />
<ActInputValue Guid="4a6d9b14-162a-4f28-9920-8ddc199974ba" Param="ElementAction" ParentGuid="00000000-0000-0000-0000-000000000000" Value="Click" />
<ActInputValue Guid="caf96a4e-5d5c-4cf4-9a0a-f40e5b174e72" Param="WaitforIdle" ParentGuid="00000000-0000-0000-0000-000000000000" Value="Medium" />
<ActInputValue Guid="a11f47a6-d892-45ec-8296-5608cadd1047" Param="IsWidgetsElement" ParentGuid="00000000-0000-0000-0000-000000000000" Value="false" />
<ActInputValue Guid="d6c87bed-69a3-44db-b415-0ac7050e1e4b" Param="TargetLocateBy" ParentGuid="00000000-0000-0000-0000-000000000000" Value="NA" />
<ActInputValue Guid="576eaf66-9cb4-4ecd-a3bc-2d7d11329a7c" Param="TargetElementType" ParentGuid="00000000-0000-0000-0000-000000000000" Value="Unknown" />
<ActInputValue Guid="853c7928-dbe5-4a28-9af2-79d383a5b4a0" Param="HandleElementType" ParentGuid="00000000-0000-0000-0000-000000000000" Value="Unknown" />
<ActInputValue Guid="991cd11e-b34b-4c8a-bd5c-d52b0340edb6" Param="HandleActionType" ParentGuid="00000000-0000-0000-0000-000000000000" Value="Unknown" />
</InputValues>
</ActUIElement>
<ActUIElement Active="True" Description="Select ComboBox 'dopSavedSearch'" Guid="12d899ab-7083-4a63-b6fc-4a258e8cb017" MaxNumberOfRetries="2" ParentGuid="00000000-0000-0000-0000-000000000000" Platform="Java" RetryMechanismInterval="5" StatusConverter="None" TakeScreenShot="True" WaitVE="0" WindowsToCapture="OnlyActiveWindow">
<InputValues>
<ActInputValue Guid="e7ef4e4a-e463-4ae3-a46a-50b0ac42b89b" Param="ElementLocateBy" ParentGuid="00000000-0000-0000-0000-000000000000" Value="ByXPath" />
<ActInputValue Guid="5dc6333a-2ebc-4fec-95ba-b4788d80dda0" Param="ElementLocateValue" ParentGuid="00000000-0000-0000-0000-000000000000" Value="/javax.swing.JRootPane[0]/null.layeredPane/null.contentPane/javax.swing.JSplitPane[0]/com.amdocs.uif.workspace.desktop.AppDesktopPane[0]/com.crmimpl.crm.isupport.address.XAddressListSingleSelect/javax.swing.JRootPane[0]/null.layeredPane/root/javax.swing.JViewport[0]/root/gridListing/com.amdocs.uif.widgets.PanelNative$JXPanel[0]/com.amdocs.uif.widgets.PanelNative$JXPanel[0]/[[Name:dopSavedSearch][ClassName:com.amdocs.uif.widgets.ComboBoxNative$1]]" />
<ActInputValue Guid="c8d7b7a4-ecee-45e1-a6c9-9794145f279d" Param="ElementType" ParentGuid="00000000-0000-0000-0000-000000000000" Value="ComboBox" />
<ActInputValue Guid="7a279c99-f0db-4c74-9c32-bc0d735b98fd" Param="ElementAction" ParentGuid="00000000-0000-0000-0000-000000000000" Value="Select" />
<ActInputValue Guid="2d5203a7-6f88-46a6-804a-87aee555f5a1" Param="ValueToSelect" ParentGuid="00000000-0000-0000-0000-000000000000" Value="Unsaved Search" />
<ActInputValue Guid="9bff091a-d959-442f-a1a0-5c236e7e0b8c" Param="IsWidgetsElement" ParentGuid="00000000-0000-0000-0000-000000000000" Value="false" />
<ActInputValue Guid="010a57a5-36b1-403c-bf47-d1beec033163" Param="WaitforIdle" ParentGuid="00000000-0000-0000-0000-000000000000" Value="None" />
<ActInputValue Guid="5ba5b0f6-75d6-4508-bffc-ee86da9d987f" Param="TargetLocateBy" ParentGuid="00000000-0000-0000-0000-000000000000" Value="NA" />
<ActInputValue Guid="7d7f1c79-567d-4baf-bbd1-33d0c8e220e3" Param="TargetElementType" ParentGuid="00000000-0000-0000-0000-000000000000" Value="Unknown" />
<ActInputValue Guid="50947434-b1ce-498b-a3aa-fbaae53520f5" Param="HandleElementType" ParentGuid="00000000-0000-0000-0000-000000000000" Value="Unknown" />
<ActInputValue Guid="88c6eafb-ecf4-4211-b13d-332a630e8b63" Param="HandleActionType" ParentGuid="00000000-0000-0000-0000-000000000000" Value="Unknown" />
</InputValues>
</ActUIElement>
<ActUIElement Active="True" Description="Click Button 'Create'" Guid="26216ed8-a098-48ba-849a-2c848776f69a" MaxNumberOfRetries="2" ParentGuid="00000000-0000-0000-0000-000000000000" Platform="NA" RetryMechanismInterval="5" StatusConverter="None" TakeScreenShot="True" WaitVE="0" WindowsToCapture="OnlyActiveWindow">
<InputValues>
<ActInputValue Guid="edeefa4e-02ef-401b-a5c6-b1e3f4534f3a" Param="ElementLocateBy" ParentGuid="00000000-0000-0000-0000-000000000000" Value="ByXPath" />
<ActInputValue Guid="479bf1dc-76b1-4396-a28a-e2075b3a7b04" Param="ElementLocateValue" ParentGuid="00000000-0000-0000-0000-000000000000" Value="/javax.swing.JRootPane[0]/null.layeredPane/null.contentPane/javax.swing.JSplitPane[0]/com.amdocs.uif.workspace.desktop.AppDesktopPane[0]/com.crmimpl.crm.isupport.address.XAddressListSingleSelect/javax.swing.JRootPane[0]/null.layeredPane/root/javax.swing.JViewport[0]/root/gridFooter/[[Name:Create][ClassName:com.amdocs.uif.widgets.ButtonNative$JXButton]]" />
<ActInputValue Guid="94f2dae8-9641-4a3e-8cb1-b14ba2215567" Param="Value" ParentGuid="00000000-0000-0000-0000-000000000000" Value="Create" />
<ActInputValue Guid="bd013dc0-4e87-49d3-8d53-cd18c3008bbd" Param="ElementType" ParentGuid="00000000-0000-0000-0000-000000000000" Value="Button" />
<ActInputValue Guid="0a008cf6-6956-43ef-b00a-7188dd6170d2" Param="ElementAction" ParentGuid="00000000-0000-0000-0000-000000000000" Value="Click" />
<ActInputValue Guid="85cc21d5-e830-47c0-a4ea-c53c572462a8" Param="WaitforIdle" ParentGuid="00000000-0000-0000-0000-000000000000" Value="Medium" />
<ActInputValue Guid="7758a9c9-a0cd-4eb0-94e1-d8e8b99dcf76" Param="TargetLocateBy" ParentGuid="00000000-0000-0000-0000-000000000000" Value="NA" />
<ActInputValue Guid="98d33317-59df-4797-8c0d-c6b439d4daa0" Param="TargetElementType" ParentGuid="00000000-0000-0000-0000-000000000000" Value="Unknown" />
<ActInputValue Guid="f9ceda27-2ef1-4d37-9b55-de090d0351f4" Param="HandleElementType" ParentGuid="00000000-0000-0000-0000-000000000000" Value="Unknown" />
<ActInputValue Guid="cf0befbe-8e9b-412b-a6e7-e03540f4b911" Param="HandleActionType" ParentGuid="00000000-0000-0000-0000-000000000000" Value="Unknown" />
</InputValues>
</ActUIElement>
<ActUIElement Active="True" Description="Set Text Box 'address'" Guid="e348963d-28a9-4cc3-979f-cce955ed2c2b" MaxNumberOfRetries="2" ParentGuid="00000000-0000-0000-0000-000000000000" Platform="Java" RetryMechanismInterval="5" StatusConverter="None" TakeScreenShot="True" WaitVE="0" WindowsToCapture="OnlyActiveWindow">
<InputValues>
<ActInputValue Guid="c138d6af-1b99-479b-ba0f-2953222b41c2" Param="ElementLocateBy" ParentGuid="00000000-0000-0000-0000-000000000000" Value="ByXPath" />
<ActInputValue Guid="1808011e-7fe8-4223-9af3-5a8584eada0d" Param="ElementLocateValue" ParentGuid="00000000-0000-0000-0000-000000000000" Value="/javax.swing.JRootPane[0]/null.layeredPane/null.contentPane/javax.swing.JSplitPane[0]/com.amdocs.uif.workspace.desktop.AppDesktopPane[0]/com.crmimpl.crm.isupport.address.popup.XCreateAddressExt/javax.swing.JRootPane[0]/null.layeredPane/root/javax.swing.JViewport[0]/root/clfy539/[[Name:address][ClassName:com.amdocs.uif.widgets.TextFieldNative$1]]" />
<ActInputValue Guid="5d121793-e788-47e0-ae32-dd4869761e9e" Param="Value" ParentGuid="00000000-0000-0000-0000-000000000000" Value="9603 S Meridian" />
<ActInputValue Guid="679c445b-28a8-4340-8e9b-7bc29b4e6fc7" Param="ElementType" ParentGuid="00000000-0000-0000-0000-000000000000" Value="TextBox" />
<ActInputValue Guid="de6feddc-c0db-4fa7-9ee3-efb73680cfc6" Param="ElementAction" ParentGuid="00000000-0000-0000-0000-000000000000" Value="SetValue" />
<ActInputValue Guid="1375c7cd-5871-4c9a-8893-a51e5bb06b61" Param="IsWidgetsElement" ParentGuid="00000000-0000-0000-0000-000000000000" Value="false" />
<ActInputValue Guid="303eb82f-714b-428e-88a4-681ee9475cd1" Param="WaitforIdle" ParentGuid="00000000-0000-0000-0000-000000000000" Value="None" />
<ActInputValue Guid="39896a4c-2b5f-4ab3-b34d-0101fddc1f78" Param="TargetLocateBy" ParentGuid="00000000-0000-0000-0000-000000000000" Value="NA" />
<ActInputValue Guid="2626639b-5184-466f-ac85-482437778e51" Param="TargetElementType" ParentGuid="00000000-0000-0000-0000-000000000000" Value="Unknown" />
<ActInputValue Guid="5a7c818d-0d81-4786-a3d4-4d3d6b7c3229" Param="HandleElementType" ParentGuid="00000000-0000-0000-0000-000000000000" Value="Unknown" />
<ActInputValue Guid="2608801b-07a0-4923-9868-bd6b481472a6" Param="HandleActionType" ParentGuid="00000000-0000-0000-0000-000000000000" Value="Unknown" />
</InputValues>
</ActUIElement>
<ActUIElement Description="Set Text Box 'address'" Guid="c18a610b-cc97-48ed-b85a-4e1e2d0a3bec" MaxNumberOfRetries="2" ParentGuid="00000000-0000-0000-0000-000000000000" Platform="Java" RetryMechanismInterval="5" StatusConverter="None" TakeScreenShot="True" WaitVE="0" WindowsToCapture="OnlyActiveWindow">
<InputValues>
<ActInputValue Guid="815e2ad2-7682-4b55-9854-438c23ed94a4" Param="ElementLocateBy" ParentGuid="00000000-0000-0000-0000-000000000000" Value="ByXPath" />
<ActInputValue Guid="1f34d7e1-9a90-41b5-9404-5e08f50362f2" Param="ElementLocateValue" ParentGuid="00000000-0000-0000-0000-000000000000" Value="/javax.swing.JRootPane[0]/null.layeredPane/null.contentPane/javax.swing.JSplitPane[0]/com.amdocs.uif.workspace.desktop.AppDesktopPane[0]/com.crmimpl.crm.isupport.address.popup.XCreateAddressExt/javax.swing.JRootPane[0]/null.layeredPane/root/javax.swing.JViewport[0]/root/clfy539/[[Name:address][ClassName:com.amdocs.uif.widgets.TextFieldNative$1]]" />
<ActInputValue Guid="e2ac3528-0398-4c31-a6d4-5e44520ae4c9" Param="Value" ParentGuid="00000000-0000-0000-0000-000000000000" Value="9603 S Meridian" />
<ActInputValue Guid="5d67f7d7-2aa3-48e3-bdd3-4c390d77fa3f" Param="ElementType" ParentGuid="00000000-0000-0000-0000-000000000000" Value="TextBox" />
<ActInputValue Guid="25766ca6-8ebd-4894-ae7d-d35a5571340e" Param="ElementAction" ParentGuid="00000000-0000-0000-0000-000000000000" Value="SetValue" />
<ActInputValue Guid="f7028b14-9939-462d-8ebe-fe2dbf5a1cfc" Param="IsWidgetsElement" ParentGuid="00000000-0000-0000-0000-000000000000" Value="false" />
<ActInputValue Guid="abf3388f-87e0-4a23-9e57-d0eeb3bb52da" Param="WaitforIdle" ParentGuid="00000000-0000-0000-0000-000000000000" Value="None" />
<ActInputValue Guid="64e4fa03-a5c5-47ac-8675-34ae102da02b" Param="TargetLocateBy" ParentGuid="00000000-0000-0000-0000-000000000000" Value="NA" />
<ActInputValue Guid="e3957af5-fb4e-4ecb-9667-12092c8d305f" Param="TargetElementType" ParentGuid="00000000-0000-0000-0000-000000000000" Value="Unknown" />
<ActInputValue Guid="6336f19b-6b9e-443b-8a97-40c22d63b3e7" Param="HandleElementType" ParentGuid="00000000-0000-0000-0000-000000000000" Value="Unknown" />
<ActInputValue Guid="97aa60a7-de69-40a0-8d18-f0b5229f0176" Param="HandleActionType" ParentGuid="00000000-0000-0000-0000-000000000000" Value="Unknown" />
</InputValues>
</ActUIElement>
<ActUIElement Active="True" Description="Set Text Box 'zipcode'" Guid="f6dbff53-4360-49dc-9e70-1dd9becd0699" MaxNumberOfRetries="2" ParentGuid="00000000-0000-0000-0000-000000000000" Platform="NA" RetryMechanismInterval="5" StatusConverter="None" TakeScreenShot="True" WaitVE="0" WindowsToCapture="OnlyActiveWindow">
<InputValues>
<ActInputValue Guid="b798a420-4512-4e15-9db4-773c3c39c758" Param="ElementLocateBy" ParentGuid="00000000-0000-0000-0000-000000000000" Value="ByXPath" />
<ActInputValue Guid="2bcdde0b-c752-468f-a2d4-d05384641057" Param="ElementLocateValue" ParentGuid="00000000-0000-0000-0000-000000000000" Value="/javax.swing.JRootPane[0]/null.layeredPane/null.contentPane/javax.swing.JSplitPane[0]/com.amdocs.uif.workspace.desktop.AppDesktopPane[0]/com.crmimpl.crm.isupport.address.popup.XCreateAddressExt/javax.swing.JRootPane[0]/null.layeredPane/root/javax.swing.JViewport[0]/root/clfy539/Panel_1_13/[[Name:zipcode][ClassName:com.amdocs.uif.widgets.TextFieldNative$1]]" />
<ActInputValue Guid="f5ef53fc-bff5-46bf-8227-7f1ec687a05e" Param="Value" ParentGuid="00000000-0000-0000-0000-000000000000" Value="80112" />
<ActInputValue Guid="ba7c1d3e-62d1-4c73-aaa8-9212d88866fa" Param="ElementType" ParentGuid="00000000-0000-0000-0000-000000000000" Value="TextBox" />
<ActInputValue Guid="30a754e1-4166-40ec-bfb0-6542611956ff" Param="ElementAction" ParentGuid="00000000-0000-0000-0000-000000000000" Value="SetValue" />
<ActInputValue Guid="ceaf0460-1353-4c96-9a04-7768a75074bc" Param="TargetLocateBy" ParentGuid="00000000-0000-0000-0000-000000000000" Value="NA" />
<ActInputValue Guid="4be4dc65-f9a4-42b7-9396-e5c36d338ec8" Param="TargetElementType" ParentGuid="00000000-0000-0000-0000-000000000000" Value="Unknown" />
<ActInputValue Guid="ed585cd3-fce9-445d-a0c8-2b130d009bdf" Param="HandleElementType" ParentGuid="00000000-0000-0000-0000-000000000000" Value="Unknown" />
<ActInputValue Guid="ddc5a9f4-79dd-4466-b09a-5e760f745b87" Param="HandleActionType" ParentGuid="00000000-0000-0000-0000-000000000000" Value="Unknown" />
</InputValues>
</ActUIElement>
<ActUIElement Active="True" Description="Click Button 'Validate'" Guid="7f9348f6-3569-403e-b28e-b7633d29bea8" MaxNumberOfRetries="2" ParentGuid="00000000-0000-0000-0000-000000000000" Platform="NA" RetryMechanismInterval="5" StatusConverter="None" TakeScreenShot="True" WaitVE="0" WindowsToCapture="OnlyActiveWindow">
<InputValues>
<ActInputValue Guid="a6f52050-ed99-4c01-9d49-1a08f6c0756b" Param="ElementLocateBy" ParentGuid="00000000-0000-0000-0000-000000000000" Value="ByXPath" />
<ActInputValue Guid="0b7e8035-46ea-4b52-8854-b08e7b8324ab" Param="ElementLocateValue" ParentGuid="00000000-0000-0000-0000-000000000000" Value="/javax.swing.JRootPane[0]/null.layeredPane/null.contentPane/javax.swing.JSplitPane[0]/com.amdocs.uif.workspace.desktop.AppDesktopPane[0]/com.crmimpl.crm.isupport.address.popup.XCreateAddressExt/javax.swing.JRootPane[0]/null.layeredPane/root/javax.swing.JViewport[0]/root/clfy539/clfy604/Panel_validte_address/[[Name:Btn_validate][ClassName:com.amdocs.uif.widgets.ButtonNative$JXButton]]" />
<ActInputValue Guid="1bf7f6d5-f2f3-4591-9f69-e42a0575f7d9" Param="Value" ParentGuid="00000000-0000-0000-0000-000000000000" Value="Validate" />
<ActInputValue Guid="67047311-efcd-44e7-97c2-60a785719b9e" Param="ElementType" ParentGuid="00000000-0000-0000-0000-000000000000" Value="Button" />
<ActInputValue Guid="90679947-9334-4dc3-96d9-0aa905ae5c41" Param="ElementAction" ParentGuid="00000000-0000-0000-0000-000000000000" Value="Click" />
<ActInputValue Guid="a1b7d251-331f-4562-9015-44c4e96ed7b4" Param="WaitforIdle" ParentGuid="00000000-0000-0000-0000-000000000000" Value="Medium" />
<ActInputValue Guid="bf5cb898-9a26-461d-965d-c882d903b9e2" Param="TargetLocateBy" ParentGuid="00000000-0000-0000-0000-000000000000" Value="NA" />
<ActInputValue Guid="de12d28a-1456-4e7c-9ba0-903f3107f098" Param="TargetElementType" ParentGuid="00000000-0000-0000-0000-000000000000" Value="Unknown" />
<ActInputValue Guid="362f71b4-c1f0-48f5-b5fc-87164b540614" Param="HandleElementType" ParentGuid="00000000-0000-0000-0000-000000000000" Value="Unknown" />
<ActInputValue Guid="f9d91418-748a-4e15-a6fb-35228331a58e" Param="HandleActionType" ParentGuid="00000000-0000-0000-0000-000000000000" Value="Unknown" />
</InputValues>
</ActUIElement>
<ActUIElement Active="True" Description="Validate fields are disabled after validate" EnableRetryMechanism="True" Guid="e8b0fa5c-c700-4f7f-823e-ce965a015cbc" MaxNumberOfRetries="3" ParentGuid="00000000-0000-0000-0000-000000000000" Platform="Java" RetryMechanismInterval="5" StatusConverter="None" TakeScreenShot="True" WaitVE="2" WindowsToCapture="OnlyActiveWindow">
<FlowControls>
<FlowControl Active="True" BusinessFlowControlAction="GoToBusinessFlow" FlowControlAction="StopRun" Guid="a729e4a2-24d2-4915-a69b-d3af0f2a4393" Operator="ActionFailed" ParentGuid="00000000-0000-0000-0000-000000000000" />
</FlowControls>

<InputValues>
<ActInputValue Guid="c138d6af-1b99-479b-ba0f-2953222b41c2" Param="ElementLocateBy" ParentGuid="00000000-0000-0000-0000-000000000000" Value="ByXPath" />
<ActInputValue Guid="1808011e-7fe8-4223-9af3-5a8584eada0d" Param="ElementLocateValue" ParentGuid="00000000-0000-0000-0000-000000000000" Value="/javax.swing.JRootPane[0]/null.layeredPane/null.contentPane/javax.swing.JSplitPane[0]/com.amdocs.uif.workspace.desktop.AppDesktopPane[0]/com.crmimpl.crm.isupport.address.popup.XCreateAddressExt/javax.swing.JRootPane[0]/null.layeredPane/root/javax.swing.JViewport[0]/root/clfy539/[[Name:address][ClassName:com.amdocs.uif.widgets.TextFieldNative$1]]" />
<ActInputValue Guid="5d121793-e788-47e0-ae32-dd4869761e9e" Param="Value" ParentGuid="00000000-0000-0000-0000-000000000000" />
<ActInputValue Guid="679c445b-28a8-4340-8e9b-7bc29b4e6fc7" Param="ElementType" ParentGuid="00000000-0000-0000-0000-000000000000" Value="TextBox" />
<ActInputValue Guid="de6feddc-c0db-4fa7-9ee3-efb73680cfc6" Param="ElementAction" ParentGuid="00000000-0000-0000-0000-000000000000" Value="IsEnabled" />
<ActInputValue Guid="1375c7cd-5871-4c9a-8893-a51e5bb06b61" Param="IsWidgetsElement" ParentGuid="00000000-0000-0000-0000-000000000000" Value="false" />
<ActInputValue Guid="303eb82f-714b-428e-88a4-681ee9475cd1" Param="WaitforIdle" ParentGuid="00000000-0000-0000-0000-000000000000" Value="None" />
<ActInputValue Guid="d387a886-3dad-435f-abf7-50bf704a96a5" Param="XCoordinate" ParentGuid="00000000-0000-0000-0000-000000000000" />
<ActInputValue Guid="648f696f-3948-438c-9f1d-72b189cf0b4c" Param="ValueToSelect" ParentGuid="00000000-0000-0000-0000-000000000000" />
<ActInputValue Guid="681169c6-c4ca-413d-aa6d-240a4bb6cd09" Param="YCoordinate" ParentGuid="00000000-0000-0000-0000-000000000000" />
<ActInputValue Guid="eb735282-095b-4939-8c5f-da5652e06931" Param="ControlAction" ParentGuid="00000000-0000-0000-0000-000000000000" />
<ActInputValue Guid="afd041b2-a72c-474d-96dd-00fd5497502e" Param="TargetLocateBy" ParentGuid="00000000-0000-0000-0000-000000000000" Value="NA" />
<ActInputValue Guid="93c29273-8568-4d69-b405-098e94a113f3" Param="TargetElementType" ParentGuid="00000000-0000-0000-0000-000000000000" Value="Unknown" />
<ActInputValue Guid="eacc1eed-6551-465d-9618-f0206c61b9d8" Param="HandleElementType" ParentGuid="00000000-0000-0000-0000-000000000000" Value="Unknown" />
<ActInputValue Guid="5c5070ab-3c1a-48a7-84de-6445cc406511" Param="HandleActionType" ParentGuid="00000000-0000-0000-0000-000000000000" Value="Unknown" />
</InputValues>

<ReturnValues>
<ActReturnValue Active="True" Guid="46e9c4db-e2cb-44ce-bb63-5fe34bb0ae0f" mExpected="false" Operator="Equals" Param="Actual0" ParentGuid="00000000-0000-0000-0000-000000000000" StoreTo="None" />
</ReturnValues>
</ActUIElement>
<ActUIElement Active="True" Description="Verify &quot;Validate&quot; button is disabled" EnableRetryMechanism="True" Guid="9492a86e-13e9-435f-8078-7e517cc8baf8" MaxNumberOfRetries="2" ParentGuid="00000000-0000-0000-0000-000000000000" Platform="Java" RetryMechanismInterval="5" StatusConverter="None" TakeScreenShot="True" WaitVE="1" WindowsToCapture="OnlyActiveWindow">
<FlowControls>
<FlowControl Active="True" BusinessFlowControlAction="GoToBusinessFlow" FlowControlAction="StopRun" Guid="a4565dfc-c5c7-40c6-a6dd-fe1727136534" Operator="ActionFailed" ParentGuid="00000000-0000-0000-0000-000000000000" />
</FlowControls>

<InputValues>
<ActInputValue Guid="a6f52050-ed99-4c01-9d49-1a08f6c0756b" Param="ElementLocateBy" ParentGuid="00000000-0000-0000-0000-000000000000" Value="ByXPath" />
<ActInputValue Guid="0b7e8035-46ea-4b52-8854-b08e7b8324ab" Param="ElementLocateValue" ParentGuid="00000000-0000-0000-0000-000000000000" Value="/javax.swing.JRootPane[0]/null.layeredPane/null.contentPane/javax.swing.JSplitPane[0]/com.amdocs.uif.workspace.desktop.AppDesktopPane[0]/com.crmimpl.crm.isupport.address.popup.XCreateAddressExt/javax.swing.JRootPane[0]/null.layeredPane/root/javax.swing.JViewport[0]/root/clfy539/clfy604/Panel_validte_address/[[Name:Btn_validate][ClassName:com.amdocs.uif.widgets.ButtonNative$JXButton]]" />
<ActInputValue Guid="1bf7f6d5-f2f3-4591-9f69-e42a0575f7d9" Param="Value" ParentGuid="00000000-0000-0000-0000-000000000000" />
<ActInputValue Guid="67047311-efcd-44e7-97c2-60a785719b9e" Param="ElementType" ParentGuid="00000000-0000-0000-0000-000000000000" Value="Button" />
<ActInputValue Guid="90679947-9334-4dc3-96d9-0aa905ae5c41" Param="ElementAction" ParentGuid="00000000-0000-0000-0000-000000000000" Value="IsEnabled" />
<ActInputValue Guid="a1b7d251-331f-4562-9015-44c4e96ed7b4" Param="WaitforIdle" ParentGuid="00000000-0000-0000-0000-000000000000" Value="Medium" />
<ActInputValue Guid="6e9af644-eb83-4a0c-995c-f1421d33aae4" Param="IsWidgetsElement" ParentGuid="00000000-0000-0000-0000-000000000000" Value="false" />
<ActInputValue Guid="5e02cbe3-31bf-4e1e-b746-7895b6e4a54a" Param="XCoordinate" ParentGuid="00000000-0000-0000-0000-000000000000" />
<ActInputValue Guid="c15dd850-ba56-4d2a-973d-2bce3a597359" Param="ValueToSelect" ParentGuid="00000000-0000-0000-0000-000000000000" />
<ActInputValue Guid="3cf21bda-0aa1-4e37-ba8b-74f3bd194127" Param="YCoordinate" ParentGuid="00000000-0000-0000-0000-000000000000" />
<ActInputValue Guid="a7fd535d-584d-45bb-ac3f-aa12d11ac0a9" Param="ControlAction" ParentGuid="00000000-0000-0000-0000-000000000000" />
<ActInputValue Guid="0d0592c6-ebbb-4b61-9d38-c95b14efe3a5" Param="TargetLocateBy" ParentGuid="00000000-0000-0000-0000-000000000000" Value="NA" />
<ActInputValue Guid="b38b9a4c-a19d-4eae-aada-b030c95ee1fd" Param="TargetElementType" ParentGuid="00000000-0000-0000-0000-000000000000" Value="Unknown" />
<ActInputValue Guid="ba2ac9b7-0157-44bc-87fa-cc0b15c30045" Param="HandleElementType" ParentGuid="00000000-0000-0000-0000-000000000000" Value="Unknown" />
<ActInputValue Guid="16a937db-79fa-4ec8-a230-b455ebe57528" Param="HandleActionType" ParentGuid="00000000-0000-0000-0000-000000000000" Value="Unknown" />
</InputValues>

<ReturnValues>
<ActReturnValue Active="True" Guid="d8954b6e-fb82-4c3d-8876-c52a29475fb5" mExpected="false" Operator="Equals" Param="Actual0" ParentGuid="00000000-0000-0000-0000-000000000000" StoreTo="None" />
</ReturnValues>
</ActUIElement>
<ActUIElement Active="True" Description="Click Button 'Save'" Guid="76fae596-ad69-4d8b-b8f7-ca8f70663fec" MaxNumberOfRetries="2" ParentGuid="00000000-0000-0000-0000-000000000000" Platform="NA" RetryMechanismInterval="5" StatusConverter="None" TakeScreenShot="True" WaitVE="0" WindowsToCapture="OnlyActiveWindow">
<InputValues>
<ActInputValue Guid="6fa77248-8a96-4d5b-be5d-e26d3f61bd3b" Param="ElementLocateBy" ParentGuid="00000000-0000-0000-0000-000000000000" Value="ByXPath" />
<ActInputValue Guid="191e4e9d-facd-476a-9f48-4b5cf9c6ff51" Param="ElementLocateValue" ParentGuid="00000000-0000-0000-0000-000000000000" Value="/javax.swing.JRootPane[0]/null.layeredPane/null.contentPane/javax.swing.JSplitPane[0]/com.amdocs.uif.workspace.desktop.AppDesktopPane[0]/com.crmimpl.crm.isupport.address.popup.XCreateAddressExt/javax.swing.JRootPane[0]/null.layeredPane/root/javax.swing.JViewport[0]/root/Panel_1_9/[[Name:Save][ClassName:com.amdocs.uif.widgets.ButtonNative$JXButton]]" />
<ActInputValue Guid="72a17521-5744-4316-8674-0270478fa071" Param="Value" ParentGuid="00000000-0000-0000-0000-000000000000" Value="Save" />
<ActInputValue Guid="fa0fd5af-a0d4-4391-ba0a-af771d27326e" Param="ElementType" ParentGuid="00000000-0000-0000-0000-000000000000" Value="Button" />
<ActInputValue Guid="c2f74fbe-6164-46dd-bb8e-52b77a45728d" Param="ElementAction" ParentGuid="00000000-0000-0000-0000-000000000000" Value="Click" />
<ActInputValue Guid="57440c24-9f5e-4dd6-af09-7d3edf0e2300" Param="WaitforIdle" ParentGuid="00000000-0000-0000-0000-000000000000" Value="Medium" />
<ActInputValue Guid="9c761ac5-6a24-4034-9a11-86c6281324ec" Param="TargetLocateBy" ParentGuid="00000000-0000-0000-0000-000000000000" Value="NA" />
<ActInputValue Guid="c07d9c03-25f1-48bc-88b4-959f8ec83512" Param="TargetElementType" ParentGuid="00000000-0000-0000-0000-000000000000" Value="Unknown" />
<ActInputValue Guid="73db2b8f-be37-4874-9df2-8e67958a4706" Param="HandleElementType" ParentGuid="00000000-0000-0000-0000-000000000000" Value="Unknown" />
<ActInputValue Guid="17711c4e-458a-465e-96fc-08e965c3f136" Param="HandleActionType" ParentGuid="00000000-0000-0000-0000-000000000000" Value="Unknown" />
</InputValues>
</ActUIElement>
</Acts>
</Activity></GingerRepositoryItem>