﻿<?xml version="1.0" encoding="utf-8"?>
<GingerRepositoryItem><Header ItemGuid="ab6a81d3-ed94-46f6-9275-39ef5d1a64a6" ItemType="Activity" CreatedBy="christian.poblete" Created="202102031930" GingerVersion="3.6.0.0" Version="1" LastUpdateBy="christian.poblete" LastUpdate="202102031930" />
<Activity ActionRunOption="StopActionsRunOnFailure" Active="True" ActivityName="CRM Login" AutomationStatus="Automated" ErrorHandlerMappingType="AllAvailableHandlers" Guid="ab6a81d3-ed94-46f6-9275-39ef5d1a64a6" ParentGuid="00000000-0000-0000-0000-000000000000" PercentAutomated="75%" TargetApplication="MyJavaApp">
<Acts>
<ActSetVariableValue Description="Set Parameter Action - CRM user" Guid="1b9caa11-0fe1-460a-b57f-4bdbccfad18d" MaxNumberOfRetries="2" ParentGuid="00000000-0000-0000-0000-000000000000" Platform="NA" RetryMechanismInterval="5" SetVariableValueOption="SetValue" StatusConverter="None" VariableName="CRM User_2" WaitVE="0" WindowsToCapture="OnlyActiveWindow">
<InputValues>
<ActInputValue Guid="98cdce13-4e3b-4ee5-b0d3-27a404cdedf1" Param="Value" ParentGuid="00000000-0000-0000-0000-000000000000" Value="{DS Name=DefaultDataSource DST=COP_Simplified_sanity MASD=N Query QUERY=db.COP_Simplified_sanity.select GINGER_KEY_VALUE where GINGER_KEY_NAME=&quot;CRMUser&quot;}" />
</InputValues>
</ActSetVariableValue>
<ActSetVariableValue Description="Set Parameter Action - CRM password" Guid="3ff4ca0b-33b5-4422-b902-ef1199ee49e7" MaxNumberOfRetries="2" ParentGuid="00000000-0000-0000-0000-000000000000" Platform="NA" RetryMechanismInterval="5" SetVariableValueOption="SetValue" StatusConverter="None" VariableName="CRM Password_2" WaitVE="0" WindowsToCapture="OnlyActiveWindow">
<InputValues>
<ActInputValue Guid="98cdce13-4e3b-4ee5-b0d3-27a404cdedf1" Param="Value" ParentGuid="00000000-0000-0000-0000-000000000000" Value="{DS Name=DefaultDataSource DST=COP_Simplified_sanity MASD=N Query QUERY=db.COP_Simplified_sanity.select GINGER_KEY_VALUE where GINGER_KEY_NAME=&quot;CRMPassword&quot;}" />
</InputValues>
</ActSetVariableValue>
<ActSwitchWindow Active="True" Description="Switch Window Action - Login" EnableRetryMechanism="True" Guid="2d81d83f-959b-4a2a-b086-58fe80da27ec" MaxNumberOfRetries="6" ParentGuid="00000000-0000-0000-0000-000000000000" Platform="NA" RetryMechanismInterval="5" StatusConverter="None" TakeScreenShot="True" Timeout="50" WaitVE="1" WindowsToCapture="OnlyActiveWindow">
<FlowControls>
<FlowControl Active="True" BusinessFlowControlAction="GoToBusinessFlow" Condition="&quot;{ActionStatus}&quot; = &quot;Failed&quot;" FlowControlAction="StopRun" Guid="f4547ba2-5d6b-46f4-a389-c4cb7c2dc7f2" Operator="Legacy" ParentGuid="00000000-0000-0000-0000-000000000000" />
</FlowControls>

<InputValues>
<ActInputValue Guid="3c8aa244-b0ce-4da7-809d-51a725fb153d" Param="LocateBy" ParentGuid="00000000-0000-0000-0000-000000000000" Value="ByTitle" />
<ActInputValue Guid="38f29d19-9158-4ed8-b748-14030f059499" Param="LocateValue" ParentGuid="00000000-0000-0000-0000-000000000000" Value="Login" />
<ActInputValue Guid="704c5c3d-7adb-4291-a223-0a7b53a40e5f" Param="WaitTime" ParentGuid="00000000-0000-0000-0000-000000000000" Value="0" />
</InputValues>
</ActSwitchWindow>
<ActUIElement Active="True" Description="Login to Amdocs customer interaction manager" Guid="1d0b7a37-1e38-41c6-b874-bf01d48c65f0" MaxNumberOfRetries="2" ParentGuid="00000000-0000-0000-0000-000000000000" Platform="Java" RetryMechanismInterval="5" StatusConverter="None" TakeScreenShot="True" WaitVE="0" WindowsToCapture="OnlyActiveWindow">
<InputValues>
<ActInputValue Guid="ddc0c02d-0148-4aac-ba36-0b895e0c20bd" Param="ElementLocateBy" ParentGuid="00000000-0000-0000-0000-000000000000" Value="ByXPath" />
<ActInputValue Guid="fc5054a5-ddc8-465d-be5d-be092ab793e8" Param="ElementLocateValue" ParentGuid="00000000-0000-0000-0000-000000000000" Value="/javax.swing.JRootPane[0]/null.layeredPane/root/javax.swing.JViewport[0]/root/Panel_3/[[Name:Combobox_32][ClassName:com.amdocs.uif.widgets.ComboBoxNative$1]]" />
<ActInputValue Guid="ab64cea8-bd22-41f8-8e44-adbf3fb6b13b" Param="ElementType" ParentGuid="00000000-0000-0000-0000-000000000000" Value="ComboBox" />
<ActInputValue Guid="6576eea4-8b5a-4a8e-96d7-c3c9fffdb6b6" Param="ElementAction" ParentGuid="00000000-0000-0000-0000-000000000000" Value="Select" />
<ActInputValue Guid="c4fcce20-8c72-4d1a-96af-892b8a682a00" Param="ValueToSelect" ParentGuid="00000000-0000-0000-0000-000000000000" Value="Amdocs Customer Interaction Manager" />
<ActInputValue Guid="1fa71bd9-4e0d-48e5-ac64-8d9f0c0b4c5b" Param="IsWidgetsElement" ParentGuid="00000000-0000-0000-0000-000000000000" Value="false" />
<ActInputValue Guid="b9db3228-c01c-46b9-9835-3c2105fa49f9" Param="WaitforIdle" ParentGuid="00000000-0000-0000-0000-000000000000" Value="None" />
<ActInputValue Guid="547537e5-27ca-42c6-a32b-a7613c1fa739" Param="TargetLocateBy" ParentGuid="00000000-0000-0000-0000-000000000000" Value="NA" />
<ActInputValue Guid="ea385c82-7399-4a3b-bf17-185bb9e0cd01" Param="TargetElementType" ParentGuid="00000000-0000-0000-0000-000000000000" Value="Unknown" />
<ActInputValue Guid="7bdde3f9-198c-4733-afdf-fb31c99c9a66" Param="HandleElementType" ParentGuid="00000000-0000-0000-0000-000000000000" Value="Unknown" />
<ActInputValue Guid="3e9fe6f2-0576-4dd0-a925-2192e88943b1" Param="HandleActionType" ParentGuid="00000000-0000-0000-0000-000000000000" Value="Unknown" />
</InputValues>
</ActUIElement>
<ActUIElement Active="True" Description="Set User" Guid="3904e88b-12a0-40a1-bad8-496bec915e28" MaxNumberOfRetries="2" ParentGuid="00000000-0000-0000-0000-000000000000" Platform="Java" RetryMechanismInterval="5" StatusConverter="None" TakeScreenShot="True" WaitVE="0" WindowsToCapture="OnlyActiveWindow">
<InputValues>
<ActInputValue Guid="78afcc98-acaa-4084-b3b7-ea19c5122691" Param="ElementLocateBy" ParentGuid="00000000-0000-0000-0000-000000000000" Value="ByXPath" />
<ActInputValue Guid="0a6494ad-cbda-43a9-a85c-de3be57e4808" Param="ElementLocateValue" ParentGuid="00000000-0000-0000-0000-000000000000" Value="/javax.swing.JRootPane[0]/null.layeredPane/root/javax.swing.JViewport[0]/root/Panel_3/[[Name:Textfield_33][ClassName:com.amdocs.uif.widgets.TextFieldNative$1]]" />
<ActInputValue Guid="a28c6cb9-1733-4555-a3ba-d37a42390e85" Param="Value" ParentGuid="00000000-0000-0000-0000-000000000000" Value="{Var Name=CRM User_2}" />
<ActInputValue Guid="f911e3c3-3fb7-42dc-ad01-575451d08a4e" Param="ElementType" ParentGuid="00000000-0000-0000-0000-000000000000" Value="TextBox" />
<ActInputValue Guid="3abcac1a-2c20-4115-8dca-55a5039abb49" Param="ElementAction" ParentGuid="00000000-0000-0000-0000-000000000000" Value="SetValue" />
<ActInputValue Guid="69c5c073-b924-4904-a9eb-c5668aba63d2" Param="IsWidgetsElement" ParentGuid="00000000-0000-0000-0000-000000000000" Value="false" />
<ActInputValue Guid="2971b7f0-c13e-4004-8ce4-31b7f25552aa" Param="WaitforIdle" ParentGuid="00000000-0000-0000-0000-000000000000" Value="None" />
<ActInputValue Guid="f94d0ce3-1c52-4d7e-8177-638d10612552" Param="TargetLocateBy" ParentGuid="00000000-0000-0000-0000-000000000000" Value="NA" />
<ActInputValue Guid="de166579-eefb-4f30-9af6-cc905c40e890" Param="TargetElementType" ParentGuid="00000000-0000-0000-0000-000000000000" Value="Unknown" />
<ActInputValue Guid="df0957af-f861-4271-aeb6-7efa3c0a75e3" Param="HandleElementType" ParentGuid="00000000-0000-0000-0000-000000000000" Value="Unknown" />
<ActInputValue Guid="9f6b577f-7750-428f-b75a-959c444c1221" Param="HandleActionType" ParentGuid="00000000-0000-0000-0000-000000000000" Value="Unknown" />
</InputValues>
</ActUIElement>
<ActUIElement Active="True" Description="Set Password" Guid="7f3a0b4d-e71d-44dc-97e9-4c76584e763d" MaxNumberOfRetries="2" ParentGuid="00000000-0000-0000-0000-000000000000" Platform="Java" RetryMechanismInterval="5" StatusConverter="None" TakeScreenShot="True" WaitVE="0" WindowsToCapture="OnlyActiveWindow">
<InputValues>
<ActInputValue Guid="84155cf6-c710-48d3-a50f-96660b463943" Param="ElementLocateBy" ParentGuid="00000000-0000-0000-0000-000000000000" Value="ByXPath" />
<ActInputValue Guid="252cf764-9ab2-4be9-ae0b-f89909309886" Param="ElementLocateValue" ParentGuid="00000000-0000-0000-0000-000000000000" Value="/javax.swing.JRootPane[0]/null.layeredPane/root/javax.swing.JViewport[0]/root/Panel_3/[[Name:ObscuredText_44][ClassName:com.amdocs.uif.widgets.ObscuredTextNative$1]]" />
<ActInputValue Guid="035fed3a-dc89-4afa-be03-1cb1ba627344" Param="Value" ParentGuid="00000000-0000-0000-0000-000000000000" Value="{Var Name=CRM Password_2}" />
<ActInputValue Guid="de27c44f-28bf-485a-b7b0-29f9fa1d57cb" Param="ElementType" ParentGuid="00000000-0000-0000-0000-000000000000" Value="TextBox" />
<ActInputValue Guid="911deb01-fef8-4dc9-8555-ae2fa0acad9a" Param="ElementAction" ParentGuid="00000000-0000-0000-0000-000000000000" Value="SetValue" />
<ActInputValue Guid="b1ee9e3a-d278-4972-b626-b2fe68da3c3f" Param="IsWidgetsElement" ParentGuid="00000000-0000-0000-0000-000000000000" Value="false" />
<ActInputValue Guid="69424613-c8b5-4757-94be-77b128985db8" Param="WaitforIdle" ParentGuid="00000000-0000-0000-0000-000000000000" Value="None" />
<ActInputValue Guid="fc95eea7-7dfc-46d7-948f-2fcb445ca88e" Param="TargetLocateBy" ParentGuid="00000000-0000-0000-0000-000000000000" Value="NA" />
<ActInputValue Guid="bda4b705-7bd9-4767-9274-14ae0f529180" Param="TargetElementType" ParentGuid="00000000-0000-0000-0000-000000000000" Value="Unknown" />
<ActInputValue Guid="6dc87f09-54ac-489a-8a69-17a982ef1131" Param="HandleElementType" ParentGuid="00000000-0000-0000-0000-000000000000" Value="Unknown" />
<ActInputValue Guid="677778a1-f36b-4248-958b-e9ea394bd7ec" Param="HandleActionType" ParentGuid="00000000-0000-0000-0000-000000000000" Value="Unknown" />
</InputValues>
</ActUIElement>
<ActUIElement Active="True" Description="Click : Login" Guid="55ad9e52-4279-4ea2-a262-d42c64c2456e" MaxNumberOfRetries="2" ParentGuid="00000000-0000-0000-0000-000000000000" Platform="Java" RetryMechanismInterval="5" StatusConverter="None" TakeScreenShot="True" WaitVE="0" WindowsToCapture="OnlyActiveWindow">
<InputValues>
<ActInputValue Guid="90d23ec4-3944-4c8e-8f02-a621b0da2c0c" Param="ElementAction" ParentGuid="00000000-0000-0000-0000-000000000000" Value="Click" />
<ActInputValue Guid="91cf5776-980e-41d6-9227-39beeb306b92" Param="ElementType" ParentGuid="00000000-0000-0000-0000-000000000000" Value="Button" />
<ActInputValue Guid="caca9316-5251-4ef7-ace5-a937afa7fb8b" Param="Value" ParentGuid="00000000-0000-0000-0000-000000000000" />
<ActInputValue Guid="9501547b-f543-4abe-8b2a-5167ec932187" Param="ElementLocateBy" ParentGuid="00000000-0000-0000-0000-000000000000" Value="ByXPath" />
<ActInputValue Guid="99476e8b-6b6a-4b48-b646-86b7a6bb6ea7" Param="ElementLocateValue" ParentGuid="00000000-0000-0000-0000-000000000000" Value="/javax.swing.JRootPane[0]/null.layeredPane/root/javax.swing.JViewport[0]/root/pnlWindowFooter/[[Name:Button_38][ClassName:com.amdocs.uif.widgets.ButtonNative$JXButton]]" />
<ActInputValue Guid="c35581f0-35f6-4dca-954e-dfdbbbe1bd3e" Param="ValueToSelect" ParentGuid="00000000-0000-0000-0000-000000000000" />
<ActInputValue Guid="ba2344ed-af66-4836-be07-0d3852f1fffc" Param="IsWidgetsElement" ParentGuid="00000000-0000-0000-0000-000000000000" Value="false" />
<ActInputValue Guid="1b892bdb-1e5b-4b27-b4c0-959347670886" Param="WaitforIdle" ParentGuid="00000000-0000-0000-0000-000000000000" Value="Medium" />
<ActInputValue Guid="0b332eea-ff50-4a2f-8195-ab331bd02192" Param="TargetLocateBy" ParentGuid="00000000-0000-0000-0000-000000000000" Value="NA" />
<ActInputValue Guid="44837fe8-732d-4150-b960-257c969ca6af" Param="TargetElementType" ParentGuid="00000000-0000-0000-0000-000000000000" Value="Unknown" />
<ActInputValue Guid="1c52c199-7746-4f1b-bd5b-6492b7d8b130" Param="HandleElementType" ParentGuid="00000000-0000-0000-0000-000000000000" Value="Unknown" />
<ActInputValue Guid="672adc09-6fb8-43d9-9e71-106fa62e0812" Param="HandleActionType" ParentGuid="00000000-0000-0000-0000-000000000000" Value="Unknown" />
</InputValues>
</ActUIElement>
<ActSwitchWindow Active="True" Description="Switch Window Action - Amdocs Customer Interaction Manager" EnableRetryMechanism="True" Guid="5b757626-76cb-4f20-bf31-dbe6c0b3880f" MaxNumberOfRetries="12" ParentGuid="00000000-0000-0000-0000-000000000000" Platform="NA" RetryMechanismInterval="5" StatusConverter="None" TakeScreenShot="True" Timeout="50" WaitVE="1" WindowsToCapture="OnlyActiveWindow">
<FlowControls>
<FlowControl Active="True" BusinessFlowControlAction="GoToBusinessFlow" Condition="&quot;{ActionStatus}&quot; = &quot;Failed&quot;" FlowControlAction="GoToNextAction" Guid="f4547ba2-5d6b-46f4-a389-c4cb7c2dc7f2" Operator="Legacy" ParentGuid="00000000-0000-0000-0000-000000000000" />
<FlowControl Active="True" BusinessFlowControlAction="GoToBusinessFlow" Condition="&quot;{ActionStatus}&quot; = &quot;Failed&quot;" FlowControlAction="RerunAction" Guid="d79071eb-f573-447e-9e25-0163dbd1e94b" Operator="Legacy" ParentGuid="00000000-0000-0000-0000-000000000000" />
</FlowControls>

<InputValues>
<ActInputValue Guid="3c8aa244-b0ce-4da7-809d-51a725fb153d" Param="LocateBy" ParentGuid="00000000-0000-0000-0000-000000000000" Value="ByTitle" />
<ActInputValue Guid="38f29d19-9158-4ed8-b748-14030f059499" Param="LocateValue" ParentGuid="00000000-0000-0000-0000-000000000000" Value="Amdocs Customer" />
<ActInputValue Guid="704c5c3d-7adb-4291-a223-0a7b53a40e5f" Param="WaitTime" ParentGuid="00000000-0000-0000-0000-000000000000" Value="0" />
</InputValues>
</ActSwitchWindow>
</Acts>

<Variables>
<VariableString Guid="4f398f3d-345c-4d0b-9738-5052dade38e1" InitialStringValue="Asmsa1" MappedOutputType="None" Name="CRM User_2" ParentGuid="00000000-0000-0000-0000-000000000000" SetAsInputValue="False" SetAsOutputValue="False" />
<VariableString Guid="600a3409-3931-4b9d-99c3-d3f37ccc496a" InitialStringValue="Asmsa212" MappedOutputType="None" Name="CRM Password_2" ParentGuid="00000000-0000-0000-0000-000000000000" SetAsInputValue="False" SetAsOutputValue="False" />
</Variables>
</Activity></GingerRepositoryItem>