﻿<?xml version="1.0" encoding="utf-8"?>
<GingerRepositoryItem><Header ItemGuid="4d0daf4f-6058-44f3-ba4b-a67cec14e3fb" ItemType="Activity" CreatedBy="christian.poblete" Created="202101121819" GingerVersion="3.6.0.0" Version="1" LastUpdateBy="christian.poblete" LastUpdate="202101121819" />
<Activity ActionRunOption="StopActionsRunOnFailure" Active="True" ActivityName="DB order validations" AutomationStatus="Automated" ErrorHandlerMappingType="AllAvailableHandlers" Guid="4d0daf4f-6058-44f3-ba4b-a67cec14e3fb" ParentGuid="00000000-0000-0000-0000-000000000000" PercentAutomated="40%" TargetApplication="MyJavaApp">
<Acts>
<ActSetVariableValue Description="Set Parameter Action" Guid="7c958ea1-b5ec-47df-850f-c860efa747de" MaxNumberOfRetries="2" ParentGuid="00000000-0000-0000-0000-000000000000" Platform="NA" RetryMechanismInterval="5" SetVariableValueOption="SetValue" StatusConverter="None" VariableName="TempVar" WaitVE="0" WindowsToCapture="OnlyActiveWindow">
<InputValues>
<ActInputValue Guid="00da3ac0-eff1-4505-ac92-d64f19bed28b" Param="Value" ParentGuid="00000000-0000-0000-0000-000000000000" Value="{DS Name=DefaultDataSource DST=COP_Simplified_sanity MASD=N Query QUERY=db.COP_Simplified_sanity.select GINGER_KEY_VALUE where GINGER_KEY_NAME=&quot;EnvironmentName&quot;}" />
</InputValues>
</ActSetVariableValue>
<ActDummy Description="Dummy Action - go to set connectionstring" Guid="6db1dd06-cdac-4657-803f-001851d6917d" MaxNumberOfRetries="2" ParentGuid="00000000-0000-0000-0000-000000000000" Platform="NA" RetryMechanismInterval="5" StatusConverter="None" WaitVE="0" WindowsToCapture="OnlyActiveWindow">
<FlowControls>
<FlowControl Active="True" BusinessFlowControlAction="GoToBusinessFlow" Condition="{CS Exp=@&quot;{Var Name=TempVar}&quot;.Contains(@&quot;DT1&quot;)}" FlowControlAction="GoToAction" Guid="daa740f4-61d0-4c9b-8b7f-7ae218f1fe7f" Operator="Legacy" ParentGuid="00000000-0000-0000-0000-000000000000" Value="b0c1ff14-ae03-4405-841b-0dfa8eb6d59c#GUID_NAME#Set OMS  DT1 connection string" />
<FlowControl Active="True" BusinessFlowControlAction="GoToBusinessFlow" Condition="{CS Exp=@&quot;{Var Name=TempVar}&quot;.Contains(@&quot;DT2&quot;)}" FlowControlAction="GoToAction" Guid="bfb2fa96-f632-459f-a4fa-da254a068a5b" Operator="Legacy" ParentGuid="00000000-0000-0000-0000-000000000000" Value="ee239576-6da7-46ad-ab24-f13f873982c0#GUID_NAME#Set OMS  DT1 connection string" />
</FlowControls>

<InputValues>
<ActInputValue Guid="02a62e41-0d5f-4f22-9b4a-9e0f4fb6cd4c" Param="Value" ParentGuid="00000000-0000-0000-0000-000000000000" />
</InputValues>
</ActDummy>
<ActSetVariableValue Description="Set OMS  DT1 connection string" Guid="b0c1ff14-ae03-4405-841b-0dfa8eb6d59c" MaxNumberOfRetries="2" ParentGuid="00000000-0000-0000-0000-000000000000" Platform="NA" RetryMechanismInterval="5" SetVariableValueOption="SetValue" StatusConverter="None" VariableName="DBOMSConnectionString" WindowsToCapture="OnlyActiveWindow">
<InputValues>
<ActInputValue Guid="abafbd50-b092-4d78-8ebc-3df3dc1fba99" Param="Value" ParentGuid="00000000-0000-0000-0000-000000000000" Value="Data Source=(description=(address=(protocol=tcp) (host=dtomsdb) (port=1582)) (connect_data=(sid=dtoms)));User Id=PRDOMS;Password=pass_4all;" />
</InputValues>
</ActSetVariableValue>
<ActSetVariableValue Description="Set ABP  DT1 connection string" Guid="41832107-bf26-4d8d-98f8-c7a66cc22a0a" MaxNumberOfRetries="2" ParentGuid="00000000-0000-0000-0000-000000000000" Platform="NA" RetryMechanismInterval="5" SetVariableValueOption="SetValue" StatusConverter="None" VariableName="DBABPConnectionString" WindowsToCapture="OnlyActiveWindow">
<FlowControls>
<FlowControl Active="True" BusinessFlowControlAction="GoToBusinessFlow" FlowControlAction="GoToAction" Guid="f6667d1f-eac3-48ac-808b-48cbb3bdc147" Operator="ActionPassed" ParentGuid="00000000-0000-0000-0000-000000000000" Value="b7edf29b-fdaf-4bc3-ae07-a8e239127780#GUID_NAME#Validate order is completed and closed" />
</FlowControls>

<InputValues>
<ActInputValue Guid="abafbd50-b092-4d78-8ebc-3df3dc1fba99" Param="Value" ParentGuid="00000000-0000-0000-0000-000000000000" Value="Data Source=(description=(address=(protocol=tcp) (host=dtabpdb) (port=1581)) (connect_data=(sid=dtabp)));User Id=PRDCUSTC;Password=pass_4all;" />
</InputValues>
</ActSetVariableValue>
<ActSetVariableValue Description="Set OMS  DT2 connection string" Guid="ee239576-6da7-46ad-ab24-f13f873982c0" MaxNumberOfRetries="2" ParentGuid="00000000-0000-0000-0000-000000000000" Platform="NA" RetryMechanismInterval="5" SetVariableValueOption="SetValue" StatusConverter="None" VariableName="DBOMSConnectionString" WindowsToCapture="OnlyActiveWindow">
<InputValues>
<ActInputValue Guid="abafbd50-b092-4d78-8ebc-3df3dc1fba99" Param="Value" ParentGuid="00000000-0000-0000-0000-000000000000" Value="Data Source=(description=(address=(protocol=tcp) (host=dtsomsdb) (port=1582)) (connect_data=(sid=dtsoms)));User Id=PRDOMS;Password=pass_4all;" />
</InputValues>
</ActSetVariableValue>
<ActSetVariableValue Description="Set ABP  DT2 connection string" Guid="9f644b9f-0a73-4766-9f06-4742e4aed395" MaxNumberOfRetries="2" ParentGuid="00000000-0000-0000-0000-000000000000" Platform="NA" RetryMechanismInterval="5" SetVariableValueOption="SetValue" StatusConverter="None" VariableName="DBABPConnectionString" WindowsToCapture="OnlyActiveWindow">
<FlowControls>
<FlowControl Active="True" BusinessFlowControlAction="GoToBusinessFlow" FlowControlAction="GoToAction" Guid="d130fa20-8cfe-4f2b-99b6-a0abf9e005df" Operator="ActionPassed" ParentGuid="00000000-0000-0000-0000-000000000000" Value="b7edf29b-fdaf-4bc3-ae07-a8e239127780#GUID_NAME#Validate order is completed and closed" />
</FlowControls>

<InputValues>
<ActInputValue Guid="abafbd50-b092-4d78-8ebc-3df3dc1fba99" Param="Value" ParentGuid="00000000-0000-0000-0000-000000000000" Value="Data Source=(description=(address=(protocol=tcp) (host=dtsabpdb) (port=1581)) (connect_data=(sid=dtsabp)));User Id=PRDCUSTC;Password=pass_4all;" />
</InputValues>
</ActSetVariableValue>
<ActDBValidation Active="True" AppName="MyJavaApp" DBName="OMS" DBValidationType="FreeSQL" Description="Validate order is completed and closed" EnableRetryMechanism="True" Guid="b7edf29b-fdaf-4bc3-ae07-a8e239127780" MaxNumberOfRetries="100" ParentGuid="00000000-0000-0000-0000-000000000000" Platform="NA" RetryMechanismInterval="3" StatusConverter="None" WaitVE="1" WindowsToCapture="OnlyActiveWindow">
<FlowControls>
<FlowControl Active="True" BusinessFlowControlAction="GoToBusinessFlow" FlowControlAction="StopRun" Guid="18d2df3a-d500-441b-a84a-4715f88badf3" Operator="ActionFailed" ParentGuid="00000000-0000-0000-0000-000000000000" />
</FlowControls>

<InputValues>
<ActInputValue Guid="d043068b-b726-4a67-9da2-896b3ddb477e" Param="SQL" ParentGuid="00000000-0000-0000-0000-000000000000" Value="select STATUS from tborder where order_unit_id = {Var Name=Output Order ID}" />
<ActInputValue Guid="09ce28a7-f7b4-431c-a6b1-784dfdee4005" Param="QueryTypeRadioButton" ParentGuid="00000000-0000-0000-0000-000000000000" Value="FreeSQL" />
<ActInputValue Guid="1a2a8680-3a71-4f9c-b01b-c3665edc3026" Param="QueryFile" ParentGuid="00000000-0000-0000-0000-000000000000" />
<ActInputValue Guid="b19a37cc-e7fe-4434-899b-bff9104ccfe8" Param="CommitDB" ParentGuid="00000000-0000-0000-0000-000000000000" />
</InputValues>

<ReturnValues>
<ActReturnValue Active="True" Guid="ebdf0ec5-b756-4c91-8531-a12c320e4c01" mExpected="DO" Operator="Equals" Param="STATUS" ParentGuid="00000000-0000-0000-0000-000000000000" StoreTo="None" />
</ReturnValues>
</ActDBValidation>
<ActDBValidation Active="True" AppName="MyJavaApp" DBName="OMS" DBValidationType="FreeSQL" Description="Get Service ID and subscriber ID from order action" Guid="7aedbd4c-e6c8-4278-ab92-697ff8db68b1" MaxNumberOfRetries="2" ParentGuid="00000000-0000-0000-0000-000000000000" Platform="NA" RetryMechanismInterval="5" StatusConverter="None" WaitVE="0" WindowsToCapture="OnlyActiveWindow">
<InputValues>
<ActInputValue Guid="d043068b-b726-4a67-9da2-896b3ddb477e" Param="SQL" ParentGuid="00000000-0000-0000-0000-000000000000" Value="select service_id, subscriber_id, customer_id, final_status from tbap_item where order_action_id = {Var Name=Output Order Action ID} and final_status is not null" />
<ActInputValue Guid="09ce28a7-f7b4-431c-a6b1-784dfdee4005" Param="QueryTypeRadioButton" ParentGuid="00000000-0000-0000-0000-000000000000" Value="FreeSQL" />
<ActInputValue Guid="1a2a8680-3a71-4f9c-b01b-c3665edc3026" Param="QueryFile" ParentGuid="00000000-0000-0000-0000-000000000000" />
<ActInputValue Guid="b19a37cc-e7fe-4434-899b-bff9104ccfe8" Param="CommitDB" ParentGuid="00000000-0000-0000-0000-000000000000" />
</InputValues>

<ReturnValues>
<ActReturnValue Active="True" Guid="85a23c10-daaf-409b-a564-80d3bc54467f" Operator="Equals" Param="SERVICE_ID" ParentGuid="00000000-0000-0000-0000-000000000000" StoreTo="Variable" StoreToValue="Output service ID" />
<ActReturnValue Active="True" Guid="03a424f1-f25f-490e-bcb4-f4da48c12069" Operator="Equals" Param="SUBSCRIBER_ID" ParentGuid="00000000-0000-0000-0000-000000000000" StoreTo="Variable" StoreToValue="Output Subscriber ID" />
</ReturnValues>
</ActDBValidation>
<ActDBValidation Active="True" AppName="MyJavaApp" DBName="ABP" DBValidationType="FreeSQL" Description="Check subscriber table" Guid="26f01e18-4709-473d-a043-635003670ffa" MaxNumberOfRetries="2" ParentGuid="00000000-0000-0000-0000-000000000000" Platform="NA" RetryMechanismInterval="5" StatusConverter="None" WaitVE="0" WindowsToCapture="OnlyActiveWindow">
<InputValues>
<ActInputValue Guid="d043068b-b726-4a67-9da2-896b3ddb477e" Param="SQL" ParentGuid="00000000-0000-0000-0000-000000000000" Value="select sub_status, customer_id, l9_subscriber_type from subscriber where subscriber_no = {Var Name=Output Subscriber ID}" />
<ActInputValue Guid="09ce28a7-f7b4-431c-a6b1-784dfdee4005" Param="QueryTypeRadioButton" ParentGuid="00000000-0000-0000-0000-000000000000" Value="FreeSQL" />
<ActInputValue Guid="1a2a8680-3a71-4f9c-b01b-c3665edc3026" Param="QueryFile" ParentGuid="00000000-0000-0000-0000-000000000000" />
<ActInputValue Guid="b19a37cc-e7fe-4434-899b-bff9104ccfe8" Param="CommitDB" ParentGuid="00000000-0000-0000-0000-000000000000" />
</InputValues>

<ReturnValues>
<ActReturnValue Active="True" Guid="74072545-dfcb-4748-8e1a-1bb3af7a2393" mExpected="A" Operator="Equals" Param="SUB_STATUS" ParentGuid="00000000-0000-0000-0000-000000000000" StoreTo="None" />
<ActReturnValue Active="True" Guid="33b8c52d-2364-49a9-a621-6785e45f1d88" mExpected="{Var Name=Output Customer ID}" Operator="Equals" Param="CUSTOMER_ID" ParentGuid="00000000-0000-0000-0000-000000000000" StoreTo="None" />
<ActReturnValue Active="True" Guid="0cae006c-2a05-4998-acc5-4812b9b246b7" mExpected="{CS Exp=@{Actual}.Length} &gt; 1" Operator="Legacy" Param="L9_SUBSCRIBER_TYPE" ParentGuid="00000000-0000-0000-0000-000000000000" StoreTo="None" />
</ReturnValues>
</ActDBValidation>
<ActDBValidation Active="True" AppName="MyJavaApp" DBName="ABP" DBValidationType="FreeSQL" Description="Check BL1_RC_RATES Table " Guid="e40e7dc2-4a12-4bdd-8792-ede8674e6190" MaxNumberOfRetries="2" ParentGuid="00000000-0000-0000-0000-000000000000" Platform="NA" RetryMechanismInterval="5" StatusConverter="IgnoreFail" WaitVE="0" WindowsToCapture="OnlyActiveWindow">
<InputValues>
<ActInputValue Guid="d043068b-b726-4a67-9da2-896b3ddb477e" Param="SQL" ParentGuid="00000000-0000-0000-0000-000000000000" Value="select charge_code, amount, service_receiver_id, receiver_customer from bl1_rc_rates where agreement_no  = {Var Name=Output Subscriber ID}" />
<ActInputValue Guid="09ce28a7-f7b4-431c-a6b1-784dfdee4005" Param="QueryTypeRadioButton" ParentGuid="00000000-0000-0000-0000-000000000000" Value="FreeSQL" />
<ActInputValue Guid="1a2a8680-3a71-4f9c-b01b-c3665edc3026" Param="QueryFile" ParentGuid="00000000-0000-0000-0000-000000000000" />
<ActInputValue Guid="b19a37cc-e7fe-4434-899b-bff9104ccfe8" Param="CommitDB" ParentGuid="00000000-0000-0000-0000-000000000000" />
</InputValues>

<ReturnValues>
<ActReturnValue Active="True" Guid="97c97aa9-621a-4af1-8710-1a59cfb60391" mExpected="{CS Exp=@{Actual}.Length} &gt; 1" Operator="Legacy" Param="CHARGE_CODE" ParentGuid="00000000-0000-0000-0000-000000000000" Path="1" StoreTo="None" />
<ActReturnValue Active="True" Guid="2a5861c9-da7d-4504-a5a2-d96cd4c8adcb" mExpected="0" Operator="GreaterThan" Param="AMOUNT" ParentGuid="00000000-0000-0000-0000-000000000000" Path="1" StoreTo="None" />
<ActReturnValue Active="True" Guid="384262d8-bd1e-40cc-ae2f-b0ef2d7068c4" mExpected="{Var Name=Output Subscriber ID}" Operator="Equals" Param="SERVICE_RECEIVER_ID" ParentGuid="00000000-0000-0000-0000-000000000000" Path="1" StoreTo="None" />
<ActReturnValue Active="True" Guid="71051e1f-ecfc-4505-af32-b3b3f12eeb8c" mExpected="{Var Name=Output Customer ID}" Operator="Equals" Param="RECEIVER_CUSTOMER" ParentGuid="00000000-0000-0000-0000-000000000000" Path="1" StoreTo="None" />
<ActReturnValue Active="True" Guid="eef99590-ffd8-4ef1-ada3-ca2a43353f2b" mExpected="{CS Exp=@{Actual}.Length} &gt; 1" Operator="Legacy" Param="CHARGE_CODE" ParentGuid="00000000-0000-0000-0000-000000000000" Path="2" StoreTo="None" />
<ActReturnValue Active="True" Guid="fabffee6-e1f0-44a0-87e6-976b056fb480" mExpected="0" Operator="GreaterThan" Param="AMOUNT" ParentGuid="00000000-0000-0000-0000-000000000000" Path="2" StoreTo="None" />
<ActReturnValue Active="True" Guid="a575d31c-d5d1-44e0-b502-d4a5c081e8e8" mExpected="{Var Name=Output Subscriber ID}" Operator="Equals" Param="SERVICE_RECEIVER_ID" ParentGuid="00000000-0000-0000-0000-000000000000" Path="2" StoreTo="None" />
<ActReturnValue Active="True" Guid="6a52e519-5b4f-42ce-9d82-352c76ed5c36" mExpected="{Var Name=Output Customer ID}" Operator="Equals" Param="RECEIVER_CUSTOMER" ParentGuid="00000000-0000-0000-0000-000000000000" Path="2" StoreTo="None" />
</ReturnValues>
</ActDBValidation>
</Acts>

<Variables>
<VariableString Guid="64b63a97-e768-4fe6-84c3-55b391210d02" MappedOutputType="None" Name="Output service ID" ParentGuid="00000000-0000-0000-0000-000000000000" SetAsInputValue="False" />
<VariableString Guid="f5ed458f-2a72-4b4f-abab-42cf1bad64f2" MappedOutputType="None" Name="Output Subscriber ID" ParentGuid="00000000-0000-0000-0000-000000000000" SetAsInputValue="False" />
<VariableString Guid="5fa6836e-afdb-4ec6-a1d6-8834e617ff47" MappedOutputType="None" Name="Output Order ID" ParentGuid="00000000-0000-0000-0000-000000000000" SetAsInputValue="False" SetAsOutputValue="False" />
<VariableString Guid="524c68e2-b57e-4567-9e9d-ac35687a22a2" MappedOutputType="None" Name="Output Order Action ID" ParentGuid="00000000-0000-0000-0000-000000000000" SetAsInputValue="False" SetAsOutputValue="False" />
<VariableString Guid="80615315-dec8-4b1f-8266-bdd83f5ee25d" MappedOutputType="None" Name="Output Customer ID" ParentGuid="00000000-0000-0000-0000-000000000000" SetAsInputValue="False" SetAsOutputValue="False" />
<VariableString Guid="30c8dbda-8db9-4bf1-8ef4-c808233d7e65" MappedOutputType="None" Name="TempVar" ParentGuid="00000000-0000-0000-0000-000000000000" SetAsInputValue="False" SetAsOutputValue="False" />
</Variables>
</Activity></GingerRepositoryItem>