﻿<?xml version="1.0" encoding="utf-8"?>
<GingerRepositoryItem><Header ItemGuid="a82339f6-9c2f-46b5-b0d6-cdfb9956bd4f" ItemType="Activity" CreatedBy="christian.poblete" Created="202101151840" GingerVersion="3.6.0.0" Version="1" LastUpdateBy="christian.poblete" LastUpdate="202101151840" />
<Activity ActionRunOption="StopActionsRunOnFailure" Active="True" ActivityName="Launch CRM" AutomationStatus="Automated" ErrorHandlerMappingType="AllAvailableHandlers" Guid="a82339f6-9c2f-46b5-b0d6-cdfb9956bd4f" ParentGuid="00000000-0000-0000-0000-000000000000" PercentAutomated="92%" TargetApplication="Mediation">
<Acts>
<ActSetVariableValue Description="Set Parameter Action" Guid="daf7b155-8048-4632-aaa3-a19ce33d56b3" MaxNumberOfRetries="2" ParentGuid="00000000-0000-0000-0000-000000000000" Platform="NA" RetryMechanismInterval="5" SetVariableValueOption="SetValue" StatusConverter="None" VariableName="TempVar" WaitVE="0" WindowsToCapture="OnlyActiveWindow">
<InputValues>
<ActInputValue Guid="00da3ac0-eff1-4505-ac92-d64f19bed28b" Param="Value" ParentGuid="00000000-0000-0000-0000-000000000000" Value="{DS Name=DefaultDataSource DST=COP_Simplified_sanity MASD=N Query QUERY=db.COP_Simplified_sanity.select GINGER_KEY_VALUE where GINGER_KEY_NAME=&quot;EnvironmentName&quot;}" />
</InputValues>
</ActSetVariableValue>
<ActDummy Active="True" Description="Dummy Action - go to set DB connectionstring" Guid="f8d01597-b892-445f-9ea7-42e17876028b" MaxNumberOfRetries="2" ParentGuid="00000000-0000-0000-0000-000000000000" Platform="NA" RetryMechanismInterval="5" StatusConverter="None" WaitVE="0" WindowsToCapture="OnlyActiveWindow">
<FlowControls>
<FlowControl Active="True" BusinessFlowControlAction="GoToBusinessFlow" Condition="{CS Exp=@&quot;{Var Name=EnvironmentName}&quot;.Contains(@&quot;DT1&quot;)}" FlowControlAction="GoToAction" Guid="daa740f4-61d0-4c9b-8b7f-7ae218f1fe7f" Operator="Legacy" ParentGuid="00000000-0000-0000-0000-000000000000" Value="32e85f41-f86f-4b48-acce-8d4f7d02be75#GUID_NAME#Set OMS  DT1 connection string" />
<FlowControl Active="True" BusinessFlowControlAction="GoToBusinessFlow" Condition="{CS Exp=@&quot;{Var Name=EnvironmentName}&quot;.Contains(@&quot;DT2&quot;)}" FlowControlAction="GoToAction" Guid="bfb2fa96-f632-459f-a4fa-da254a068a5b" Operator="Legacy" ParentGuid="00000000-0000-0000-0000-000000000000" Value="876c7941-166e-4812-a7e5-cae5bc1d2eb3#GUID_NAME#Set OMS  DT2 connection string" />
</FlowControls>

<InputValues>
<ActInputValue Guid="02a62e41-0d5f-4f22-9b4a-9e0f4fb6cd4c" Param="Value" ParentGuid="00000000-0000-0000-0000-000000000000" />
</InputValues>
</ActDummy>
<ActSetVariableValue Active="True" Description="Set OMS  DT1 connection string" Guid="32e85f41-f86f-4b48-acce-8d4f7d02be75" MaxNumberOfRetries="2" ParentGuid="00000000-0000-0000-0000-000000000000" Platform="NA" RetryMechanismInterval="5" SetVariableValueOption="SetValue" StatusConverter="None" VariableName="DBOMSConnectionString" WaitVE="0" WindowsToCapture="OnlyActiveWindow">
<InputValues>
<ActInputValue Guid="abafbd50-b092-4d78-8ebc-3df3dc1fba99" Param="Value" ParentGuid="00000000-0000-0000-0000-000000000000" Value="Data Source=(description=(address=(protocol=tcp) (host=dtomsdb) (port=1582)) (connect_data=(sid=dtoms)));User Id=PRDOMS;Password=pass_4all;" />
</InputValues>
</ActSetVariableValue>
<ActSetVariableValue Active="True" Description="Set ABP  DT1 connection string" Guid="5049edd5-7b70-40db-9efa-2b8e72549f0d" MaxNumberOfRetries="2" ParentGuid="00000000-0000-0000-0000-000000000000" Platform="NA" RetryMechanismInterval="5" SetVariableValueOption="SetValue" StatusConverter="None" VariableName="DBABPConnectionString" WaitVE="0" WindowsToCapture="OnlyActiveWindow">
<FlowControls>
<FlowControl Active="True" BusinessFlowControlAction="GoToBusinessFlow" FlowControlAction="GoToAction" Guid="f6667d1f-eac3-48ac-808b-48cbb3bdc147" Operator="ActionPassed" ParentGuid="00000000-0000-0000-0000-000000000000" Value="cd1a916e-cb26-4e44-accb-34e4c70c21d8#GUID_NAME#Dummy Action - go to set URL" />
</FlowControls>

<InputValues>
<ActInputValue Guid="abafbd50-b092-4d78-8ebc-3df3dc1fba99" Param="Value" ParentGuid="00000000-0000-0000-0000-000000000000" Value="Data Source=(description=(address=(protocol=tcp) (host=dtabpdb) (port=1581)) (connect_data=(sid=dtabp)));User Id=PRDCUSTC;Password=pass_4all;" />
</InputValues>
</ActSetVariableValue>
<ActSetVariableValue Active="True" Description="Set OMS  DT2 connection string" Guid="876c7941-166e-4812-a7e5-cae5bc1d2eb3" MaxNumberOfRetries="2" ParentGuid="00000000-0000-0000-0000-000000000000" Platform="NA" RetryMechanismInterval="5" SetVariableValueOption="SetValue" StatusConverter="None" VariableName="DBOMSConnectionString" WindowsToCapture="OnlyActiveWindow">
<InputValues>
<ActInputValue Guid="abafbd50-b092-4d78-8ebc-3df3dc1fba99" Param="Value" ParentGuid="00000000-0000-0000-0000-000000000000" Value="Data Source=(description=(address=(protocol=tcp) (host=dtsomsdb) (port=1582)) (connect_data=(sid=dtsoms)));User Id=PRDOMS;Password=pass_4all;" />
</InputValues>
</ActSetVariableValue>
<ActSetVariableValue Active="True" Description="Set ABP  DT2 connection string" Guid="d3ffd5b9-e5b2-4ac8-94ba-795366f18820" MaxNumberOfRetries="2" ParentGuid="00000000-0000-0000-0000-000000000000" Platform="NA" RetryMechanismInterval="5" SetVariableValueOption="SetValue" StatusConverter="None" VariableName="DBABPConnectionString" WindowsToCapture="OnlyActiveWindow">
<FlowControls>
<FlowControl Active="True" BusinessFlowControlAction="GoToBusinessFlow" FlowControlAction="GoToAction" Guid="d130fa20-8cfe-4f2b-99b6-a0abf9e005df" Operator="ActionPassed" ParentGuid="00000000-0000-0000-0000-000000000000" Value="cd1a916e-cb26-4e44-accb-34e4c70c21d8#GUID_NAME#Dummy Action - go to set URL" />
</FlowControls>

<InputValues>
<ActInputValue Guid="abafbd50-b092-4d78-8ebc-3df3dc1fba99" Param="Value" ParentGuid="00000000-0000-0000-0000-000000000000" Value="Data Source=(description=(address=(protocol=tcp) (host=dtsabpdb) (port=1581)) (connect_data=(sid=dtsabp)));User Id=PRDCUSTC;Password=pass_4all;" />
</InputValues>
</ActSetVariableValue>
<ActDummy Active="True" Description="Dummy Action - go to set URL" Guid="cd1a916e-cb26-4e44-accb-34e4c70c21d8" MaxNumberOfRetries="2" ParentGuid="00000000-0000-0000-0000-000000000000" Platform="NA" RetryMechanismInterval="5" StatusConverter="None" WaitVE="0" WindowsToCapture="OnlyActiveWindow">
<FlowControls>
<FlowControl Active="True" BusinessFlowControlAction="GoToBusinessFlow" Condition="{CS Exp=@&quot;{Var Name=EnvironmentName}&quot;.Contains(@&quot;DT1&quot;)}" FlowControlAction="GoToAction" Guid="daa740f4-61d0-4c9b-8b7f-7ae218f1fe7f" Operator="Legacy" ParentGuid="00000000-0000-0000-0000-000000000000" Value="91f679f8-2326-42d6-88af-cce46dd9667b#GUID_NAME#Set DT1 URL" />
<FlowControl Active="True" BusinessFlowControlAction="GoToBusinessFlow" Condition="{CS Exp=@&quot;{Var Name=EnvironmentName}&quot;.Contains(@&quot;DT2&quot;)}" FlowControlAction="GoToAction" Guid="bfb2fa96-f632-459f-a4fa-da254a068a5b" Operator="Legacy" ParentGuid="00000000-0000-0000-0000-000000000000" Value="353c2bff-751c-434e-9ef9-5aa7f90ee2b6#GUID_NAME#Set DT2 URL" />
</FlowControls>

<InputValues>
<ActInputValue Guid="02a62e41-0d5f-4f22-9b4a-9e0f4fb6cd4c" Param="Value" ParentGuid="00000000-0000-0000-0000-000000000000" />
</InputValues>
</ActDummy>
<ActSetVariableValue Active="True" Description="Set DT1 URL" Guid="91f679f8-2326-42d6-88af-cce46dd9667b" MaxNumberOfRetries="2" ParentGuid="00000000-0000-0000-0000-000000000000" Platform="NA" RetryMechanismInterval="5" SetVariableValueOption="SetValue" StatusConverter="None" VariableName="CRM URL_2" WaitVE="0" WindowsToCapture="OnlyActiveWindow">
<FlowControls>
<FlowControl Active="True" BusinessFlowControlAction="GoToBusinessFlow" FlowControlAction="GoToAction" Guid="6dbe2348-7b89-4323-9a93-07024df333d6" Operator="ActionPassed" ParentGuid="00000000-0000-0000-0000-000000000000" Value="5eb8cb9c-a35a-4bb2-9aa7-fc7ee0edbfcd#GUID_NAME#Script Action" />
</FlowControls>

<InputValues>
<ActInputValue Guid="00b2cc75-5d8d-438e-a8d2-5387d6323220" Param="Value" ParentGuid="00000000-0000-0000-0000-000000000000" Value="http://amdocs-dt-crm-jnlp.global.dish.com/Crm/CRM/Crm.jnlp" />
</InputValues>
</ActSetVariableValue>
<ActSetVariableValue Active="True" Description="Set DT2 URL" Guid="353c2bff-751c-434e-9ef9-5aa7f90ee2b6" MaxNumberOfRetries="2" ParentGuid="00000000-0000-0000-0000-000000000000" Platform="NA" RetryMechanismInterval="5" SetVariableValueOption="SetValue" StatusConverter="None" VariableName="CRM URL_2" WaitVE="0" WindowsToCapture="OnlyActiveWindow">
<FlowControls>
<FlowControl Active="True" BusinessFlowControlAction="GoToBusinessFlow" FlowControlAction="GoToAction" Guid="10d401e7-f53c-4cf0-a0e2-0d3b909e717e" Operator="ActionPassed" ParentGuid="00000000-0000-0000-0000-000000000000" Value="5eb8cb9c-a35a-4bb2-9aa7-fc7ee0edbfcd#GUID_NAME#Script Action" />
</FlowControls>

<InputValues>
<ActInputValue Guid="00b2cc75-5d8d-438e-a8d2-5387d6323220" Param="Value" ParentGuid="00000000-0000-0000-0000-000000000000" Value="http://amdocs-dt2-crm-jnlp.global.dish.com/Crm/CRM/Crm.jnlp" />
</InputValues>
</ActSetVariableValue>
<ActScript Active="True" Description="Script Action" Guid="5eb8cb9c-a35a-4bb2-9aa7-fc7ee0edbfcd" MaxNumberOfRetries="2" ParentGuid="00000000-0000-0000-0000-000000000000" Platform="NA" RetryMechanismInterval="5" ScriptCommand="Script" ScriptInterpreterType="BAT" ScriptName="TerminateWindows.bat" ScriptPath="C:\DishAutomation\Dish\Documents\Scripts\" StatusConverter="None" WaitVE="0" WindowsToCapture="OnlyActiveWindow">
<InputValues>
<ActInputValue Guid="fc133364-08a3-4d1d-9170-0d381161a606" Param="Value" ParentGuid="00000000-0000-0000-0000-000000000000" />
</InputValues>
</ActScript>
<ActLaunchJavaWSApplication Active="True" AttachAgentProcessSyncTime="120" Description="Launch CRM" Guid="90d8ef46-1be1-434b-8aa6-de39e9dda42f" JavaWSEXEPath="C:\Program Files (x86)\Java\jdk1.8.0_271" MaxNumberOfRetries="2" ParentGuid="00000000-0000-0000-0000-000000000000" Platform="NA" Port="8888" RetryMechanismInterval="5" StatusConverter="None" Timeout="400" URL="{Var Name=CRM URL_2}" WaitForWindowTitle="Login" WaitForWindowTitleMaxTime="300" WaitVE="0" WindowsToCapture="OnlyActiveWindow">
<InputValues>
<ActInputValue Guid="011b518b-11d5-4613-836d-8e7c96c1aaef" Param="PortConfigParam" ParentGuid="00000000-0000-0000-0000-000000000000" Value="Manual" />
</InputValues>
</ActLaunchJavaWSApplication>
<ActScript Active="True" Description="Script Action" Guid="674aaff2-8450-4fe7-ab84-c1022e4faedf" MaxNumberOfRetries="2" ParentGuid="00000000-0000-0000-0000-000000000000" Platform="NA" RetryMechanismInterval="5" ScriptCommand="Script" ScriptInterpreterType="VBS" ScriptName="HandleLoginPopUps.vbs" ScriptPath="C:\DishAutomation\Dish\Documents\Scripts\" StatusConverter="None" WaitVE="0" WindowsToCapture="OnlyActiveWindow">
<InputValues>
<ActInputValue Guid="f2bd7fa9-37e8-4f3e-9cea-447389de9d67" Param="USERNAME" ParentGuid="00000000-0000-0000-0000-000000000000" Value="{Var Name=CRM User_2}" />
<ActInputValue Guid="1321de71-f19f-4873-b8ca-41a1709b969e" Param="PASSWORD" ParentGuid="00000000-0000-0000-0000-000000000000" Value="{Var Name=CRM Password_2}" />
</InputValues>
</ActScript>
<ActLaunchJavaWSApplication Active="True" AttachAgentProcessSyncTime="120" Description="Launch Java Application -  atthach Java client" Guid="5c9b388c-4b79-483e-997e-c089b95b292e" JavaWSEXEPath="C:\Program Files (x86)\Java\jdk1.8.0_271" LaunchJavaApplication="False" LaunchWithAgent="True" MaxNumberOfRetries="2" ParentGuid="00000000-0000-0000-0000-000000000000" Platform="NA" Port="8888" RetryMechanismInterval="5" StatusConverter="None" WaitForWindowTitle="Login" WaitForWindowTitleMaxTime="60" WaitForWindowWhenDoingLaunch="True" WaitVE="0" WindowsToCapture="OnlyActiveWindow">
<InputValues>
<ActInputValue Guid="e60b5ac0-6965-4f01-9de0-82f8484d37e9" Param="PortConfigParam" ParentGuid="00000000-0000-0000-0000-000000000000" Value="Manual" />
</InputValues>
</ActLaunchJavaWSApplication>
</Acts>

<Variables>
<VariableString Guid="d4444d48-2982-4871-933d-4e198b8d4de1" InitialStringValue="DT1" MappedOutputType="None" Name="TempVar" ParentGuid="00000000-0000-0000-0000-000000000000" SetAsInputValue="False" SetAsOutputValue="False" />
<VariableString Guid="53cc3d77-3877-45d0-aea8-4914392a89b8" MappedOutputType="None" Name="EnvironmentName" ParentGuid="00000000-0000-0000-0000-000000000000" SetAsInputValue="False" SetAsOutputValue="False" />
<VariableString Guid="d44f087e-5ece-42fa-aaf2-aa15d393d885" InitialStringValue="Data Source=(description=(address=(protocol=tcp) (host=dtomsdb) (port=1582)) (connect_data=(sid=dtoms)));User Id=PRDOMS;Password=pass_4all;" MappedOutputType="None" Name="DBOMSConnectionString" ParentGuid="00000000-0000-0000-0000-000000000000" SetAsInputValue="False" SetAsOutputValue="False" />
<VariableString Guid="c6f223e8-1a23-42fa-b8cc-df9d7ffdab1c" InitialStringValue="Data Source=(description=(address=(protocol=tcp) (host=dtabpdb) (port=1581)) (connect_data=(sid=dtabp)));User Id=PRDCUSTC;Password=pass_4all;" MappedOutputType="None" Name="DBABPConnectionString" ParentGuid="00000000-0000-0000-0000-000000000000" SetAsInputValue="False" SetAsOutputValue="False" />
<VariableString Guid="d44f087e-5ece-42fa-aaf2-aa15d393d885" InitialStringValue="Data Source=(description=(address=(protocol=tcp) (host=dtomsdb) (port=1582)) (connect_data=(sid=dtoms)));User Id=PRDOMS;Password=pass_4all;" MappedOutputType="None" Name="DBOMSConnectionString" ParentGuid="00000000-0000-0000-0000-000000000000" SetAsInputValue="False" SetAsOutputValue="False" />
<VariableString Guid="c6f223e8-1a23-42fa-b8cc-df9d7ffdab1c" InitialStringValue="Data Source=(description=(address=(protocol=tcp) (host=dtabpdb) (port=1581)) (connect_data=(sid=dtabp)));User Id=PRDCUSTC;Password=pass_4all;" MappedOutputType="None" Name="DBABPConnectionString" ParentGuid="00000000-0000-0000-0000-000000000000" SetAsInputValue="False" SetAsOutputValue="False" />
<VariableString Guid="a00aa0c0-a16f-47d3-9023-2922d67d5d2a" InitialStringValue="http://amdocs-dt-crm-jnlp.global.dish.com/Crm/CRM/Crm.jnlp" MappedOutputType="None" Name="CRM URL_2" ParentGuid="00000000-0000-0000-0000-000000000000" SetAsInputValue="False" SetAsOutputValue="False" />
<VariableString Guid="a00aa0c0-a16f-47d3-9023-2922d67d5d2a" InitialStringValue="http://amdocs-dt-crm-jnlp.global.dish.com/Crm/CRM/Crm.jnlp" MappedOutputType="None" Name="CRM URL_2" ParentGuid="00000000-0000-0000-0000-000000000000" SetAsInputValue="False" SetAsOutputValue="False" />
<VariableString Guid="4f398f3d-345c-4d0b-9738-5052dade38e1" InitialStringValue="Asmsa1" MappedOutputType="None" Name="CRM User_2" ParentGuid="00000000-0000-0000-0000-000000000000" SetAsInputValue="False" SetAsOutputValue="False" />
<VariableString Guid="600a3409-3931-4b9d-99c3-d3f37ccc496a" InitialStringValue="Asmsa212" MappedOutputType="None" Name="CRM Password_2" ParentGuid="00000000-0000-0000-0000-000000000000" SetAsInputValue="False" SetAsOutputValue="False" />
</Variables>
</Activity></GingerRepositoryItem>