﻿<?xml version="1.0" encoding="utf-8"?>
<GingerRepositoryItem><Header ItemGuid="772d58bc-60ca-44ea-88a6-74fcdcf1dc40" ItemType="Activity" CreatedBy="christian.poblete" Created="202101151840" GingerVersion="3.6.0.0" Version="1" LastUpdateBy="christian.poblete" LastUpdate="202101151840" />
<Activity ActionRunOption="StopActionsRunOnFailure" Active="True" ActivityName="Load CRM login data" AutomationStatus="Automated" ErrorHandlerMappingType="AllAvailableHandlers" Guid="772d58bc-60ca-44ea-88a6-74fcdcf1dc40" ParentGuid="00000000-0000-0000-0000-000000000000" PercentAutomated="0%" TargetApplication="MyJavaApp">
<Acts>
<ActExcel Description="Excel Action" ExcelActionType="ReadCellData" Guid="a7b4b04a-bf20-4050-8965-6e3001574ab7" MaxNumberOfRetries="2" ParentGuid="00000000-0000-0000-0000-000000000000" Platform="NA" RetryMechanismInterval="5" StatusConverter="None" TakeScreenShot="True" WindowsToCapture="OnlyActiveWindow">
<InputValues>
<ActInputValue Guid="13efcb8c-533c-4390-b5c2-276ef9a4a782" Param="ColMappingRules" ParentGuid="00000000-0000-0000-0000-000000000000" />
<ActInputValue Guid="1c4179b0-14db-4dbd-9028-b0b726fb890b" Param="ExcelFileName" ParentGuid="00000000-0000-0000-0000-000000000000" Value="~\\DOCUMENTS\EXCEL\PROVIDEDATAFILE.XLSX" />
</InputValues>
</ActExcel>
</Acts>
</Activity></GingerRepositoryItem>