﻿<?xml version="1.0" encoding="utf-8"?>
<GingerRepositoryItem><Header ItemGuid="2cadb8b5-288d-4117-8f29-e55ef3b26ea1" ItemType="Activity" CreatedBy="christian.poblete" Created="202101211428" GingerVersion="3.6.0.0" Version="1" LastUpdateBy="christian.poblete" LastUpdate="202101211428" />
<Activity ActionRunOption="StopActionsRunOnFailure" Active="True" ActivityName="NPC - 4 - Equipment - for mandatory equipment" AutomationStatus="Automated" ErrorHandlerMappingType="AllAvailableHandlers" Guid="2cadb8b5-288d-4117-8f29-e55ef3b26ea1" ParentGuid="00000000-0000-0000-0000-000000000000" PercentAutomated="64%" TargetApplication="MyJavaApp">
<Acts>
<ActSetVariableValue Active="True" Description="Reset counter" Guid="0888256f-a88d-46ed-ada8-adab480aeb30" MaxNumberOfRetries="2" ParentGuid="00000000-0000-0000-0000-000000000000" Platform="NA" RetryMechanismInterval="5" SetVariableValueOption="SetValue" StatusConverter="None" TakeScreenShot="True" VariableName="Counter" WaitVE="0" WindowsToCapture="OnlyActiveWindow">
<InputValues>
<ActInputValue Guid="e899207d-2e93-4605-b98f-fbb340327d54" Param="Value" ParentGuid="00000000-0000-0000-0000-000000000000" Value="0" />
</InputValues>
</ActSetVariableValue>
<ActDummy Description="Check if equipment is to be added" Guid="2a42b5b0-446d-4f5d-a8ff-1f6405d73d0c" MaxNumberOfRetries="2" ParentGuid="00000000-0000-0000-0000-000000000000" Platform="NA" RetryMechanismInterval="5" StatusConverter="None" TakeScreenShot="True" WaitVE="0" WindowsToCapture="OnlyActiveWindow">
<FlowControls>
<FlowControl Active="True" BusinessFlowControlAction="GoToBusinessFlow" Condition="({CS Exp=@&quot;{Var Name=Equipment receiver ID}&quot;.Length})&gt;20" FlowControlAction="GoToNextActivity" Guid="570d8a5b-8433-4645-849a-4b5ebe08effb" Operator="Legacy" ParentGuid="00000000-0000-0000-0000-000000000000" />
<FlowControl Active="True" BusinessFlowControlAction="GoToBusinessFlow" Condition="({CS Exp=@&quot;{Var Name=Equipment receiver ID}&quot;.Length})=0" FlowControlAction="GoToNextActivity" Guid="b389913a-48bd-4879-96a1-67e135f3313f" Operator="Legacy" ParentGuid="00000000-0000-0000-0000-000000000000" />
</FlowControls>

<InputValues>
<ActInputValue Guid="91c74bff-7680-45eb-9c71-8135c1cc83fa" Param="Value" ParentGuid="00000000-0000-0000-0000-000000000000" />
</InputValues>
</ActDummy>
<ActBrowserElement Active="True" Description="Initialize Browser - JExplorerBrowser" EnableRetryMechanism="True" Guid="dc3a5506-0858-4518-8ad5-374403203451" ImplicitWait="60" MaxNumberOfRetries="10" ParentGuid="00000000-0000-0000-0000-000000000000" Platform="Java" RetryMechanismInterval="3" StatusConverter="None" TakeScreenShot="True" WaitVE="0" WindowsToCapture="OnlyActiveWindow">
<InputValues>
<ActInputValue Guid="3fc9c4df-f569-4ced-8318-976e84fe06dd" Param="LocateBy" ParentGuid="00000000-0000-0000-0000-000000000000" Value="ByXPath" />
<ActInputValue Guid="e8b756e9-be68-4e4a-9139-1a93dedb7506" Param="LocateValue" ParentGuid="00000000-0000-0000-0000-000000000000" Value="//com.amdocs.uif.widgets.browser.JxBrowserBrowserComponent[0]" />
<ActInputValue Guid="3c22f568-b8e4-40c3-82d9-e662d1744bae" Param="Value" ParentGuid="00000000-0000-0000-0000-000000000000" />
<ActInputValue Guid="a39a70cf-1704-40db-8ba5-78b91f2efde6" Param="ControlAction" ParentGuid="00000000-0000-0000-0000-000000000000" Value="InitializeBrowser" />
<ActInputValue Guid="e589a9a2-9fa9-44f5-9226-3678062cd44a" Param="GotoURLType" ParentGuid="00000000-0000-0000-0000-000000000000" Value="Current" />
<ActInputValue Guid="32a3219e-7652-4c3c-8ca6-fdf41585fc04" Param="URLSrc" ParentGuid="00000000-0000-0000-0000-000000000000" Value="Static" />
<ActInputValue Guid="e7f204e7-8d26-4d41-8f99-bd26d10bb7b6" Param="PomGUID" ParentGuid="00000000-0000-0000-0000-000000000000" />
</InputValues>
</ActBrowserElement>
<ActSetVariableValue Active="True" Description="Increase counter" Guid="da21f0d6-1199-4708-a121-7b69851d242d" MaxNumberOfRetries="2" ParentGuid="00000000-0000-0000-0000-000000000000" Platform="NA" RetryMechanismInterval="5" SetVariableValueOption="SetValue" StatusConverter="None" TakeScreenShot="True" VariableName="Counter" WaitVE="0" WindowsToCapture="OnlyActiveWindow">
<InputValues>
<ActInputValue Guid="c1acefbf-158c-4f44-a72d-5a83b016f82c" Param="Value" ParentGuid="00000000-0000-0000-0000-000000000000" Value="{VBS Eval={Var Name=Counter}+1}" />
</InputValues>
</ActSetVariableValue>
<ActUIElement Active="True" Description="Get Equipment menu position" Guid="0a09b8f2-0193-4cc6-8b6e-363f97b08d3f" MaxNumberOfRetries="2" ParentGuid="00000000-0000-0000-0000-000000000000" Platform="Java" RetryMechanismInterval="5" StatusConverter="None" TakeScreenShot="True" WaitVE="0" WindowsToCapture="OnlyActiveWindow">
<FlowControls>
<FlowControl Active="True" BusinessFlowControlAction="GoToBusinessFlow" FlowControlAction="GoToAction" Guid="82b848e9-1b83-402e-a237-973a940eac57" Operator="ActionFailed" ParentGuid="00000000-0000-0000-0000-000000000000" Value="da21f0d6-1199-4708-a121-7b69851d242d#GUID_NAME#Increase counter" />
</FlowControls>

<InputValues>
<ActInputValue Guid="a61925e4-28d1-4be3-b2f4-5fa2ae9e3b9e" Param="ElementAction" ParentGuid="00000000-0000-0000-0000-000000000000" Value="GetValue" />
<ActInputValue Guid="750c4e0c-0b09-46d9-9f65-1d4cf60a2634" Param="ElementType" ParentGuid="00000000-0000-0000-0000-000000000000" Value="Div" />
<ActInputValue Guid="297f692a-7cfe-4827-ad9e-84640a8f64bf" Param="IsWidgetsElement" ParentGuid="00000000-0000-0000-0000-000000000000" Value="true" />
<ActInputValue Guid="d682e30d-f2ec-48b2-bade-d485e986890a" Param="Value" ParentGuid="00000000-0000-0000-0000-000000000000" />
<ActInputValue Guid="f56e046a-b233-43c8-a880-5bc1fded45d0" Param="ElementLocateBy" ParentGuid="00000000-0000-0000-0000-000000000000" Value="ByXPath" />
<ActInputValue Guid="c23d7db7-2491-40c9-81db-5fe07587da5d" Param="ElementLocateValue" ParentGuid="00000000-0000-0000-0000-000000000000" Value="//div[@id='ConfigureMultiProducts-widget']/div/div[3]/div/div/div[4]/div[2]/div/div/div/div/div/div[3]/div/div/div[2]/div/ul/li[{Var Name=Counter}]/div" />
<ActInputValue Guid="3b483fcf-eb62-4a7d-9571-29f35c56c06a" Param="ValueToSelect" ParentGuid="00000000-0000-0000-0000-000000000000" />
<ActInputValue Guid="e51dfba6-a3c5-4bf5-bf0f-f469ed5e9bb6" Param="XCoordinate" ParentGuid="00000000-0000-0000-0000-000000000000" />
<ActInputValue Guid="9ccc2fbb-f4db-452a-8531-d91741254316" Param="YCoordinate" ParentGuid="00000000-0000-0000-0000-000000000000" />
<ActInputValue Guid="7d345629-523f-4b6d-b9f4-8f3eb0c6dab4" Param="ControlAction" ParentGuid="00000000-0000-0000-0000-000000000000" />
<ActInputValue Guid="deea234d-a833-4dfa-8f50-d2b5db88ce86" Param="TargetLocateBy" ParentGuid="00000000-0000-0000-0000-000000000000" Value="NA" />
<ActInputValue Guid="fd305667-fd65-470a-ad7c-b7bf56f6b4e2" Param="TargetElementType" ParentGuid="00000000-0000-0000-0000-000000000000" Value="Unknown" />
<ActInputValue Guid="03c40798-e619-4c11-89ae-2359771a5632" Param="HandleElementType" ParentGuid="00000000-0000-0000-0000-000000000000" Value="Unknown" />
<ActInputValue Guid="ecbe10f5-cbd5-4a5a-83ce-e416eda9d757" Param="HandleActionType" ParentGuid="00000000-0000-0000-0000-000000000000" Value="Unknown" />
</InputValues>

<ReturnValues>
<ActReturnValue Active="True" Guid="72e7016b-f68f-4294-8043-d116657d7159" mExpected="Equipment" Operator="Equals" Param="Actual0" ParentGuid="00000000-0000-0000-0000-000000000000" StoreTo="None" />
</ReturnValues>
</ActUIElement>
<ActUIElement Active="True" Description="Click : equipment menu" Guid="6d2213d3-bd7b-486a-9a00-a68ecee6e278" MaxNumberOfRetries="2" ParentGuid="00000000-0000-0000-0000-000000000000" Platform="Java" RetryMechanismInterval="5" StatusConverter="None" TakeScreenShot="True" WaitVE="0" WindowsToCapture="OnlyActiveWindow">
<InputValues>
<ActInputValue Guid="7f2fddfe-995d-4e15-9bb4-ecdf321f9565" Param="ElementAction" ParentGuid="00000000-0000-0000-0000-000000000000" Value="Click" />
<ActInputValue Guid="c1143b06-779a-433f-9c62-463de7d8dc76" Param="ElementType" ParentGuid="00000000-0000-0000-0000-000000000000" Value="Div" />
<ActInputValue Guid="cb23ee21-6b11-434c-9434-38bc58e5381d" Param="IsWidgetsElement" ParentGuid="00000000-0000-0000-0000-000000000000" Value="true" />
<ActInputValue Guid="75c53962-5ba0-4a7c-ae3e-84ebafa74f7e" Param="Value" ParentGuid="00000000-0000-0000-0000-000000000000" />
<ActInputValue Guid="b51ea09a-29dd-42b0-b5a4-25971cb6e280" Param="ElementLocateBy" ParentGuid="00000000-0000-0000-0000-000000000000" Value="ByXPath" />
<ActInputValue Guid="52f43ee8-685f-4805-8e1f-894e80675618" Param="ElementLocateValue" ParentGuid="00000000-0000-0000-0000-000000000000" Value="//div[@id='ConfigureMultiProducts-widget']/div/div[3]/div/div/div[4]/div[2]/div/div/div/div/div/div[3]/div/div/div[2]/div/ul/li[{Var Name=Counter}]/div" />
<ActInputValue Guid="3a5ebf47-9fce-44be-aec0-f41db7f44482" Param="ValueToSelect" ParentGuid="00000000-0000-0000-0000-000000000000" />
<ActInputValue Guid="2770e741-3638-4ba9-a50e-bee985804962" Param="TargetLocateBy" ParentGuid="00000000-0000-0000-0000-000000000000" Value="NA" />
<ActInputValue Guid="888be320-47e6-4a28-965b-dafc715777aa" Param="TargetElementType" ParentGuid="00000000-0000-0000-0000-000000000000" Value="Unknown" />
<ActInputValue Guid="11a53529-4fca-4260-acc4-25bb8dfa8034" Param="HandleElementType" ParentGuid="00000000-0000-0000-0000-000000000000" Value="Unknown" />
<ActInputValue Guid="6d3ffcf7-97c9-4f03-aef3-cfaa53f84be4" Param="HandleActionType" ParentGuid="00000000-0000-0000-0000-000000000000" Value="Unknown" />
</InputValues>
</ActUIElement>
<ActUIElement Active="True" Description="SetValue : Receiver ID" Guid="e215b953-c00a-433a-8409-f0e9c7acd1e7" MaxNumberOfRetries="2" ParentGuid="00000000-0000-0000-0000-000000000000" Platform="Java" RetryMechanismInterval="5" StatusConverter="None" TakeScreenShot="True" WaitVE="0" WindowsToCapture="OnlyActiveWindow">
<InputValues>
<ActInputValue Guid="85318b81-b84b-452a-b33f-6d91afa88b54" Param="ElementAction" ParentGuid="00000000-0000-0000-0000-000000000000" Value="SetValue" />
<ActInputValue Guid="59040e5c-2054-42d9-af77-b7c6a0211c55" Param="ElementType" ParentGuid="00000000-0000-0000-0000-000000000000" Value="TextBox" />
<ActInputValue Guid="92eaf191-be23-4d29-848b-78d70a0f522f" Param="IsWidgetsElement" ParentGuid="00000000-0000-0000-0000-000000000000" Value="true" />
<ActInputValue Guid="b7e868ed-ae10-48ee-aa42-c7e53720a785" Param="Value" ParentGuid="00000000-0000-0000-0000-000000000000" Value="{Var Name=Equipment receiver ID}" />
<ActInputValue Guid="e1a1bb34-a610-4cae-821a-7e1229a0b30c" Param="ElementLocateBy" ParentGuid="00000000-0000-0000-0000-000000000000" Value="ByRelXPath" />
<ActInputValue Guid="67b4fe1d-1dbb-4094-b492-57774e79c668" Param="ElementLocateValue" ParentGuid="00000000-0000-0000-0000-000000000000" Value="//div[@id='NPCContent']/div/div[5]/div/div[2]/div[2]/div[2]/div[2]/div/div[2]/div/input" />
<ActInputValue Guid="d3f33039-56d4-4760-8c0c-dba802caa3ca" Param="TargetLocateBy" ParentGuid="00000000-0000-0000-0000-000000000000" Value="NA" />
<ActInputValue Guid="33feeb10-f559-4246-8f7b-6fa9256d6f38" Param="TargetElementType" ParentGuid="00000000-0000-0000-0000-000000000000" Value="Unknown" />
<ActInputValue Guid="96ed6a2c-b4fd-4ac3-97a2-0a0d601ce28e" Param="HandleElementType" ParentGuid="00000000-0000-0000-0000-000000000000" Value="Unknown" />
<ActInputValue Guid="1f292c48-5af8-4b58-b61e-192d384a157b" Param="HandleActionType" ParentGuid="00000000-0000-0000-0000-000000000000" Value="Unknown" />
</InputValues>
</ActUIElement>
<ActUIElement Active="True" Description="SetValue : Smartcard ID" EnableRetryMechanism="True" Guid="191f4d17-7ebe-416e-96c5-0c8742f16a6c" MaxNumberOfRetries="3" ParentGuid="00000000-0000-0000-0000-000000000000" Platform="Java" RetryMechanismInterval="2" StatusConverter="None" TakeScreenShot="True" WaitVE="0" WindowsToCapture="OnlyActiveWindow">
<FlowControls>
<FlowControl Active="True" BusinessFlowControlAction="GoToBusinessFlow" FlowControlAction="StopRun" Guid="b271e405-dc48-45a0-a23d-16b82af3cf25" Operator="ActionFailed" ParentGuid="00000000-0000-0000-0000-000000000000" />
</FlowControls>

<InputValues>
<ActInputValue Guid="8289ddeb-df17-43f6-bc70-4b964f70da24" Param="ElementAction" ParentGuid="00000000-0000-0000-0000-000000000000" Value="SetValue" />
<ActInputValue Guid="32d94e51-d980-4848-bdd7-09975c993c7f" Param="ElementType" ParentGuid="00000000-0000-0000-0000-000000000000" Value="TextBox" />
<ActInputValue Guid="2ab84db0-f9f1-4784-9352-875c65a1ce18" Param="IsWidgetsElement" ParentGuid="00000000-0000-0000-0000-000000000000" Value="true" />
<ActInputValue Guid="551aeab9-7ab2-4717-9b9f-5316deae65c4" Param="Value" ParentGuid="00000000-0000-0000-0000-000000000000" Value="{Var Name=Equipment smartcard ID}" />
<ActInputValue Guid="ce860f64-53e0-4279-8273-37f2a08c05ce" Param="ElementLocateBy" ParentGuid="00000000-0000-0000-0000-000000000000" Value="ByRelXPath" />
<ActInputValue Guid="700dbea5-b179-4e11-8dbd-70240507dc8a" Param="ElementLocateValue" ParentGuid="00000000-0000-0000-0000-000000000000" Value="//div[@id='NPCContent']/div/div[5]/div/div[2]/div[2]/div[2]/div[2]/div[2]/div[2]/div/input" />
<ActInputValue Guid="9c1f9ac8-2f21-45c0-9e96-9bf8ef4ec42f" Param="TargetLocateBy" ParentGuid="00000000-0000-0000-0000-000000000000" Value="NA" />
<ActInputValue Guid="3bc671ac-336e-445c-a318-b3054a6b5bf9" Param="TargetElementType" ParentGuid="00000000-0000-0000-0000-000000000000" Value="Unknown" />
<ActInputValue Guid="8232f0ad-8c33-417c-9c3a-2e77b3498e32" Param="HandleElementType" ParentGuid="00000000-0000-0000-0000-000000000000" Value="Unknown" />
<ActInputValue Guid="0c0ba831-1eaa-415a-b655-59a8de31ebff" Param="HandleActionType" ParentGuid="00000000-0000-0000-0000-000000000000" Value="Unknown" />
</InputValues>
</ActUIElement>
<ActUIElement Description="Verify Equipment is added" EnableRetryMechanism="True" Guid="9ca507c5-013d-4107-9021-5a0ae40e793f" MaxNumberOfRetries="3" ParentGuid="00000000-0000-0000-0000-000000000000" Platform="Java" RetryMechanismInterval="3" StatusConverter="InvertStatus" TakeScreenShot="True" WaitVE="3" WindowsToCapture="OnlyActiveWindow">
<InputValues>
<ActInputValue Guid="e5252147-07bc-4ab6-90d3-ed2da0c7fa24" Param="ElementAction" ParentGuid="00000000-0000-0000-0000-000000000000" Value="IsVisible" />
<ActInputValue Guid="d334deda-3352-45ff-81b5-207f7d2a1835" Param="ElementType" ParentGuid="00000000-0000-0000-0000-000000000000" Value="HyperLink" />
<ActInputValue Guid="7fba60a8-cd92-4f32-9ba6-bc9d26b5ce8b" Param="IsWidgetsElement" ParentGuid="00000000-0000-0000-0000-000000000000" Value="true" />
<ActInputValue Guid="5c2747ee-4c41-4d39-a07d-7fe5970c9c57" Param="Value" ParentGuid="00000000-0000-0000-0000-000000000000" />
<ActInputValue Guid="fb4216fe-32d0-4282-a275-206ad16b30a2" Param="ElementLocateBy" ParentGuid="00000000-0000-0000-0000-000000000000" Value="ByRelXPath" />
<ActInputValue Guid="c6d20002-be2b-449c-818b-35324afedc54" Param="ElementLocateValue" ParentGuid="00000000-0000-0000-0000-000000000000" Value="//div[@id='NPCContent']/div/div[6]/div/div[2]/div[2]/div[4]/div[2]/a" />
<ActInputValue Guid="32123eb4-42d5-41c3-a2a2-c2129e9e2686" Param="TargetLocateBy" ParentGuid="00000000-0000-0000-0000-000000000000" Value="NA" />
<ActInputValue Guid="76b046ae-4c3f-422f-8a2d-b0e023131bbf" Param="TargetElementType" ParentGuid="00000000-0000-0000-0000-000000000000" Value="Unknown" />
<ActInputValue Guid="79da5b36-90c8-4cec-8215-22fd145be625" Param="HandleElementType" ParentGuid="00000000-0000-0000-0000-000000000000" Value="Unknown" />
<ActInputValue Guid="6118c94f-eb51-4b7a-af16-0e50bce91418" Param="HandleActionType" ParentGuid="00000000-0000-0000-0000-000000000000" Value="Unknown" />
</InputValues>

<ReturnValues>
<ActReturnValue Active="True" Guid="b32f64d6-9b23-4265-b212-94b80d43e95c" mExpected="false" Operator="Equals" Param="Actual0" ParentGuid="00000000-0000-0000-0000-000000000000" StoreTo="None" />
</ReturnValues>
</ActUIElement>
<ActUIElement Description="Click : btnPreviousStep" Guid="96901946-eb31-4a12-bd24-0c6267193ce0" MaxNumberOfRetries="2" ParentGuid="00000000-0000-0000-0000-000000000000" Platform="Java" RetryMechanismInterval="5" StatusConverter="None" TakeScreenShot="True" WindowsToCapture="OnlyActiveWindow">
<InputValues>
<ActInputValue Guid="be5ab0b3-ac8f-4b56-b597-4bb45a9260cf" Param="ElementAction" ParentGuid="00000000-0000-0000-0000-000000000000" Value="Click" />
<ActInputValue Guid="1f90fd79-70e1-40d7-b2a1-f501947b7d57" Param="ElementType" ParentGuid="00000000-0000-0000-0000-000000000000" Value="Button" />
<ActInputValue Guid="4a870e9c-51cd-4183-945b-5c48cea6a130" Param="Value" ParentGuid="00000000-0000-0000-0000-000000000000" />
<ActInputValue Guid="c9a025b7-0c6b-4a6b-bf7c-4408ebad52d7" Param="ElementLocateBy" ParentGuid="00000000-0000-0000-0000-000000000000" Value="ByXPath" />
<ActInputValue Guid="d3e74d08-2620-47ec-ab51-9435a1b29879" Param="ElementLocateValue" ParentGuid="00000000-0000-0000-0000-000000000000" Value="/javax.swing.JRootPane[0]/null.layeredPane/null.contentPane/javax.swing.JSplitPane[0]/com.amdocs.uif.workspace.desktop.AppDesktopPane[0]/com.amdocs.oms.phd.order.OrderingFrameworkPHD/javax.swing.JRootPane[0]/null.layeredPane/root/javax.swing.JViewport[0]/root/pnlNavigationButtons/[[Name:btnPreviousStep][ClassName:com.amdocs.uif.widgets.ButtonNative$JXButton]]" />
<ActInputValue Guid="127c0836-cacb-4559-b9e1-5c43a4f46d7d" Param="ValueToSelect" ParentGuid="00000000-0000-0000-0000-000000000000" />
<ActInputValue Guid="b78b1ddb-ca47-4b7f-bf01-ce42e438e401" Param="TargetLocateBy" ParentGuid="00000000-0000-0000-0000-000000000000" Value="NA" />
<ActInputValue Guid="fe7fd6d9-4af2-46d1-98f0-aabd9839ca46" Param="TargetElementType" ParentGuid="00000000-0000-0000-0000-000000000000" Value="Unknown" />
<ActInputValue Guid="7e692335-b267-4738-8e70-da3cfed0de5b" Param="HandleElementType" ParentGuid="00000000-0000-0000-0000-000000000000" Value="Unknown" />
<ActInputValue Guid="4df49de2-7baf-4cf0-a6d5-510b475c06b4" Param="HandleActionType" ParentGuid="00000000-0000-0000-0000-000000000000" Value="Unknown" />
<ActInputValue Guid="bbf60842-64b7-468a-8ed4-18b593c1416a" Param="IsWidgetsElement" ParentGuid="00000000-0000-0000-0000-000000000000" Value="false" />
<ActInputValue Guid="b42dd7ea-a64c-4cfc-a35c-0be6ccc98d0e" Param="WaitforIdle" ParentGuid="00000000-0000-0000-0000-000000000000" Value="Medium" />
</InputValues>
</ActUIElement>
<ActUIElement Description="Click : btnNextStep" Guid="217fc732-e5eb-4b0f-8a69-6a8e58fcf106" MaxNumberOfRetries="2" ParentGuid="00000000-0000-0000-0000-000000000000" Platform="Java" RetryMechanismInterval="5" StatusConverter="None" TakeScreenShot="True" WindowsToCapture="OnlyActiveWindow">
<InputValues>
<ActInputValue Guid="a8cd54e4-eb8e-4a66-9cbc-a2bf88a267a7" Param="ElementAction" ParentGuid="00000000-0000-0000-0000-000000000000" Value="Click" />
<ActInputValue Guid="33c1e5cb-cf88-4083-81ee-dd8dcbdb24a9" Param="ElementType" ParentGuid="00000000-0000-0000-0000-000000000000" Value="Button" />
<ActInputValue Guid="cf966ff2-6671-44f2-bf63-7ecea39a83f7" Param="Value" ParentGuid="00000000-0000-0000-0000-000000000000" />
<ActInputValue Guid="ed6bb69f-f784-45b7-b351-c9d7a177820e" Param="ElementLocateBy" ParentGuid="00000000-0000-0000-0000-000000000000" Value="ByXPath" />
<ActInputValue Guid="69e72d61-c2af-41ee-9420-1f3419614f6f" Param="ElementLocateValue" ParentGuid="00000000-0000-0000-0000-000000000000" Value="/javax.swing.JRootPane[0]/null.layeredPane/null.contentPane/javax.swing.JSplitPane[0]/com.amdocs.uif.workspace.desktop.AppDesktopPane[0]/com.amdocs.oms.phd.order.OrderingFrameworkPHD/javax.swing.JRootPane[0]/null.layeredPane/root/javax.swing.JViewport[0]/root/pnlNavigationButtons/[[Name:btnNextStep][ClassName:com.amdocs.uif.widgets.ButtonNative$JXButton]]" />
<ActInputValue Guid="fb5d3be8-d7aa-45b9-9b88-9e1757972237" Param="ValueToSelect" ParentGuid="00000000-0000-0000-0000-000000000000" />
<ActInputValue Guid="3a7ebab9-688b-429e-9452-da2394b967c5" Param="TargetLocateBy" ParentGuid="00000000-0000-0000-0000-000000000000" Value="NA" />
<ActInputValue Guid="f018dbf7-38ae-46dc-a948-484f99d4a29d" Param="TargetElementType" ParentGuid="00000000-0000-0000-0000-000000000000" Value="Unknown" />
<ActInputValue Guid="fa03b13c-fec2-409e-a003-003ecbe784a9" Param="HandleElementType" ParentGuid="00000000-0000-0000-0000-000000000000" Value="Unknown" />
<ActInputValue Guid="d4c4bdcd-ab29-44f0-80a0-496d7c0cb3b0" Param="HandleActionType" ParentGuid="00000000-0000-0000-0000-000000000000" Value="Unknown" />
<ActInputValue Guid="061d789f-d9f3-492b-8439-58978260ad10" Param="IsWidgetsElement" ParentGuid="00000000-0000-0000-0000-000000000000" Value="false" />
<ActInputValue Guid="24a1b4f9-cfcf-453f-90a9-3a6759e0b802" Param="WaitforIdle" ParentGuid="00000000-0000-0000-0000-000000000000" Value="Medium" />
</InputValues>
</ActUIElement>
</Acts>

<Variables>
<VariableString Guid="2f196a8e-a129-499a-aae2-cb55a2614bac" MappedOutputType="None" Name="EquipmentReceiverIDTemp" ParentGuid="00000000-0000-0000-0000-000000000000" SetAsInputValue="False" SetAsOutputValue="False" />
<VariableString Guid="403a5109-22bb-4325-a184-146dff31de0a" InitialStringValue="3" MappedOutputType="None" Name="Counter" ParentGuid="00000000-0000-0000-0000-000000000000" SetAsInputValue="False" SetAsOutputValue="False" />
<VariableString Guid="acb60cbc-b110-4e2f-8c54-52d59bdf826b" MappedOutputType="None" Name="Equipment receiver ID" ParentGuid="00000000-0000-0000-0000-000000000000" SetAsInputValue="False" SetAsOutputValue="False" />
<VariableString Guid="829857d4-0b21-4493-967a-ea2f5ee741ca" MappedOutputType="None" Name="Equipment smartcard ID" ParentGuid="00000000-0000-0000-0000-000000000000" SetAsInputValue="False" SetAsOutputValue="False" />
</Variables>
</Activity></GingerRepositoryItem>