﻿<?xml version="1.0" encoding="utf-8"?>
<GingerRepositoryItem><Header ItemGuid="e2c39e4e-660b-4689-b203-ddfea4776db6" ItemType="Activity" CreatedBy="christian.poblete" Created="202101111832" GingerVersion="3.6.0.0" Version="1" LastUpdateBy="christian.poblete" LastUpdate="202101111832" />
<Activity ActionRunOption="StopActionsRunOnFailure" Active="True" ActivityName="NPC - 1 - Plan configuration" AutomationStatus="Automated" ErrorHandlerMappingType="AllAvailableHandlers" Guid="e2c39e4e-660b-4689-b203-ddfea4776db6" ParentGuid="00000000-0000-0000-0000-000000000000" PercentAutomated="100%" TargetApplication="MyJavaApp">
<Acts>
<ActBrowserElement Active="True" Description="Initialize Browser Automatically - JExplorerBrowser" EnableRetryMechanism="True" Guid="c12f7ec2-1e0a-4da0-a1d7-041df5a5cc6e" ImplicitWait="60" MaxNumberOfRetries="11" ParentGuid="00000000-0000-0000-0000-000000000000" Platform="Java" RetryMechanismInterval="3" StatusConverter="None" TakeScreenShot="True" WaitVE="0" WindowsToCapture="OnlyActiveWindow">
<InputValues>
<ActInputValue Guid="98a6b3d3-e459-402f-a7ce-0e4b1d93d7ff" Param="LocateBy" ParentGuid="00000000-0000-0000-0000-000000000000" Value="ByXPath" />
<ActInputValue Guid="b8e9c6b2-f038-4ff0-a223-c6b9aed22f28" Param="LocateValue" ParentGuid="00000000-0000-0000-0000-000000000000" Value="//com.amdocs.uif.widgets.browser.JxBrowserBrowserComponent[0]" />
<ActInputValue Guid="642af90f-bd01-4a1b-9499-619c11615e5f" Param="Value" ParentGuid="00000000-0000-0000-0000-000000000000" />
<ActInputValue Guid="6e761e8c-959b-43f4-a4a0-a77496a37e14" Param="ControlAction" ParentGuid="00000000-0000-0000-0000-000000000000" Value="InitializeBrowser" />
<ActInputValue Guid="5776fbad-3a9b-42da-afdd-86d9aaf8c5e3" Param="PomGUID" ParentGuid="00000000-0000-0000-0000-000000000000" />
<ActInputValue Guid="d33b73f7-c606-46d2-a31b-a94902cf8157" Param="GotoURLType" ParentGuid="00000000-0000-0000-0000-000000000000" Value="Current" />
<ActInputValue Guid="3e0ee7fb-15f1-4359-9c6d-048144cc6ac1" Param="URLSrc" ParentGuid="00000000-0000-0000-0000-000000000000" Value="Static" />
</InputValues>
</ActBrowserElement>
<ActUIElement Active="True" Description="Click : Plan" EnableRetryMechanism="True" Guid="cd9ff766-a53c-4611-b124-c4004bdecff0" MaxNumberOfRetries="4" ParentGuid="00000000-0000-0000-0000-000000000000" Platform="Java" RetryMechanismInterval="3" StatusConverter="None" TakeScreenShot="True" WaitVE="1" WindowsToCapture="OnlyActiveWindow">
<InputValues>
<ActInputValue Guid="3ea5fcb5-3293-4275-8018-6b486aa97ba8" Param="ElementAction" ParentGuid="00000000-0000-0000-0000-000000000000" Value="Click" />
<ActInputValue Guid="4a1dcad1-e388-41c8-8e4e-cff1f6525932" Param="ElementType" ParentGuid="00000000-0000-0000-0000-000000000000" Value="Span" />
<ActInputValue Guid="518f503f-fc0e-4f5c-8b88-2ba166446902" Param="IsWidgetsElement" ParentGuid="00000000-0000-0000-0000-000000000000" Value="true" />
<ActInputValue Guid="5563f05a-0c9d-4e31-8a67-b21afde92fed" Param="Value" ParentGuid="00000000-0000-0000-0000-000000000000" />
<ActInputValue Guid="ba6da88d-4122-44e4-a9ae-7ba61e04c3e2" Param="ElementLocateBy" ParentGuid="00000000-0000-0000-0000-000000000000" Value="ByXPath" />
<ActInputValue Guid="570a1bf2-c1a3-4b1b-a23c-e2de4271256f" Param="ElementLocateValue" ParentGuid="00000000-0000-0000-0000-000000000000" Value="/html/body/div/div/div[3]/div/div/div[4]/div[2]/div/div/div/div/div/div[3]/div/div/div[2]/div/ul/li/div/span" />
<ActInputValue Guid="7c230307-4ed2-4fc8-8f17-5cca458edcbb" Param="ValueToSelect" ParentGuid="00000000-0000-0000-0000-000000000000" />
<ActInputValue Guid="5da97d05-3355-4e2e-9157-5e43e9309584" Param="TargetLocateBy" ParentGuid="00000000-0000-0000-0000-000000000000" Value="NA" />
<ActInputValue Guid="eb356c0e-f293-43d1-9041-069ef4abf18e" Param="TargetElementType" ParentGuid="00000000-0000-0000-0000-000000000000" Value="Unknown" />
<ActInputValue Guid="778bc75b-d386-45cd-833b-738cd0fabf11" Param="HandleElementType" ParentGuid="00000000-0000-0000-0000-000000000000" Value="Unknown" />
<ActInputValue Guid="c327cc78-a894-47bc-a966-c7a8aa0f8d11" Param="HandleActionType" ParentGuid="00000000-0000-0000-0000-000000000000" Value="Unknown" />
</InputValues>
</ActUIElement>
<ActUIElement Active="True" Description="SetValue : Number or drops" EnableRetryMechanism="True" Guid="18908766-84c2-4f94-a82d-e8bedbe355be" MaxNumberOfRetries="15" ParentGuid="00000000-0000-0000-0000-000000000000" Platform="Java" RetryMechanismInterval="4" StatusConverter="None" TakeScreenShot="True" WaitVE="2" WindowsToCapture="OnlyActiveWindow">
<InputValues>
<ActInputValue Guid="90e2c884-7727-445a-adcb-e3654f636866" Param="ElementAction" ParentGuid="00000000-0000-0000-0000-000000000000" Value="SetValue" />
<ActInputValue Guid="ce889d04-0c3f-4f31-bb57-c5c51da85250" Param="ElementType" ParentGuid="00000000-0000-0000-0000-000000000000" Value="TextBox" />
<ActInputValue Guid="3f8d9386-4e63-44e9-8bbd-1d34f8020b74" Param="IsWidgetsElement" ParentGuid="00000000-0000-0000-0000-000000000000" Value="true" />
<ActInputValue Guid="21fe5aa7-cdbd-465d-beeb-94b32a56dce3" Param="Value" ParentGuid="00000000-0000-0000-0000-000000000000" Value="100" />
<ActInputValue Guid="e8c3ff66-fb85-4bd8-928d-b2b40f57cddf" Param="ElementLocateBy" ParentGuid="00000000-0000-0000-0000-000000000000" Value="ByRelXPath" />
<ActInputValue Guid="4e80709a-fa72-431b-b5f5-48b408d75912" Param="ElementLocateValue" ParentGuid="00000000-0000-0000-0000-000000000000" Value="//div[@id='NPCContent']/div/div[2]/div/div[2]/div[4]/div/div[2]/div/input" />
<ActInputValue Guid="82a8d2f2-095b-4461-8198-9521604773e0" Param="TargetLocateBy" ParentGuid="00000000-0000-0000-0000-000000000000" Value="NA" />
<ActInputValue Guid="4557a173-3292-40f7-b275-5d5ced7c2cb1" Param="TargetElementType" ParentGuid="00000000-0000-0000-0000-000000000000" Value="Unknown" />
<ActInputValue Guid="4933179e-a0ec-48d1-bf5c-71c860a0f86d" Param="HandleElementType" ParentGuid="00000000-0000-0000-0000-000000000000" Value="Unknown" />
<ActInputValue Guid="8aa7f5c3-c597-4e4c-a6f9-bec85c8f0e9a" Param="HandleActionType" ParentGuid="00000000-0000-0000-0000-000000000000" Value="Unknown" />
</InputValues>
</ActUIElement>
</Acts>
</Activity></GingerRepositoryItem>