﻿<?xml version="1.0" encoding="utf-8"?>
<GingerRepositoryItem><Header ItemGuid="b7aa0d4a-3cdf-4ebd-9830-9ed55a07e768" ItemType="Activity" CreatedBy="christian.poblete" Created="202102171934" GingerVersion="3.6.0.0" Version="1" LastUpdateBy="christian.poblete" LastUpdate="202102171934" />
<Activity ActionRunOption="StopActionsRunOnFailure" Active="True" ActivityName="Open create customer screen and fill basic data" AutomationStatus="Automated" ErrorHandlerMappingType="AllAvailableHandlers" Guid="b7aa0d4a-3cdf-4ebd-9830-9ed55a07e768" ParentGuid="00000000-0000-0000-0000-000000000000" PercentAutomated="85%" TargetApplication="MyJavaApp">
<Acts>
<ActUIElement Active="True" Description="Click : menuCreate" Guid="f7b03b0e-358b-4de6-adef-d7138fe5307f" MaxNumberOfRetries="2" ParentGuid="00000000-0000-0000-0000-000000000000" Platform="Java" RetryMechanismInterval="5" StatusConverter="None" TakeScreenShot="True" WaitVE="0" WindowsToCapture="OnlyActiveWindow">
<InputValues>
<ActInputValue Guid="0b151ba9-02d7-425a-b717-9de0fe4be6f8" Param="ElementAction" ParentGuid="00000000-0000-0000-0000-000000000000" Value="Click" />
<ActInputValue Guid="ed262f7d-9860-427e-8fa3-fc48155152ae" Param="ElementType" ParentGuid="00000000-0000-0000-0000-000000000000" Value="MenuItem" />
<ActInputValue Guid="4d571846-c715-4d8b-996f-ad787f28c758" Param="Value" ParentGuid="00000000-0000-0000-0000-000000000000" />
<ActInputValue Guid="3f155293-fd17-4ddf-a1b0-343ced2dd830" Param="ElementLocateBy" ParentGuid="00000000-0000-0000-0000-000000000000" Value="ByName" />
<ActInputValue Guid="0322c117-5e00-4964-af7d-1e7337f6b84d" Param="ElementLocateValue" ParentGuid="00000000-0000-0000-0000-000000000000" Value="menuCreate" />
<ActInputValue Guid="f45f734c-f450-4a4a-be4a-1eef0912e4c8" Param="ValueToSelect" ParentGuid="00000000-0000-0000-0000-000000000000" />
<ActInputValue Guid="c4149853-7b22-47d3-901b-ffc5b48cf3f0" Param="IsWidgetsElement" ParentGuid="00000000-0000-0000-0000-000000000000" Value="false" />
<ActInputValue Guid="06af8215-4b1a-4fab-8a37-8d16ef45dd52" Param="WaitforIdle" ParentGuid="00000000-0000-0000-0000-000000000000" Value="Medium" />
<ActInputValue Guid="cd9561b6-39af-4383-9719-6e30f0cf72ad" Param="TargetLocateBy" ParentGuid="00000000-0000-0000-0000-000000000000" Value="NA" />
<ActInputValue Guid="598038d6-cdcc-49b1-82ff-4ce8e09baca3" Param="TargetElementType" ParentGuid="00000000-0000-0000-0000-000000000000" Value="Unknown" />
<ActInputValue Guid="46a7631b-2343-42ee-9bc7-eedc433d1d8d" Param="HandleElementType" ParentGuid="00000000-0000-0000-0000-000000000000" Value="Unknown" />
<ActInputValue Guid="99ac4729-2d3a-4cae-ba15-fa6e4f29624d" Param="HandleActionType" ParentGuid="00000000-0000-0000-0000-000000000000" Value="Unknown" />
</InputValues>
</ActUIElement>
<ActUIElement Active="True" Description="Click : menuCreate customer" Guid="773d8691-afc0-4d23-ac88-a7ebbe07571a" MaxNumberOfRetries="2" ParentGuid="00000000-0000-0000-0000-000000000000" Platform="Java" RetryMechanismInterval="5" StatusConverter="None" TakeScreenShot="True" WaitVE="0" WindowsToCapture="OnlyActiveWindow">
<InputValues>
<ActInputValue Guid="0b151ba9-02d7-425a-b717-9de0fe4be6f8" Param="ElementAction" ParentGuid="00000000-0000-0000-0000-000000000000" Value="Click" />
<ActInputValue Guid="ed262f7d-9860-427e-8fa3-fc48155152ae" Param="ElementType" ParentGuid="00000000-0000-0000-0000-000000000000" Value="MenuItem" />
<ActInputValue Guid="4d571846-c715-4d8b-996f-ad787f28c758" Param="Value" ParentGuid="00000000-0000-0000-0000-000000000000" />
<ActInputValue Guid="3f155293-fd17-4ddf-a1b0-343ced2dd830" Param="ElementLocateBy" ParentGuid="00000000-0000-0000-0000-000000000000" Value="ByName" />
<ActInputValue Guid="0322c117-5e00-4964-af7d-1e7337f6b84d" Param="ElementLocateValue" ParentGuid="00000000-0000-0000-0000-000000000000" Value="menuItemCreateCustomer" />
<ActInputValue Guid="f45f734c-f450-4a4a-be4a-1eef0912e4c8" Param="ValueToSelect" ParentGuid="00000000-0000-0000-0000-000000000000" Value="Customer" />
<ActInputValue Guid="c4149853-7b22-47d3-901b-ffc5b48cf3f0" Param="IsWidgetsElement" ParentGuid="00000000-0000-0000-0000-000000000000" Value="false" />
<ActInputValue Guid="06af8215-4b1a-4fab-8a37-8d16ef45dd52" Param="WaitforIdle" ParentGuid="00000000-0000-0000-0000-000000000000" Value="None" />
<ActInputValue Guid="38baa984-1b99-4b7f-a943-59fe7072ce81" Param="TargetLocateBy" ParentGuid="00000000-0000-0000-0000-000000000000" Value="NA" />
<ActInputValue Guid="263c41f4-af11-4681-bc45-4e5a48cefcc0" Param="TargetElementType" ParentGuid="00000000-0000-0000-0000-000000000000" Value="Unknown" />
<ActInputValue Guid="765e0513-95cc-49eb-ad8d-273fe07a4e11" Param="HandleElementType" ParentGuid="00000000-0000-0000-0000-000000000000" Value="Unknown" />
<ActInputValue Guid="781c4caa-0548-4d2a-848a-f3d4d93bd170" Param="HandleActionType" ParentGuid="00000000-0000-0000-0000-000000000000" Value="Unknown" />
</InputValues>
</ActUIElement>
<ActJavaElement ControlAction="Click" Description="Click menu create" Guid="aa53763e-f363-4e2b-807f-4c6957e39af5" MaxNumberOfRetries="2" ParentGuid="00000000-0000-0000-0000-000000000000" Platform="NA" RetryMechanismInterval="5" StatusConverter="None" TakeScreenShot="True" WaitforIdle="Medium" WaitVE="0" WindowsToCapture="OnlyActiveWindow">
<InputValues>
<ActInputValue Guid="8037c804-5dba-4278-a6bd-13103083e546" Param="LocateBy" ParentGuid="00000000-0000-0000-0000-000000000000" Value="ByName" />
<ActInputValue Guid="5c319432-80bf-421d-a892-6f1511cdcec5" Param="Value" ParentGuid="00000000-0000-0000-0000-000000000000" />
<ActInputValue Guid="50c16840-748c-4982-b2c0-cfc0b6653a5b" Param="LocateValue" ParentGuid="00000000-0000-0000-0000-000000000000" Value="menuCreate" />
</InputValues>
</ActJavaElement>
<ActJavaElement ControlAction="Click" Description="Click create customer" Guid="f45d1163-fe81-4e51-ba1d-1d217f5a8c3b" MaxNumberOfRetries="2" ParentGuid="00000000-0000-0000-0000-000000000000" Platform="NA" RetryMechanismInterval="5" StatusConverter="None" TakeScreenShot="True" WaitforIdle="None" WaitVE="0" WindowsToCapture="OnlyActiveWindow">
<InputValues>
<ActInputValue Guid="8037c804-5dba-4278-a6bd-13103083e546" Param="LocateBy" ParentGuid="00000000-0000-0000-0000-000000000000" Value="ByName" />
<ActInputValue Guid="5c319432-80bf-421d-a892-6f1511cdcec5" Param="Value" ParentGuid="00000000-0000-0000-0000-000000000000" Value="Customer" />
<ActInputValue Guid="50c16840-748c-4982-b2c0-cfc0b6653a5b" Param="LocateValue" ParentGuid="00000000-0000-0000-0000-000000000000" Value="menuItemCreateCustomer" />
</InputValues>
</ActJavaElement>
<ActUIElement Active="True" Description="Validate Create customer screen is open" EnableRetryMechanism="True" Guid="bfd63503-29fe-4ba7-913e-da6c6bc4a71e" MaxNumberOfRetries="3" ParentGuid="00000000-0000-0000-0000-000000000000" Platform="Java" RetryMechanismInterval="5" StatusConverter="None" TakeScreenShot="True" WaitVE="3" WindowsToCapture="OnlyActiveWindow">
<FlowControls>
<FlowControl Active="True" BusinessFlowControlAction="GoToBusinessFlow" FlowControlAction="StopRun" Guid="1c4157e1-66d2-4327-b889-4c88745e26bb" Operator="ActionFailed" ParentGuid="00000000-0000-0000-0000-000000000000" />
</FlowControls>

<InputValues>
<ActInputValue Guid="37c76528-f42b-4884-a76c-2615db4e4b4e" Param="ElementLocateBy" ParentGuid="00000000-0000-0000-0000-000000000000" Value="ByXPath" />
<ActInputValue Guid="259d36e6-72f5-4999-aaed-99861b3d94dd" Param="ElementLocateValue" ParentGuid="00000000-0000-0000-0000-000000000000" Value="/javax.swing.JRootPane[0]/null.layeredPane/null.contentPane/javax.swing.JSplitPane[0]/com.amdocs.uif.workspace.desktop.AppDesktopPane[0]/com.crmimpl.crm.isales.customer.XCreateCustomer/javax.swing.JRootPane[0]/null.layeredPane/root/javax.swing.JViewport[0]/root/subformpnlContact/root/Panel_2_17/[[Name:first_name][ClassName:com.amdocs.uif.widgets.TextFieldNative$1]]" />
<ActInputValue Guid="6530146e-d5ce-4042-a1e3-30e4c2b7f091" Param="Value" ParentGuid="00000000-0000-0000-0000-000000000000" />
<ActInputValue Guid="780235b7-b9fa-4a78-ba26-9f8f8024503f" Param="ElementType" ParentGuid="00000000-0000-0000-0000-000000000000" Value="TextBox" />
<ActInputValue Guid="64749805-c097-42d9-9b5f-8a18b8414549" Param="ElementAction" ParentGuid="00000000-0000-0000-0000-000000000000" Value="IsVisible" />
<ActInputValue Guid="392a6e3c-c761-449f-9d11-9edea861699c" Param="IsWidgetsElement" ParentGuid="00000000-0000-0000-0000-000000000000" Value="false" />
<ActInputValue Guid="934a1a46-b4a3-41cf-af26-fccfd37b0a0f" Param="WaitforIdle" ParentGuid="00000000-0000-0000-0000-000000000000" Value="None" />
<ActInputValue Guid="502bec83-53d7-409e-8e85-3ea66d86b747" Param="XCoordinate" ParentGuid="00000000-0000-0000-0000-000000000000" />
<ActInputValue Guid="97d8132d-360e-4431-ae62-4e660d40b483" Param="ValueToSelect" ParentGuid="00000000-0000-0000-0000-000000000000" />
<ActInputValue Guid="acf29980-d55d-4ec5-acf6-524d76246f8e" Param="YCoordinate" ParentGuid="00000000-0000-0000-0000-000000000000" />
<ActInputValue Guid="ce2989c5-89cc-4cf8-87fe-8d957c757de0" Param="ControlAction" ParentGuid="00000000-0000-0000-0000-000000000000" />
<ActInputValue Guid="eaf8fc37-1a72-4991-a319-a14ca79007f4" Param="TargetLocateBy" ParentGuid="00000000-0000-0000-0000-000000000000" Value="NA" />
<ActInputValue Guid="a5e5e37a-183a-40e9-8dc8-3d042be6d2f6" Param="TargetElementType" ParentGuid="00000000-0000-0000-0000-000000000000" Value="Unknown" />
<ActInputValue Guid="d1c48fee-35f9-4bef-b929-5dadad536210" Param="HandleElementType" ParentGuid="00000000-0000-0000-0000-000000000000" Value="Unknown" />
<ActInputValue Guid="05a3c884-c989-4f43-96d1-714df0665365" Param="HandleActionType" ParentGuid="00000000-0000-0000-0000-000000000000" Value="Unknown" />
</InputValues>
</ActUIElement>
<ActUIElement Active="True" Description="Set Text Box 'first_name'" Guid="2e9cc3ab-9c00-44e4-aa0d-8c9c6c2e6ec4" MaxNumberOfRetries="2" ParentGuid="00000000-0000-0000-0000-000000000000" Platform="Java" RetryMechanismInterval="5" StatusConverter="None" TakeScreenShot="True" WaitVE="0" WindowsToCapture="OnlyActiveWindow">
<InputValues>
<ActInputValue Guid="37c76528-f42b-4884-a76c-2615db4e4b4e" Param="ElementLocateBy" ParentGuid="00000000-0000-0000-0000-000000000000" Value="ByXPath" />
<ActInputValue Guid="259d36e6-72f5-4999-aaed-99861b3d94dd" Param="ElementLocateValue" ParentGuid="00000000-0000-0000-0000-000000000000" Value="/javax.swing.JRootPane[0]/null.layeredPane/null.contentPane/javax.swing.JSplitPane[0]/com.amdocs.uif.workspace.desktop.AppDesktopPane[0]/com.crmimpl.crm.isales.customer.XCreateCustomer/javax.swing.JRootPane[0]/null.layeredPane/root/javax.swing.JViewport[0]/root/subformpnlContact/root/Panel_2_17/[[Name:first_name][ClassName:com.amdocs.uif.widgets.TextFieldNative$1]]" />
<ActInputValue Guid="6530146e-d5ce-4042-a1e3-30e4c2b7f091" Param="Value" ParentGuid="00000000-0000-0000-0000-000000000000" Value="firstname{CS Exp=DateTimeOffset.UtcNow.ToUnixTimeSeconds()}" />
<ActInputValue Guid="780235b7-b9fa-4a78-ba26-9f8f8024503f" Param="ElementType" ParentGuid="00000000-0000-0000-0000-000000000000" Value="TextBox" />
<ActInputValue Guid="64749805-c097-42d9-9b5f-8a18b8414549" Param="ElementAction" ParentGuid="00000000-0000-0000-0000-000000000000" Value="SetValue" />
<ActInputValue Guid="392a6e3c-c761-449f-9d11-9edea861699c" Param="IsWidgetsElement" ParentGuid="00000000-0000-0000-0000-000000000000" Value="false" />
<ActInputValue Guid="934a1a46-b4a3-41cf-af26-fccfd37b0a0f" Param="WaitforIdle" ParentGuid="00000000-0000-0000-0000-000000000000" Value="None" />
<ActInputValue Guid="f877080e-8abb-4cbd-aaa0-3faa18b8232e" Param="TargetLocateBy" ParentGuid="00000000-0000-0000-0000-000000000000" Value="NA" />
<ActInputValue Guid="3e17d093-0e1a-46ff-a1cc-e4504d3e3760" Param="TargetElementType" ParentGuid="00000000-0000-0000-0000-000000000000" Value="Unknown" />
<ActInputValue Guid="0ad091ce-b4c5-4af3-8c9d-866a76145622" Param="HandleElementType" ParentGuid="00000000-0000-0000-0000-000000000000" Value="Unknown" />
<ActInputValue Guid="648a6d45-22ab-4096-ab47-b39c1bb331b9" Param="HandleActionType" ParentGuid="00000000-0000-0000-0000-000000000000" Value="Unknown" />
</InputValues>
</ActUIElement>
<ActUIElement Active="True" Description="Set Text Box 'last_name'" Guid="52d7391a-72c7-4c12-ac19-399ca876e5e8" MaxNumberOfRetries="2" ParentGuid="00000000-0000-0000-0000-000000000000" Platform="Java" RetryMechanismInterval="5" StatusConverter="None" TakeScreenShot="True" WaitVE="0" WindowsToCapture="OnlyActiveWindow">
<InputValues>
<ActInputValue Guid="fa25d098-e593-4318-a4da-2707fb2a26e4" Param="ElementLocateBy" ParentGuid="00000000-0000-0000-0000-000000000000" Value="ByXPath" />
<ActInputValue Guid="8c9f430d-e6e0-4298-9b72-12cfbcf93bb5" Param="ElementLocateValue" ParentGuid="00000000-0000-0000-0000-000000000000" Value="/javax.swing.JRootPane[0]/null.layeredPane/null.contentPane/javax.swing.JSplitPane[0]/com.amdocs.uif.workspace.desktop.AppDesktopPane[0]/com.crmimpl.crm.isales.customer.XCreateCustomer/javax.swing.JRootPane[0]/null.layeredPane/root/javax.swing.JViewport[0]/root/subformpnlContact/root/Panel_2_17/[[Name:last_name][ClassName:com.amdocs.uif.widgets.TextFieldNative$1]]" />
<ActInputValue Guid="08b49893-f4f8-4f54-a5ab-82905515778f" Param="Value" ParentGuid="00000000-0000-0000-0000-000000000000" Value="lastname{CS Exp=DateTimeOffset.UtcNow.ToUnixTimeSeconds()}" />
<ActInputValue Guid="2ca13b0f-93e1-4c75-a074-54761cd2c752" Param="ElementType" ParentGuid="00000000-0000-0000-0000-000000000000" Value="TextBox" />
<ActInputValue Guid="7ba73b64-9e54-4e92-b2bb-8c4f1b26bfdd" Param="ElementAction" ParentGuid="00000000-0000-0000-0000-000000000000" Value="SetValue" />
<ActInputValue Guid="aa09a90e-b8f3-4ecc-b4c4-5342ee64fb6e" Param="IsWidgetsElement" ParentGuid="00000000-0000-0000-0000-000000000000" Value="false" />
<ActInputValue Guid="bf8627c0-61a1-4c72-830e-e12bed8c3ea4" Param="WaitforIdle" ParentGuid="00000000-0000-0000-0000-000000000000" Value="None" />
<ActInputValue Guid="f1d45673-3325-4f1b-aaeb-f9c2b57a4687" Param="TargetLocateBy" ParentGuid="00000000-0000-0000-0000-000000000000" Value="NA" />
<ActInputValue Guid="a75fa6df-dd25-4cc6-b497-e41a5252814a" Param="TargetElementType" ParentGuid="00000000-0000-0000-0000-000000000000" Value="Unknown" />
<ActInputValue Guid="628a73b4-1c02-4356-b928-947934ccbabc" Param="HandleElementType" ParentGuid="00000000-0000-0000-0000-000000000000" Value="Unknown" />
<ActInputValue Guid="2f1f1186-ba39-41f0-b86d-43b436d8e078" Param="HandleActionType" ParentGuid="00000000-0000-0000-0000-000000000000" Value="Unknown" />
</InputValues>
</ActUIElement>
<ActUIElement Active="True" Description="Set Text Box 'Email'" Guid="270eb574-3fca-46f3-b11b-bbb3708ac534" MaxNumberOfRetries="2" ParentGuid="00000000-0000-0000-0000-000000000000" Platform="Java" RetryMechanismInterval="5" StatusConverter="None" TakeScreenShot="True" WaitVE="0" WindowsToCapture="OnlyActiveWindow">
<InputValues>
<ActInputValue Guid="990b443a-b4af-46a6-bf5c-1e6beb9030b0" Param="ElementLocateBy" ParentGuid="00000000-0000-0000-0000-000000000000" Value="ByXPath" />
<ActInputValue Guid="fe34f752-6b61-44fc-8884-ba42c17f1321" Param="ElementLocateValue" ParentGuid="00000000-0000-0000-0000-000000000000" Value="/javax.swing.JRootPane[0]/null.layeredPane/null.contentPane/javax.swing.JSplitPane[0]/com.amdocs.uif.workspace.desktop.AppDesktopPane[0]/com.crmimpl.crm.isales.customer.XCreateCustomer/javax.swing.JRootPane[0]/null.layeredPane/root/javax.swing.JViewport[0]/root/subformpnlContact/root/Panel_2_18/[[Name:Email][ClassName:com.amdocs.uif.widgets.TextFieldNative$1]]" />
<ActInputValue Guid="2cd561d6-af44-47bc-a5d9-0584ddedf38a" Param="Value" ParentGuid="00000000-0000-0000-0000-000000000000" Value="mail{CS Exp=DateTimeOffset.UtcNow.ToUnixTimeSeconds()}@mail.com" />
<ActInputValue Guid="dc11e6be-4b20-4ee5-89b8-7c1a6656b460" Param="ElementType" ParentGuid="00000000-0000-0000-0000-000000000000" Value="TextBox" />
<ActInputValue Guid="a8309d88-59cb-47f3-8bb6-b73ba2555d5a" Param="ElementAction" ParentGuid="00000000-0000-0000-0000-000000000000" Value="SetValue" />
<ActInputValue Guid="52621e24-4cd6-4168-a45d-b516f5781857" Param="IsWidgetsElement" ParentGuid="00000000-0000-0000-0000-000000000000" Value="false" />
<ActInputValue Guid="5b422c06-f57d-4c2f-b3a5-33174a8b9f80" Param="WaitforIdle" ParentGuid="00000000-0000-0000-0000-000000000000" Value="None" />
<ActInputValue Guid="991a23a6-46fe-4a28-a092-203ff138d3ce" Param="TargetLocateBy" ParentGuid="00000000-0000-0000-0000-000000000000" Value="NA" />
<ActInputValue Guid="2d615e4d-3998-4ab2-a241-20ebd923226f" Param="TargetElementType" ParentGuid="00000000-0000-0000-0000-000000000000" Value="Unknown" />
<ActInputValue Guid="029a7438-3eb8-48c5-9757-b2b5764d96fc" Param="HandleElementType" ParentGuid="00000000-0000-0000-0000-000000000000" Value="Unknown" />
<ActInputValue Guid="eee6d9cb-067e-4894-9fd8-d73b02eb7baa" Param="HandleActionType" ParentGuid="00000000-0000-0000-0000-000000000000" Value="Unknown" />
</InputValues>
</ActUIElement>
<ActUIElement Active="True" Description="Set Text Box 'phone'" Guid="32fa573f-08b7-4b47-b957-5669b8ceda97" MaxNumberOfRetries="2" ParentGuid="00000000-0000-0000-0000-000000000000" Platform="Java" RetryMechanismInterval="5" StatusConverter="None" TakeScreenShot="True" WaitVE="0" WindowsToCapture="OnlyActiveWindow">
<InputValues>
<ActInputValue Guid="d21b341d-cb5c-4f63-b155-64ee615a26ca" Param="ElementLocateBy" ParentGuid="00000000-0000-0000-0000-000000000000" Value="ByXPath" />
<ActInputValue Guid="a6093ed5-8741-4458-aa67-d4f0255a2190" Param="ElementLocateValue" ParentGuid="00000000-0000-0000-0000-000000000000" Value="/javax.swing.JRootPane[0]/null.layeredPane/null.contentPane/javax.swing.JSplitPane[0]/com.amdocs.uif.workspace.desktop.AppDesktopPane[0]/com.crmimpl.crm.isales.customer.XCreateCustomer/javax.swing.JRootPane[0]/null.layeredPane/root/javax.swing.JViewport[0]/root/subformpnlContact/root/Panel_2_17/[[Name:phone][ClassName:com.amdocs.uif.widgets.TextFieldNative$1]]" />
<ActInputValue Guid="7da79c7c-5701-4981-a047-c373b96ca3b6" Param="Value" ParentGuid="00000000-0000-0000-0000-000000000000" Value="56973816195" />
<ActInputValue Guid="22c39c9a-87b9-441d-823a-ea6f2e587e90" Param="ElementType" ParentGuid="00000000-0000-0000-0000-000000000000" Value="TextBox" />
<ActInputValue Guid="ea101f46-9c76-4703-bea4-7fe1c73c8906" Param="ElementAction" ParentGuid="00000000-0000-0000-0000-000000000000" Value="SetValue" />
<ActInputValue Guid="cd30d59b-6359-4101-84b5-6856b5d600a8" Param="IsWidgetsElement" ParentGuid="00000000-0000-0000-0000-000000000000" Value="false" />
<ActInputValue Guid="cb605d9d-563f-4793-84fa-48146b38c0de" Param="WaitforIdle" ParentGuid="00000000-0000-0000-0000-000000000000" Value="None" />
<ActInputValue Guid="da18e9b6-2922-4de2-869d-ce4c1b026b95" Param="TargetLocateBy" ParentGuid="00000000-0000-0000-0000-000000000000" Value="NA" />
<ActInputValue Guid="b147d683-dbd3-4c36-ad83-d493df7e5c30" Param="TargetElementType" ParentGuid="00000000-0000-0000-0000-000000000000" Value="Unknown" />
<ActInputValue Guid="1c457935-8e8c-4f0c-ba74-3f75aa306b5c" Param="HandleElementType" ParentGuid="00000000-0000-0000-0000-000000000000" Value="Unknown" />
<ActInputValue Guid="cd5bbee3-6f37-446c-933d-751882480b62" Param="HandleActionType" ParentGuid="00000000-0000-0000-0000-000000000000" Value="Unknown" />
</InputValues>
</ActUIElement>
<ActUIElement Active="True" Description="Set Text Box 'txtAccountName'" Guid="e4a2e5a5-dda1-4005-83a1-7e9cdf65c17d" MaxNumberOfRetries="2" ParentGuid="00000000-0000-0000-0000-000000000000" Platform="Java" RetryMechanismInterval="5" StatusConverter="None" TakeScreenShot="True" WaitVE="0" WindowsToCapture="OnlyActiveWindow">
<InputValues>
<ActInputValue Guid="b174c7b3-3288-48cb-a4d3-5aba0c77b3f7" Param="ElementLocateBy" ParentGuid="00000000-0000-0000-0000-000000000000" Value="ByXPath" />
<ActInputValue Guid="912b6829-d92f-44a6-b946-9582cd9a0c08" Param="ElementLocateValue" ParentGuid="00000000-0000-0000-0000-000000000000" Value="/javax.swing.JRootPane[0]/null.layeredPane/null.contentPane/javax.swing.JSplitPane[0]/com.amdocs.uif.workspace.desktop.AppDesktopPane[0]/com.crmimpl.crm.isales.customer.XCreateCustomer/javax.swing.JRootPane[0]/null.layeredPane/root/javax.swing.JViewport[0]/root/subformpnlAccnt/root/[[Name:txtAccountName][ClassName:com.amdocs.uif.widgets.TextFieldNative$1]]" />
<ActInputValue Guid="24304ee6-b200-4714-a095-b5a8bd4b50db" Param="Value" ParentGuid="00000000-0000-0000-0000-000000000000" Value="accountname{CS Exp=DateTimeOffset.UtcNow.ToUnixTimeSeconds()}" />
<ActInputValue Guid="1d5a4893-572f-413d-b780-b0b8b2c758bf" Param="ElementType" ParentGuid="00000000-0000-0000-0000-000000000000" Value="TextBox" />
<ActInputValue Guid="d2fe9284-7b1c-42d1-9db4-12096cc9d273" Param="ElementAction" ParentGuid="00000000-0000-0000-0000-000000000000" Value="SetValue" />
<ActInputValue Guid="20d11d00-8bdd-4e79-bf8c-b605b60d7dbe" Param="IsWidgetsElement" ParentGuid="00000000-0000-0000-0000-000000000000" Value="false" />
<ActInputValue Guid="497276cf-f531-463f-bb9b-5eedce0fc00b" Param="WaitforIdle" ParentGuid="00000000-0000-0000-0000-000000000000" Value="None" />
<ActInputValue Guid="1eea2b87-08f4-4f23-b8a2-9f6bb979255c" Param="TargetLocateBy" ParentGuid="00000000-0000-0000-0000-000000000000" Value="NA" />
<ActInputValue Guid="1894c796-1f37-4b87-bbdb-d56e487a163a" Param="TargetElementType" ParentGuid="00000000-0000-0000-0000-000000000000" Value="Unknown" />
<ActInputValue Guid="a94b80a2-b668-4dcc-9e74-8c94c90a0628" Param="HandleElementType" ParentGuid="00000000-0000-0000-0000-000000000000" Value="Unknown" />
<ActInputValue Guid="9b6152f2-1366-4bc4-9d96-2ae884f92c5e" Param="HandleActionType" ParentGuid="00000000-0000-0000-0000-000000000000" Value="Unknown" />
</InputValues>
</ActUIElement>
<ActUIElement Active="True" Description="Set Text Box 'txt_customer_name' - Alias" Guid="7bcfc783-8d07-4d84-83fb-aee4b50a243c" MaxNumberOfRetries="2" ParentGuid="00000000-0000-0000-0000-000000000000" Platform="Java" RetryMechanismInterval="5" StatusConverter="None" TakeScreenShot="True" WaitVE="0" WindowsToCapture="OnlyActiveWindow">
<InputValues>
<ActInputValue Guid="133bf220-b58f-40b8-aa22-7b5999ffad90" Param="ElementLocateBy" ParentGuid="00000000-0000-0000-0000-000000000000" Value="ByXPath" />
<ActInputValue Guid="1a466792-101c-4007-aa28-2ff819826658" Param="ElementLocateValue" ParentGuid="00000000-0000-0000-0000-000000000000" Value="/javax.swing.JRootPane[0]/null.layeredPane/null.contentPane/javax.swing.JSplitPane[0]/com.amdocs.uif.workspace.desktop.AppDesktopPane[0]/com.crmimpl.crm.isales.customer.XCreateCustomer/javax.swing.JRootPane[0]/null.layeredPane/root/javax.swing.JViewport[0]/root/subformpnlCustomer/root/[[Name:txt_customer_name][ClassName:com.amdocs.uif.widgets.TextFieldNative$1]]" />
<ActInputValue Guid="42d10c86-5c06-4da4-84d2-691d20fb2e4c" Param="Value" ParentGuid="00000000-0000-0000-0000-000000000000" Value="customeralias{CS Exp=DateTimeOffset.UtcNow.ToUnixTimeSeconds()}" />
<ActInputValue Guid="c5ba216b-44df-4987-82c2-c4c686fd2576" Param="ElementType" ParentGuid="00000000-0000-0000-0000-000000000000" Value="TextBox" />
<ActInputValue Guid="14187eb2-401a-4fe5-9a13-c967df76db40" Param="ElementAction" ParentGuid="00000000-0000-0000-0000-000000000000" Value="SetValue" />
<ActInputValue Guid="2d25e952-e2fd-426f-a0db-743a79a9d7c5" Param="IsWidgetsElement" ParentGuid="00000000-0000-0000-0000-000000000000" Value="false" />
<ActInputValue Guid="ba342602-9113-4674-bf25-29e710dc9b1d" Param="WaitforIdle" ParentGuid="00000000-0000-0000-0000-000000000000" Value="None" />
<ActInputValue Guid="0b70c782-1f05-4c2a-939b-19bfa4ca0656" Param="TargetLocateBy" ParentGuid="00000000-0000-0000-0000-000000000000" Value="NA" />
<ActInputValue Guid="6a10bfeb-7f64-4efe-9206-439ce4dc97a3" Param="TargetElementType" ParentGuid="00000000-0000-0000-0000-000000000000" Value="Unknown" />
<ActInputValue Guid="a698d369-1ec0-4c87-bc55-e5405d5ebe9d" Param="HandleElementType" ParentGuid="00000000-0000-0000-0000-000000000000" Value="Unknown" />
<ActInputValue Guid="8a686741-e7a0-4eb0-b722-a2de705c51d7" Param="HandleActionType" ParentGuid="00000000-0000-0000-0000-000000000000" Value="Unknown" />
</InputValues>
</ActUIElement>
<ActUIElement Active="True" Description="Select ComboBox 'cmbx_billing_type'" Guid="fb87d87c-a8ad-4529-8551-01232cc8bd78" MaxNumberOfRetries="2" ParentGuid="00000000-0000-0000-0000-000000000000" Platform="Java" RetryMechanismInterval="5" StatusConverter="None" TakeScreenShot="True" WaitVE="0" WindowsToCapture="OnlyActiveWindow">
<InputValues>
<ActInputValue Guid="71751480-eb3f-4add-a537-2baab54b12e9" Param="ElementLocateBy" ParentGuid="00000000-0000-0000-0000-000000000000" Value="ByXPath" />
<ActInputValue Guid="c1b2004e-2b75-4ed3-a63b-3bc5ccffabc3" Param="ElementLocateValue" ParentGuid="00000000-0000-0000-0000-000000000000" Value="/javax.swing.JRootPane[0]/null.layeredPane/null.contentPane/javax.swing.JSplitPane[0]/com.amdocs.uif.workspace.desktop.AppDesktopPane[0]/com.crmimpl.crm.isales.customer.XCreateCustomer/javax.swing.JRootPane[0]/null.layeredPane/root/javax.swing.JViewport[0]/root/subformpnlCustomer/root/[[Name:cmbx_billing_type][ClassName:com.amdocs.uif.widgets.ComboBoxNative$1]]" />
<ActInputValue Guid="528e37b6-8699-465d-b949-fde6fa4d75e2" Param="ElementType" ParentGuid="00000000-0000-0000-0000-000000000000" Value="ComboBox" />
<ActInputValue Guid="0031fbf1-96e5-44ab-9118-e9b6b941690a" Param="ElementAction" ParentGuid="00000000-0000-0000-0000-000000000000" Value="Select" />
<ActInputValue Guid="5c4bace4-c0c9-46d4-a183-46ba2f1d5b43" Param="ValueToSelect" ParentGuid="00000000-0000-0000-0000-000000000000" Value="{Var Name=Customer Type}" />
<ActInputValue Guid="da93a8d0-8d13-4b56-b108-b039a021c5e5" Param="IsWidgetsElement" ParentGuid="00000000-0000-0000-0000-000000000000" Value="false" />
<ActInputValue Guid="7f47664e-d88b-4b78-8a39-809f1b4bd951" Param="WaitforIdle" ParentGuid="00000000-0000-0000-0000-000000000000" Value="None" />
<ActInputValue Guid="95e86174-9f47-424b-ad1a-1a4928e4c9c7" Param="TargetLocateBy" ParentGuid="00000000-0000-0000-0000-000000000000" Value="NA" />
<ActInputValue Guid="c5419410-ef96-4d3a-97c4-ae58a33f30b6" Param="TargetElementType" ParentGuid="00000000-0000-0000-0000-000000000000" Value="Unknown" />
<ActInputValue Guid="c56f9fed-1c2e-4116-a749-9292c9ba840e" Param="HandleElementType" ParentGuid="00000000-0000-0000-0000-000000000000" Value="Unknown" />
<ActInputValue Guid="e21c1341-84ad-44eb-ab7c-bac3b9944f95" Param="HandleActionType" ParentGuid="00000000-0000-0000-0000-000000000000" Value="Unknown" />
</InputValues>
</ActUIElement>
<ActUIElement Active="True" Description="Select ComboBox 'cmbx_billing_sub_type'" Guid="6125be43-58ae-4783-97b2-b436606b9594" MaxNumberOfRetries="2" ParentGuid="00000000-0000-0000-0000-000000000000" Platform="Java" RetryMechanismInterval="5" StatusConverter="None" TakeScreenShot="True" WaitVE="0" WindowsToCapture="OnlyActiveWindow">
<InputValues>
<ActInputValue Guid="818a6428-e9f0-4d9c-806e-9462b5231b0f" Param="ElementLocateBy" ParentGuid="00000000-0000-0000-0000-000000000000" Value="ByXPath" />
<ActInputValue Guid="9d87544b-ab6f-4746-a510-6d86edf0e29f" Param="ElementLocateValue" ParentGuid="00000000-0000-0000-0000-000000000000" Value="/javax.swing.JRootPane[0]/null.layeredPane/null.contentPane/javax.swing.JSplitPane[0]/com.amdocs.uif.workspace.desktop.AppDesktopPane[0]/com.crmimpl.crm.isales.customer.XCreateCustomer/javax.swing.JRootPane[0]/null.layeredPane/root/javax.swing.JViewport[0]/root/subformpnlCustomer/root/[[Name:cmbx_billing_sub_type][ClassName:com.amdocs.uif.widgets.ComboBoxNative$1]]" />
<ActInputValue Guid="7ea7b648-fb34-4591-91ec-4a16e0ddd529" Param="ElementType" ParentGuid="00000000-0000-0000-0000-000000000000" Value="ComboBox" />
<ActInputValue Guid="e0f8facf-6a67-42bc-bf5a-557a95df1c77" Param="ElementAction" ParentGuid="00000000-0000-0000-0000-000000000000" Value="Select" />
<ActInputValue Guid="4a2f83bb-760a-4d88-b978-ac39361e505c" Param="ValueToSelect" ParentGuid="00000000-0000-0000-0000-000000000000" Value="{Var Name=Customer Subtype}" />
<ActInputValue Guid="85e32389-77cc-4f1f-9d24-5a428110e6bb" Param="IsWidgetsElement" ParentGuid="00000000-0000-0000-0000-000000000000" Value="false" />
<ActInputValue Guid="8d7199c9-192e-427e-b739-9ec6e4c78510" Param="WaitforIdle" ParentGuid="00000000-0000-0000-0000-000000000000" Value="None" />
<ActInputValue Guid="95fc03db-30e6-42e8-94b2-e8d5024aaf53" Param="TargetLocateBy" ParentGuid="00000000-0000-0000-0000-000000000000" Value="NA" />
<ActInputValue Guid="1ab1bfe2-e11a-43a9-98f4-9b8ab03870e9" Param="TargetElementType" ParentGuid="00000000-0000-0000-0000-000000000000" Value="Unknown" />
<ActInputValue Guid="55d8a5a2-760c-4d0f-adab-0cc09a6717cc" Param="HandleElementType" ParentGuid="00000000-0000-0000-0000-000000000000" Value="Unknown" />
<ActInputValue Guid="e4a13439-70b1-409e-af78-3720da1a9599" Param="HandleActionType" ParentGuid="00000000-0000-0000-0000-000000000000" Value="Unknown" />
</InputValues>
</ActUIElement>
</Acts>

<Variables>
<VariableString Guid="c79adbd6-dba2-4995-9e4b-504240d2da32" MappedOutputType="None" Name="Customer Type" ParentGuid="00000000-0000-0000-0000-000000000000" SetAsInputValue="False" SetAsOutputValue="False" />
<VariableString Guid="54231e1b-4c47-478b-9896-47e488cebb7d" MappedOutputType="None" Name="Customer Subtype" ParentGuid="00000000-0000-0000-0000-000000000000" SetAsInputValue="False" SetAsOutputValue="False" />
</Variables>
</Activity></GingerRepositoryItem>