﻿<?xml version="1.0" encoding="utf-8"?>
<GingerRepositoryItem><Header ItemGuid="e187deb1-05dc-4b9e-868c-bc037acd0ad2" ItemType="Activity" CreatedBy="christian.poblete" Created="202101252005" GingerVersion="3.6.0.0" Version="2" LastUpdateBy="christian.poblete" LastUpdate="202101281914" />
<Activity ActionRunOption="StopActionsRunOnFailure" Active="True" ActivityName="Order summary" AutomationStatus="Automated" ErrorHandlerMappingType="AllAvailableHandlers" Guid="e187deb1-05dc-4b9e-868c-bc037acd0ad2" ParentGuid="00000000-0000-0000-0000-000000000000" PercentAutomated="100%" TargetApplication="MyJavaApp">
<Acts>
<ActUIElement Active="True" Description="Click : Submit order" Guid="0be651a7-50ff-4228-8032-29c78e62fe0c" MaxNumberOfRetries="2" ParentGuid="00000000-0000-0000-0000-000000000000" Platform="Java" RetryMechanismInterval="5" StatusConverter="IgnoreFail" TakeScreenShot="True" WaitVE="3" WindowsToCapture="OnlyActiveWindow">
<InputValues>
<ActInputValue Guid="b5ee279b-3b95-4b89-b9e9-76d2f2be3a8d" Param="ElementAction" ParentGuid="00000000-0000-0000-0000-000000000000" Value="Click" />
<ActInputValue Guid="694e259e-547e-44ed-bdaf-3057fa4b8043" Param="ElementType" ParentGuid="00000000-0000-0000-0000-000000000000" Value="Button" />
<ActInputValue Guid="99c8d91d-51c0-43f0-96a7-b37e72be8741" Param="Value" ParentGuid="00000000-0000-0000-0000-000000000000" />
<ActInputValue Guid="fb370312-8ba5-4b5c-8cb1-fc6138397ef6" Param="ElementLocateBy" ParentGuid="00000000-0000-0000-0000-000000000000" Value="ByXPath" />
<ActInputValue Guid="6d3ea29f-59af-4433-8aab-af98b29be87d" Param="ElementLocateValue" ParentGuid="00000000-0000-0000-0000-000000000000" Value="/javax.swing.JRootPane[0]/null.layeredPane/null.contentPane/javax.swing.JSplitPane[0]/com.amdocs.uif.workspace.desktop.AppDesktopPane[0]/com.amdocs.oms.phd.order.OrderingFrameworkPHD/javax.swing.JRootPane[0]/null.layeredPane/root/javax.swing.JViewport[0]/root/pnlNavigationButtons/[[Name:btnNextStep][ClassName:com.amdocs.uif.widgets.ButtonNative$JXButton]]" />
<ActInputValue Guid="6f148a83-ac69-4b50-8667-5cd65db40333" Param="ValueToSelect" ParentGuid="00000000-0000-0000-0000-000000000000" />
<ActInputValue Guid="a89f363f-99a5-4f4b-aedb-60963fd16d9c" Param="IsWidgetsElement" ParentGuid="00000000-0000-0000-0000-000000000000" Value="false" />
<ActInputValue Guid="e043be24-a745-4c57-baf4-96a01bf9e488" Param="WaitforIdle" ParentGuid="00000000-0000-0000-0000-000000000000" Value="Medium" />
<ActInputValue Guid="f133de05-5558-41dd-8246-56810765ae1c" Param="TargetLocateBy" ParentGuid="00000000-0000-0000-0000-000000000000" Value="NA" />
<ActInputValue Guid="71ac938d-2a91-4981-9b5f-3ed1fc68ba28" Param="TargetElementType" ParentGuid="00000000-0000-0000-0000-000000000000" Value="Unknown" />
<ActInputValue Guid="c89d6a94-4409-453d-9cea-695c66509f97" Param="HandleElementType" ParentGuid="00000000-0000-0000-0000-000000000000" Value="Unknown" />
<ActInputValue Guid="8db23274-2c02-49c0-a588-555b88040dd0" Param="HandleActionType" ParentGuid="00000000-0000-0000-0000-000000000000" Value="Unknown" />
</InputValues>
</ActUIElement>
<ActUIElement Active="True" Description="GetValue Order id" EnableRetryMechanism="True" Guid="2b909b63-2722-4646-9988-9ccf9f1e5886" MaxNumberOfRetries="5" ParentGuid="00000000-0000-0000-0000-000000000000" Platform="Java" RetryMechanismInterval="5" StatusConverter="None" TakeScreenShot="True" Timeout="10" WaitVE="0" WindowsToCapture="OnlyActiveWindow">
<FlowControls>
<FlowControl Active="True" BusinessFlowControlAction="GoToBusinessFlow" FlowControlAction="GoToAction" Guid="e38db000-604f-4fe9-b0f3-2cce8434b7be" Operator="ActionFailed" ParentGuid="00000000-0000-0000-0000-000000000000" Value="0be651a7-50ff-4228-8032-29c78e62fe0c#GUID_NAME#Click : Submit order" />
</FlowControls>

<InputValues>
<ActInputValue Guid="448b6075-8ffe-4e55-b9db-30b24e5452ea" Param="ElementAction" ParentGuid="00000000-0000-0000-0000-000000000000" Value="GetValue" />
<ActInputValue Guid="0e3c1944-aebd-4233-9645-a64b6382e9ae" Param="ElementType" ParentGuid="00000000-0000-0000-0000-000000000000" Value="TextBox" />
<ActInputValue Guid="462cc43a-bd60-4b16-a467-513e8f7343b2" Param="Value" ParentGuid="00000000-0000-0000-0000-000000000000" />
<ActInputValue Guid="2bbf811e-3c2c-4fcb-a27d-462e32371189" Param="ElementLocateBy" ParentGuid="00000000-0000-0000-0000-000000000000" Value="ByName" />
<ActInputValue Guid="8fe0cd96-53a6-4c26-83ef-6f7fdf1af035" Param="ElementLocateValue" ParentGuid="00000000-0000-0000-0000-000000000000" Value="txtareaMessage" />
<ActInputValue Guid="9a0c9851-3c9d-4d96-892d-beda8e423540" Param="IsWidgetsElement" ParentGuid="00000000-0000-0000-0000-000000000000" Value="false" />
<ActInputValue Guid="479e9170-bca5-48e4-87e3-8d7cf05f21ff" Param="WaitforIdle" ParentGuid="00000000-0000-0000-0000-000000000000" Value="None" />
<ActInputValue Guid="8efbbc93-da7a-4fed-acb4-5c3b4b63299f" Param="TargetLocateBy" ParentGuid="00000000-0000-0000-0000-000000000000" Value="NA" />
<ActInputValue Guid="05c8a12d-1d8b-4e63-a6b0-6372cab5e0f3" Param="TargetElementType" ParentGuid="00000000-0000-0000-0000-000000000000" Value="Unknown" />
<ActInputValue Guid="753bd692-31ab-4e77-8da8-8883f426c619" Param="HandleElementType" ParentGuid="00000000-0000-0000-0000-000000000000" Value="Unknown" />
<ActInputValue Guid="17c4fb01-7cd6-43ba-9e7d-2b73608ee3d9" Param="HandleActionType" ParentGuid="00000000-0000-0000-0000-000000000000" Value="Unknown" />
</InputValues>

<ReturnValues>
<ActReturnValue Active="True" Guid="50593a45-132a-4620-a3d2-558ec121bedc" mExpected="A" Operator="Contains" Param="Actual0" ParentGuid="00000000-0000-0000-0000-000000000000" StoreTo="GlobalVariable" StoreToValue="5fa6836e-afdb-4ec6-a1d6-8834e617ff47" />
</ReturnValues>
</ActUIElement>
<ActSetVariableValue Active="True" Description="Set Variable Order ID" Guid="f145ff42-31e7-4e16-b543-c5d0a45f382c" MaxNumberOfRetries="2" ParentGuid="00000000-0000-0000-0000-000000000000" Platform="NA" RetryMechanismInterval="5" SetVariableValueOption="SetValue" StatusConverter="None" TakeScreenShot="True" VariableName="Output Order ID" WaitVE="0" WindowsToCapture="OnlyActiveWindow">
<InputValues>
<ActInputValue Guid="76856305-7018-47c4-99f4-477a3b9b2822" Param="Value" ParentGuid="00000000-0000-0000-0000-000000000000" Value="{RegEx Fun= Replace Pat=\D+ P1={Var Name=Output Order ID}}" />
</InputValues>
</ActSetVariableValue>
<ActSetVariableValue Active="True" Description="Set Variable Order action ID" Guid="2006f79c-5ef5-46c2-ba90-5f857e922837" MaxNumberOfRetries="2" ParentGuid="00000000-0000-0000-0000-000000000000" Platform="NA" RetryMechanismInterval="5" SetVariableValueOption="SetValue" StatusConverter="None" TakeScreenShot="True" VariableName="Output Order Action ID" WaitVE="0" WindowsToCapture="OnlyActiveWindow">
<InputValues>
<ActInputValue Guid="76856305-7018-47c4-99f4-477a3b9b2822" Param="Value" ParentGuid="00000000-0000-0000-0000-000000000000" Value="{CS Exp={Var Name=Output Order ID}+1}" />
</InputValues>
</ActSetVariableValue>
<ActUIElement Active="True" Description="Click : Close button" EnableRetryMechanism="True" Guid="96c7e362-fad0-4e1f-b19f-5125847fe161" MaxNumberOfRetries="3" ParentGuid="00000000-0000-0000-0000-000000000000" Platform="Java" RetryMechanismInterval="5" StatusConverter="None" TakeScreenShot="True" WaitVE="0" WindowsToCapture="OnlyActiveWindow">
<FlowControls>
<FlowControl Active="True" BusinessFlowControlAction="GoToBusinessFlow" FlowControlAction="StopRun" Guid="38e51d6c-fb37-4722-81dc-92c58f5d4b95" Operator="ActionFailed" ParentGuid="00000000-0000-0000-0000-000000000000" />
</FlowControls>

<InputValues>
<ActInputValue Guid="de3527e1-3d1c-4b14-b72c-d8237daba879" Param="ElementAction" ParentGuid="00000000-0000-0000-0000-000000000000" Value="Click" />
<ActInputValue Guid="c8662678-0352-4e84-999f-6d4521a13cea" Param="ElementType" ParentGuid="00000000-0000-0000-0000-000000000000" Value="Button" />
<ActInputValue Guid="d0b5e125-0a06-4c23-8501-d1ae627fb758" Param="Value" ParentGuid="00000000-0000-0000-0000-000000000000" />
<ActInputValue Guid="8012905d-4ccc-4d2d-ab7c-6194a6964cab" Param="ElementLocateBy" ParentGuid="00000000-0000-0000-0000-000000000000" Value="ByXPath" />
<ActInputValue Guid="c52a705d-a243-4749-813a-3ef5873f4c1d" Param="ElementLocateValue" ParentGuid="00000000-0000-0000-0000-000000000000" Value="/javax.swing.JRootPane[0]/null.layeredPane/null.contentPane/javax.swing.JSplitPane[0]/com.amdocs.uif.workspace.desktop.AppDesktopPane[0]/com.amdocs.oms.phd.order.OrderingFrameworkPHD/javax.swing.JRootPane[0]/null.layeredPane/root/javax.swing.JViewport[0]/root/pnlNavigationButtons/[[Name:btnCloseFramework][ClassName:com.amdocs.uif.widgets.ButtonNative$JXButton]]" />
<ActInputValue Guid="ac36451c-8b78-4cde-9378-4d99ddc80738" Param="ValueToSelect" ParentGuid="00000000-0000-0000-0000-000000000000" />
<ActInputValue Guid="7ce629d4-406e-4918-ae1a-a0839ddd8bc5" Param="IsWidgetsElement" ParentGuid="00000000-0000-0000-0000-000000000000" Value="false" />
<ActInputValue Guid="635556e3-4e22-4140-9218-e088a4618f78" Param="WaitforIdle" ParentGuid="00000000-0000-0000-0000-000000000000" Value="Medium" />
<ActInputValue Guid="f432d175-3806-438c-935e-c5ddf6886948" Param="TargetLocateBy" ParentGuid="00000000-0000-0000-0000-000000000000" Value="NA" />
<ActInputValue Guid="31bd2d5b-98b4-4416-aa6c-fc96f1656695" Param="TargetElementType" ParentGuid="00000000-0000-0000-0000-000000000000" Value="Unknown" />
<ActInputValue Guid="994e2c3a-8394-4948-932a-4f38347748db" Param="HandleElementType" ParentGuid="00000000-0000-0000-0000-000000000000" Value="Unknown" />
<ActInputValue Guid="0875c5f0-a9aa-4d5d-b95a-cd6825862797" Param="HandleActionType" ParentGuid="00000000-0000-0000-0000-000000000000" Value="Unknown" />
</InputValues>
</ActUIElement>
</Acts>

<Variables>
<VariableString Guid="5fa6836e-afdb-4ec6-a1d6-8834e617ff47" InitialStringValue="4934081" MappedOutputType="None" Name="Output Order ID" ParentGuid="00000000-0000-0000-0000-000000000000" SetAsInputValue="False" SetAsOutputValue="False" />
<VariableString Guid="524c68e2-b57e-4567-9e9d-ac35687a22a2" InitialStringValue="4934082" MappedOutputType="None" Name="Output Order Action ID" ParentGuid="00000000-0000-0000-0000-000000000000" SetAsInputValue="False" SetAsOutputValue="False" />
</Variables>
</Activity></GingerRepositoryItem>