﻿<?xml version="1.0" encoding="utf-8"?>
<GingerRepositoryItem><Header ItemGuid="d72d17b4-7fb6-4b7e-9d07-0f0e488b9a81" ItemType="Activity" CreatedBy="christian.poblete" Created="202101151831" GingerVersion="3.6.0.0" Version="1" LastUpdateBy="christian.poblete" LastUpdate="202101151831" />
<Activity ActionRunOption="StopActionsRunOnFailure" Active="True" ActivityName="Save customer" AutomationStatus="Automated" ErrorHandlerMappingType="AllAvailableHandlers" Guid="d72d17b4-7fb6-4b7e-9d07-0f0e488b9a81" ParentGuid="00000000-0000-0000-0000-000000000000" PercentAutomated="100%" TargetApplication="MyJavaApp">
<Acts>
<ActUIElement Active="True" Description="Select RadioButton'Save and Create Billing Profile'" Guid="eb83e815-ff3e-4430-bf99-230399fad365" MaxNumberOfRetries="2" ParentGuid="00000000-0000-0000-0000-000000000000" Platform="NA" RetryMechanismInterval="5" StatusConverter="None" TakeScreenShot="True" WaitVE="0" WindowsToCapture="OnlyActiveWindow">
<InputValues>
<ActInputValue Guid="7bf3fc19-bf12-4641-9d78-ca6153ae8cf3" Param="ElementLocateBy" ParentGuid="00000000-0000-0000-0000-000000000000" Value="ByXPath" />
<ActInputValue Guid="b2023ce1-9539-4811-b03f-46eaeae00f9a" Param="ElementLocateValue" ParentGuid="00000000-0000-0000-0000-000000000000" Value="/javax.swing.JRootPane[0]/null.layeredPane/null.contentPane/javax.swing.JSplitPane[0]/com.amdocs.uif.workspace.desktop.AppDesktopPane[0]/com.crmimpl.crm.isales.customer.XCreateCustomer/javax.swing.JRootPane[0]/null.layeredPane/root/javax.swing.JViewport[0]/root/pnlSaveCancel/[[Name:radbtn_SaveCreate][ClassName:javax.swing.JRadioButton]]" />
<ActInputValue Guid="8e599b43-a89a-42d1-b413-5d2c4fa85672" Param="ElementType" ParentGuid="00000000-0000-0000-0000-000000000000" Value="RadioButton" />
<ActInputValue Guid="329ce8d7-2e08-490b-8f54-64da692beecc" Param="ElementAction" ParentGuid="00000000-0000-0000-0000-000000000000" Value="Select" />
<ActInputValue Guid="7cd3639d-ec94-4d22-b692-18071bc17029" Param="TargetLocateBy" ParentGuid="00000000-0000-0000-0000-000000000000" Value="NA" />
<ActInputValue Guid="e25d68ff-70cb-49ac-bcc6-2e96fefbeab0" Param="TargetElementType" ParentGuid="00000000-0000-0000-0000-000000000000" Value="Unknown" />
<ActInputValue Guid="33a93bbb-6fd5-4c04-af7c-b7c391dbc766" Param="HandleElementType" ParentGuid="00000000-0000-0000-0000-000000000000" Value="Unknown" />
<ActInputValue Guid="71c0dc1b-0492-47c8-bf08-6979dc193281" Param="HandleActionType" ParentGuid="00000000-0000-0000-0000-000000000000" Value="Unknown" />
</InputValues>
</ActUIElement>
<ActUIElement Active="True" Description="Click Button 'Save'" Guid="af7e9b7e-c1a6-4077-8bf7-ec5126fe6c88" MaxNumberOfRetries="2" ParentGuid="00000000-0000-0000-0000-000000000000" Platform="NA" RetryMechanismInterval="5" StatusConverter="None" TakeScreenShot="True" WaitVE="0" WindowsToCapture="OnlyActiveWindow">
<InputValues>
<ActInputValue Guid="0037394c-e1f2-4469-97c5-f52fc114fb55" Param="ElementLocateBy" ParentGuid="00000000-0000-0000-0000-000000000000" Value="ByXPath" />
<ActInputValue Guid="b4125f0f-f4fc-4595-96a9-5d681616a764" Param="ElementLocateValue" ParentGuid="00000000-0000-0000-0000-000000000000" Value="/javax.swing.JRootPane[0]/null.layeredPane/null.contentPane/javax.swing.JSplitPane[0]/com.amdocs.uif.workspace.desktop.AppDesktopPane[0]/com.crmimpl.crm.isales.customer.XCreateCustomer/javax.swing.JRootPane[0]/null.layeredPane/root/javax.swing.JViewport[0]/root/pnlSaveCancel/[[Name:btnSave][ClassName:com.amdocs.uif.widgets.ButtonNative$JXButton]]" />
<ActInputValue Guid="8da7cab5-ac98-4b7f-bbe7-2bda0c777aa8" Param="Value" ParentGuid="00000000-0000-0000-0000-000000000000" Value="Save" />
<ActInputValue Guid="a211263f-e565-4beb-b208-6d43bc998102" Param="ElementType" ParentGuid="00000000-0000-0000-0000-000000000000" Value="Button" />
<ActInputValue Guid="f2523662-42e4-4db4-94d3-10739d9063a2" Param="ElementAction" ParentGuid="00000000-0000-0000-0000-000000000000" Value="Click" />
<ActInputValue Guid="89acc868-dacc-45b5-92b7-f3742b636a1d" Param="WaitforIdle" ParentGuid="00000000-0000-0000-0000-000000000000" Value="Medium" />
<ActInputValue Guid="83718246-bf7b-4b83-a791-bf59f9df593e" Param="TargetLocateBy" ParentGuid="00000000-0000-0000-0000-000000000000" Value="NA" />
<ActInputValue Guid="7978113e-db03-4d6f-a9f9-e980e0c94a5d" Param="TargetElementType" ParentGuid="00000000-0000-0000-0000-000000000000" Value="Unknown" />
<ActInputValue Guid="6bff1b19-a9e6-4510-8fee-1db0a38851f9" Param="HandleElementType" ParentGuid="00000000-0000-0000-0000-000000000000" Value="Unknown" />
<ActInputValue Guid="36356653-600b-42e4-b087-fc19bbf766b3" Param="HandleActionType" ParentGuid="00000000-0000-0000-0000-000000000000" Value="Unknown" />
</InputValues>
</ActUIElement>
</Acts>
</Activity></GingerRepositoryItem>