﻿<?xml version="1.0" encoding="utf-8"?>
<GingerRepositoryItem><Header ItemGuid="c9805524-f551-4ef2-b181-a155585cf89d" ItemType="Activity" CreatedBy="christian.poblete" Created="202101121550" GingerVersion="3.6.0.0" Version="1" LastUpdateBy="christian.poblete" LastUpdate="202101121550" />
<Activity ActionRunOption="StopActionsRunOnFailure" Active="True" ActivityName="Select Dealer and Save" AutomationStatus="Automated" ErrorHandlerMappingType="AllAvailableHandlers" Guid="c9805524-f551-4ef2-b181-a155585cf89d" ParentGuid="00000000-0000-0000-0000-000000000000" PercentAutomated="88%" TargetApplication="MyJavaApp">
<Acts>
<ActUIElement Active="True" Description="Select ComboBox 'property Type'" Guid="3c94e0f3-26bd-40a0-9280-155391c2878b" MaxNumberOfRetries="2" ParentGuid="00000000-0000-0000-0000-000000000000" Platform="Java" RetryMechanismInterval="5" StatusConverter="None" TakeScreenShot="True" WaitVE="0" WindowsToCapture="OnlyActiveWindow">
<InputValues>
<ActInputValue Guid="bfb55930-381b-4221-a562-42f69f1141f0" Param="ElementLocateBy" ParentGuid="00000000-0000-0000-0000-000000000000" Value="ByXPath" />
<ActInputValue Guid="1e3cff79-b13e-49cd-94cf-4bc24c80f439" Param="ElementLocateValue" ParentGuid="00000000-0000-0000-0000-000000000000" Value="/javax.swing.JRootPane[0]/null.layeredPane/null.contentPane/javax.swing.JSplitPane[0]/com.amdocs.uif.workspace.desktop.AppDesktopPane[0]/com.crmimpl.crm.isupport.site.popup.XSiteCreate/javax.swing.JRootPane[0]/null.layeredPane/root/javax.swing.JViewport[0]/root/Pnl_Property/[[Name:propertyType][ClassName:com.amdocs.uif.widgets.ComboBoxNative$1]]" />
<ActInputValue Guid="89751d16-48d2-4a94-8aa7-16f558ffe011" Param="ElementType" ParentGuid="00000000-0000-0000-0000-000000000000" Value="ComboBox" />
<ActInputValue Guid="6ac87564-cd36-4fae-aac5-55f5a177510c" Param="ElementAction" ParentGuid="00000000-0000-0000-0000-000000000000" Value="Select" />
<ActInputValue Guid="64474791-0888-42c0-b35e-be8122bc4940" Param="ValueToSelect" ParentGuid="00000000-0000-0000-0000-000000000000" Value="{DS Name=DefaultDataSource DST=COP_Simplified_sanity MASD=N Query QUERY=db.COP_Simplified_sanity.select GINGER_KEY_VALUE where GINGER_KEY_NAME=&quot;SitePropertyType&quot;}" />
<ActInputValue Guid="960f56af-972b-4885-9e9a-74ac38e40db4" Param="IsWidgetsElement" ParentGuid="00000000-0000-0000-0000-000000000000" Value="false" />
<ActInputValue Guid="558590f2-d65e-473e-881e-7d76e47ebc93" Param="WaitforIdle" ParentGuid="00000000-0000-0000-0000-000000000000" Value="None" />
<ActInputValue Guid="32471b77-8be7-454a-9c90-f760beb2c18e" Param="TargetLocateBy" ParentGuid="00000000-0000-0000-0000-000000000000" Value="NA" />
<ActInputValue Guid="c7455838-b9ab-487e-aefb-28da7ea7f596" Param="TargetElementType" ParentGuid="00000000-0000-0000-0000-000000000000" Value="Unknown" />
<ActInputValue Guid="f0e56a84-4f0b-4c45-ba0e-20f10b7d5962" Param="HandleElementType" ParentGuid="00000000-0000-0000-0000-000000000000" Value="Unknown" />
<ActInputValue Guid="d05d3858-cfe5-48ea-a8ce-5cfe5897a24c" Param="HandleActionType" ParentGuid="00000000-0000-0000-0000-000000000000" Value="Unknown" />
</InputValues>
</ActUIElement>
<ActUIElement Description="Select ComboBox 'propertySubType'" Guid="2da76ad7-3fff-4ecf-aaaf-e39db459703c" MaxNumberOfRetries="2" ParentGuid="00000000-0000-0000-0000-000000000000" Platform="Java" RetryMechanismInterval="5" StatusConverter="None" TakeScreenShot="True" WindowsToCapture="OnlyActiveWindow">
<InputValues>
<ActInputValue Guid="dd65e721-7f37-4d71-9c02-668b45325661" Param="ElementLocateBy" ParentGuid="00000000-0000-0000-0000-000000000000" Value="ByXPath" />
<ActInputValue Guid="8cd35e02-8bcf-424b-be3e-605b4eb8dd49" Param="ElementLocateValue" ParentGuid="00000000-0000-0000-0000-000000000000" Value="/javax.swing.JRootPane[0]/null.layeredPane/null.contentPane/javax.swing.JSplitPane[0]/com.amdocs.uif.workspace.desktop.AppDesktopPane[0]/com.crmimpl.crm.isupport.site.popup.XSiteCreate/javax.swing.JRootPane[0]/null.layeredPane/root/javax.swing.JViewport[0]/root/Pnl_Property/[[Name:propertySubType][ClassName:com.amdocs.uif.widgets.ComboBoxNative$1]]" />
<ActInputValue Guid="03eba6d1-4e78-49a9-bb33-ed128db714d9" Param="ElementType" ParentGuid="00000000-0000-0000-0000-000000000000" Value="ComboBox" />
<ActInputValue Guid="f9a9d5f6-eb41-4fdb-b38e-4a9c919318b1" Param="ElementAction" ParentGuid="00000000-0000-0000-0000-000000000000" Value="Select" />
<ActInputValue Guid="098d7949-a8b2-43bf-924a-0b0e33afdd0a" Param="ValueToSelect" ParentGuid="00000000-0000-0000-0000-000000000000" Value="Apartment" />
<ActInputValue Guid="db210f10-894e-4897-8267-b9a582a7f74f" Param="TargetLocateBy" ParentGuid="00000000-0000-0000-0000-000000000000" Value="NA" />
<ActInputValue Guid="0f46016b-1c6b-451a-8796-c7d826422598" Param="TargetElementType" ParentGuid="00000000-0000-0000-0000-000000000000" Value="Unknown" />
<ActInputValue Guid="c696841a-1a8f-49e6-998c-24e48e0b0b92" Param="HandleElementType" ParentGuid="00000000-0000-0000-0000-000000000000" Value="Unknown" />
<ActInputValue Guid="60f4ab9f-faa3-4e8c-9278-c2962afecbcf" Param="HandleActionType" ParentGuid="00000000-0000-0000-0000-000000000000" Value="Unknown" />
<ActInputValue Guid="420aa88b-f162-4671-89d9-b454334d4690" Param="IsWidgetsElement" ParentGuid="00000000-0000-0000-0000-000000000000" Value="false" />
<ActInputValue Guid="432b2f0f-38d5-4d48-8c39-3efbc01f86fa" Param="WaitforIdle" ParentGuid="00000000-0000-0000-0000-000000000000" Value="None" />
</InputValues>
</ActUIElement>
<ActUIElement Active="True" Description="Select ComboBox 'bulk Installation Type'" Guid="c3937c35-d952-4075-bb6a-9a7ab62aab50" MaxNumberOfRetries="2" ParentGuid="00000000-0000-0000-0000-000000000000" Platform="Java" RetryMechanismInterval="5" StatusConverter="None" TakeScreenShot="True" WaitVE="0" WindowsToCapture="OnlyActiveWindow">
<InputValues>
<ActInputValue Guid="d23f16af-c6ca-4785-960f-6d3e0d7f8079" Param="ElementLocateBy" ParentGuid="00000000-0000-0000-0000-000000000000" Value="ByXPath" />
<ActInputValue Guid="3f2323d4-83f8-42f6-b5c6-8057de578aed" Param="ElementLocateValue" ParentGuid="00000000-0000-0000-0000-000000000000" Value="/javax.swing.JRootPane[0]/null.layeredPane/null.contentPane/javax.swing.JSplitPane[0]/com.amdocs.uif.workspace.desktop.AppDesktopPane[0]/com.crmimpl.crm.isupport.site.popup.XSiteCreate/javax.swing.JRootPane[0]/null.layeredPane/root/javax.swing.JViewport[0]/root/Pnl_Property/[[Name:bulkInstallationType][ClassName:com.amdocs.uif.widgets.ComboBoxNative$1]]" />
<ActInputValue Guid="ce415dcb-33d7-4879-badc-9668c2e49f71" Param="ElementType" ParentGuid="00000000-0000-0000-0000-000000000000" Value="ComboBox" />
<ActInputValue Guid="31439f4d-c1b6-465b-b8cf-d34b3fe09205" Param="ElementAction" ParentGuid="00000000-0000-0000-0000-000000000000" Value="Select" />
<ActInputValue Guid="9b22724a-00c3-4c9b-9936-0f1cda16a692" Param="ValueToSelect" ParentGuid="00000000-0000-0000-0000-000000000000" Value="DISH Fiber" />
<ActInputValue Guid="a9df0b7f-0c49-4df1-acbe-ca7fc9b0811b" Param="TargetLocateBy" ParentGuid="00000000-0000-0000-0000-000000000000" Value="NA" />
<ActInputValue Guid="76e918d6-7c9f-4942-98da-e3019da2e46f" Param="TargetElementType" ParentGuid="00000000-0000-0000-0000-000000000000" Value="Unknown" />
<ActInputValue Guid="66d8b3d3-9952-43de-9af1-ab0947daa534" Param="HandleElementType" ParentGuid="00000000-0000-0000-0000-000000000000" Value="Unknown" />
<ActInputValue Guid="a9b3bdbf-68c4-45c4-8a3d-7e008508a617" Param="HandleActionType" ParentGuid="00000000-0000-0000-0000-000000000000" Value="Unknown" />
<ActInputValue Guid="558f74d3-699a-4563-a7dc-d631f4811a6e" Param="IsWidgetsElement" ParentGuid="00000000-0000-0000-0000-000000000000" Value="false" />
<ActInputValue Guid="4f95e0cc-e3cb-40fd-8ddc-d4758db4e7c9" Param="WaitforIdle" ParentGuid="00000000-0000-0000-0000-000000000000" Value="None" />
</InputValues>
</ActUIElement>
<ActUIElement Active="True" Description="Select ComboBox 'tenant Type'" Guid="770a0524-8e83-4d40-8f98-01c127b05867" MaxNumberOfRetries="2" ParentGuid="00000000-0000-0000-0000-000000000000" Platform="Java" RetryMechanismInterval="5" StatusConverter="None" TakeScreenShot="True" WaitVE="0" WindowsToCapture="OnlyActiveWindow">
<InputValues>
<ActInputValue Guid="a81d60eb-1675-43ce-82ff-6f0bfc1f36d3" Param="ElementLocateBy" ParentGuid="00000000-0000-0000-0000-000000000000" Value="ByXPath" />
<ActInputValue Guid="52a591cf-3aa1-4bba-a3b7-0ccc2ebb3855" Param="ElementLocateValue" ParentGuid="00000000-0000-0000-0000-000000000000" Value="/javax.swing.JRootPane[0]/null.layeredPane/null.contentPane/javax.swing.JSplitPane[0]/com.amdocs.uif.workspace.desktop.AppDesktopPane[0]/com.crmimpl.crm.isupport.site.popup.XSiteCreate/javax.swing.JRootPane[0]/null.layeredPane/root/javax.swing.JViewport[0]/root/Pnl_Property/[[Name:tenantType][ClassName:com.amdocs.uif.widgets.ComboBoxNative$1]]" />
<ActInputValue Guid="4cc16820-838e-4647-b051-d7f3b45e3b06" Param="ElementType" ParentGuid="00000000-0000-0000-0000-000000000000" Value="ComboBox" />
<ActInputValue Guid="294b9000-97be-4ac3-ab45-5c4120ae679a" Param="ElementAction" ParentGuid="00000000-0000-0000-0000-000000000000" Value="Select" />
<ActInputValue Guid="93db64dc-ea3b-442c-ad1b-c411827344be" Param="ValueToSelect" ParentGuid="00000000-0000-0000-0000-000000000000" Value="{DS Name=DefaultDataSource DST=COP_Simplified_sanity MASD=N Query QUERY=db.COP_Simplified_sanity.select GINGER_KEY_VALUE where GINGER_KEY_NAME=&quot;SiteTenantType&quot;}" />
<ActInputValue Guid="35a4fd75-9fe5-48d5-9764-f6cef72e8c08" Param="TargetLocateBy" ParentGuid="00000000-0000-0000-0000-000000000000" Value="NA" />
<ActInputValue Guid="9772d02c-fe60-425d-be31-941bf10c7fb7" Param="TargetElementType" ParentGuid="00000000-0000-0000-0000-000000000000" Value="Unknown" />
<ActInputValue Guid="bc491f94-79d7-432b-b0fd-aa1c0074cd02" Param="HandleElementType" ParentGuid="00000000-0000-0000-0000-000000000000" Value="Unknown" />
<ActInputValue Guid="20ffbd3c-fa01-402e-9303-9f2133b9c2ca" Param="HandleActionType" ParentGuid="00000000-0000-0000-0000-000000000000" Value="Unknown" />
<ActInputValue Guid="b5badda6-04fa-4da2-8041-60d76e04d6be" Param="IsWidgetsElement" ParentGuid="00000000-0000-0000-0000-000000000000" Value="false" />
<ActInputValue Guid="ef331a86-1809-49f9-b684-8767e76994e6" Param="WaitforIdle" ParentGuid="00000000-0000-0000-0000-000000000000" Value="None" />
</InputValues>
</ActUIElement>
<ActUIElement Active="True" Description="Set Text Box 'phone'" Guid="94ec2a77-8181-45b0-a26b-23b907850670" MaxNumberOfRetries="2" ParentGuid="00000000-0000-0000-0000-000000000000" Platform="Java" RetryMechanismInterval="5" StatusConverter="None" TakeScreenShot="True" WaitVE="0" WindowsToCapture="OnlyActiveWindow">
<InputValues>
<ActInputValue Guid="4030ef04-31fc-4fa4-9d15-11c699ba50ac" Param="ElementLocateBy" ParentGuid="00000000-0000-0000-0000-000000000000" Value="ByXPath" />
<ActInputValue Guid="53af8c1c-6c3c-48ce-b6ab-839cb2bbb4b6" Param="ElementLocateValue" ParentGuid="00000000-0000-0000-0000-000000000000" Value="/javax.swing.JRootPane[0]/null.layeredPane/null.contentPane/javax.swing.JSplitPane[0]/com.amdocs.uif.workspace.desktop.AppDesktopPane[0]/com.crmimpl.crm.isupport.site.popup.XSiteCreate/javax.swing.JRootPane[0]/null.layeredPane/root/javax.swing.JViewport[0]/root/[[Name:phoneval][ClassName:com.amdocs.uif.widgets.TextFieldNative$1]]" />
<ActInputValue Guid="b07bf906-0c49-4a20-9213-f6bc2b04ac3b" Param="Value" ParentGuid="00000000-0000-0000-0000-000000000000" Value="56973816195" />
<ActInputValue Guid="9de11388-10c8-4c8b-97c9-a07a22174675" Param="ElementType" ParentGuid="00000000-0000-0000-0000-000000000000" Value="TextBox" />
<ActInputValue Guid="fd94d67d-c281-4d99-a7dc-9c6d97490971" Param="ElementAction" ParentGuid="00000000-0000-0000-0000-000000000000" Value="SetValue" />
<ActInputValue Guid="63e5df51-f55f-4576-874a-9ff30f015f7a" Param="TargetLocateBy" ParentGuid="00000000-0000-0000-0000-000000000000" Value="NA" />
<ActInputValue Guid="554bf652-edfc-47b0-acff-93d00b295dd1" Param="TargetElementType" ParentGuid="00000000-0000-0000-0000-000000000000" Value="Unknown" />
<ActInputValue Guid="988371eb-66b1-4f70-8d9d-29ba4d3d875b" Param="HandleElementType" ParentGuid="00000000-0000-0000-0000-000000000000" Value="Unknown" />
<ActInputValue Guid="e519f994-8941-4493-8a83-981c3c9c69a2" Param="HandleActionType" ParentGuid="00000000-0000-0000-0000-000000000000" Value="Unknown" />
<ActInputValue Guid="a1c38e2f-7423-47ec-91bb-41a21571f669" Param="IsWidgetsElement" ParentGuid="00000000-0000-0000-0000-000000000000" Value="false" />
<ActInputValue Guid="c1513563-7f57-430c-a3bd-22c91e9c65e9" Param="WaitforIdle" ParentGuid="00000000-0000-0000-0000-000000000000" Value="None" />
</InputValues>
</ActUIElement>
<ActUIElement Active="True" Description="Click Button 'Dealer Lookup'" Guid="7698d9fd-885f-4c02-989b-d69d4e095111" MaxNumberOfRetries="2" ParentGuid="00000000-0000-0000-0000-000000000000" Platform="Java" RetryMechanismInterval="5" StatusConverter="None" TakeScreenShot="True" WaitVE="0" WindowsToCapture="OnlyActiveWindow">
<InputValues>
<ActInputValue Guid="9a1f590e-4074-4940-ad76-515aa901a539" Param="ElementLocateBy" ParentGuid="00000000-0000-0000-0000-000000000000" Value="ByXPath" />
<ActInputValue Guid="c3b69e9e-9ac0-4cd0-8b25-2e335eace188" Param="ElementLocateValue" ParentGuid="00000000-0000-0000-0000-000000000000" Value="/javax.swing.JRootPane[0]/null.layeredPane/null.contentPane/javax.swing.JSplitPane[0]/com.amdocs.uif.workspace.desktop.AppDesktopPane[0]/com.crmimpl.crm.isupport.site.popup.XSiteCreate/javax.swing.JRootPane[0]/null.layeredPane/root/javax.swing.JViewport[0]/root/Panel_distributor/pnlDealer/dealer_lookup/[[Name:dealer_lookup_ddbutton][ClassName:com.amdocs.uif.widgets.ButtonNative$JXButton]]" />
<ActInputValue Guid="15bdb816-110e-4f23-8fbf-426e3e4ec6b5" Param="Value" ParentGuid="00000000-0000-0000-0000-000000000000" />
<ActInputValue Guid="1e59efbb-3cfb-49db-a36e-f7010aeb9449" Param="ElementType" ParentGuid="00000000-0000-0000-0000-000000000000" Value="Button" />
<ActInputValue Guid="74387b30-6724-4135-8f0f-dd55e0d1bf22" Param="ElementAction" ParentGuid="00000000-0000-0000-0000-000000000000" Value="Click" />
<ActInputValue Guid="63bd2124-4451-4c5e-878c-31ba0aec9319" Param="WaitforIdle" ParentGuid="00000000-0000-0000-0000-000000000000" Value="Medium" />
<ActInputValue Guid="f106aa9e-15e7-44bf-aa91-f06494ddd556" Param="TargetLocateBy" ParentGuid="00000000-0000-0000-0000-000000000000" Value="NA" />
<ActInputValue Guid="95abd3a4-1aae-4c27-b461-417439ddec7e" Param="TargetElementType" ParentGuid="00000000-0000-0000-0000-000000000000" Value="Unknown" />
<ActInputValue Guid="2147a132-e619-4e1a-b462-0263c08c7ed7" Param="HandleElementType" ParentGuid="00000000-0000-0000-0000-000000000000" Value="Unknown" />
<ActInputValue Guid="bbece637-eac1-4bfd-80f8-62baca274b2e" Param="HandleActionType" ParentGuid="00000000-0000-0000-0000-000000000000" Value="Unknown" />
<ActInputValue Guid="85493e96-5f8e-473a-9228-f6c7992382ed" Param="IsWidgetsElement" ParentGuid="00000000-0000-0000-0000-000000000000" Value="false" />
</InputValues>
</ActUIElement>
<ActUIElement Active="True" Description="Set Text Box 'Dealer Name'" Guid="09eceb18-b9c4-43d8-8d5a-b0437aa190b0" MaxNumberOfRetries="2" ParentGuid="00000000-0000-0000-0000-000000000000" Platform="Java" RetryMechanismInterval="5" StatusConverter="None" TakeScreenShot="True" WaitVE="2" WindowsToCapture="OnlyActiveWindow">
<InputValues>
<ActInputValue Guid="9c887eb8-435f-43c4-b642-393f9d53d8ed" Param="ElementLocateBy" ParentGuid="00000000-0000-0000-0000-000000000000" Value="ByXPath" />
<ActInputValue Guid="af50868d-57c4-4989-98e9-915a58b076aa" Param="ElementLocateValue" ParentGuid="00000000-0000-0000-0000-000000000000" Value="/javax.swing.JRootPane[0]/null.layeredPane/null.contentPane/javax.swing.JSplitPane[0]/com.amdocs.uif.workspace.desktop.AppDesktopPane[0]/com.crmimpl.crm.isales.account.XSearchDealers/javax.swing.JRootPane[0]/null.layeredPane/root/javax.swing.JViewport[0]/root/gridListing/javax.swing.JPanel[0]/com.amdocs.uif.widgets.SearchGridNative$6[0]/javax.swing.JViewport[1]/com.amdocs.uif.widgets.search.SearchJTableHeader[0]/com.amdocs.uif.widgets.PanelNative$JXPanel[1]/com.amdocs.uif.widgets.PanelNative$JXPanel[0]/[[Name:adhocValue_txtDealerName][ClassName:com.amdocs.uif.widgets.TextFieldNative$1]]" />
<ActInputValue Guid="6a82a767-6451-4936-bd76-5af5d2384f5b" Param="Value" ParentGuid="00000000-0000-0000-0000-000000000000" Value="No Assigned Retailer" />
<ActInputValue Guid="45616303-4335-49eb-8266-c1c7d1f4c03b" Param="ElementType" ParentGuid="00000000-0000-0000-0000-000000000000" Value="TextBox" />
<ActInputValue Guid="36871573-541e-4eb1-bf61-b863e4a38dd1" Param="ElementAction" ParentGuid="00000000-0000-0000-0000-000000000000" Value="SetValue" />
<ActInputValue Guid="878cbb6c-4ecb-41c6-911c-4d642ed87e56" Param="TargetLocateBy" ParentGuid="00000000-0000-0000-0000-000000000000" Value="NA" />
<ActInputValue Guid="7cea12e6-3dd2-4bb0-9730-76397f3a516e" Param="TargetElementType" ParentGuid="00000000-0000-0000-0000-000000000000" Value="Unknown" />
<ActInputValue Guid="a82355df-9469-43cc-a936-220ba6e32089" Param="HandleElementType" ParentGuid="00000000-0000-0000-0000-000000000000" Value="Unknown" />
<ActInputValue Guid="2f9b1f1c-1201-4b33-b5a7-0364c215e824" Param="HandleActionType" ParentGuid="00000000-0000-0000-0000-000000000000" Value="Unknown" />
<ActInputValue Guid="ef91a5d0-f3b3-48a5-a042-a23d6743fd08" Param="IsWidgetsElement" ParentGuid="00000000-0000-0000-0000-000000000000" Value="false" />
<ActInputValue Guid="0b883eb3-bb77-4ed4-9a4e-3162fba5332a" Param="WaitforIdle" ParentGuid="00000000-0000-0000-0000-000000000000" Value="None" />
</InputValues>
</ActUIElement>
<ActUIElement Active="True" Description="Click Button 'Search Now'" Guid="41633482-4604-4946-b577-e1db9305c23a" MaxNumberOfRetries="2" ParentGuid="00000000-0000-0000-0000-000000000000" Platform="NA" RetryMechanismInterval="5" StatusConverter="None" TakeScreenShot="True" WaitVE="0" WindowsToCapture="OnlyActiveWindow">
<InputValues>
<ActInputValue Guid="10af0bab-ed10-43f1-a978-94de69468db4" Param="ElementLocateBy" ParentGuid="00000000-0000-0000-0000-000000000000" Value="ByXPath" />
<ActInputValue Guid="8b439d2f-4adc-4db8-8f71-417620b64b52" Param="ElementLocateValue" ParentGuid="00000000-0000-0000-0000-000000000000" Value="/javax.swing.JRootPane[0]/null.layeredPane/null.contentPane/javax.swing.JSplitPane[0]/com.amdocs.uif.workspace.desktop.AppDesktopPane[0]/com.crmimpl.crm.isales.account.XSearchDealers/javax.swing.JRootPane[0]/null.layeredPane/root/javax.swing.JViewport[0]/root/gridListing/com.amdocs.uif.widgets.PanelNative$JXPanel[0]/com.amdocs.uif.widgets.PanelNative$JXPanel[0]/[[Name:btnSearchNow][ClassName:com.amdocs.uif.widgets.ButtonNative$JXButton]]" />
<ActInputValue Guid="c094cefb-3d6e-420a-99c7-e7164faee398" Param="Value" ParentGuid="00000000-0000-0000-0000-000000000000" Value="Search Now" />
<ActInputValue Guid="94430b5e-fdd2-4aa3-9df3-93e70f3fceeb" Param="ElementType" ParentGuid="00000000-0000-0000-0000-000000000000" Value="Button" />
<ActInputValue Guid="d387ebbb-858e-4642-9c12-849df315b713" Param="ElementAction" ParentGuid="00000000-0000-0000-0000-000000000000" Value="Click" />
<ActInputValue Guid="bc1c6190-e4d2-4aa6-b264-d11bbb312562" Param="WaitforIdle" ParentGuid="00000000-0000-0000-0000-000000000000" Value="Medium" />
<ActInputValue Guid="08bb7890-491e-4058-afcd-14da491e2575" Param="TargetLocateBy" ParentGuid="00000000-0000-0000-0000-000000000000" Value="NA" />
<ActInputValue Guid="ad1864cc-2fbe-45f9-9dc4-0c2f1056963c" Param="TargetElementType" ParentGuid="00000000-0000-0000-0000-000000000000" Value="Unknown" />
<ActInputValue Guid="09e78378-2ead-4af7-a24b-81bc1c0121c9" Param="HandleElementType" ParentGuid="00000000-0000-0000-0000-000000000000" Value="Unknown" />
<ActInputValue Guid="4cfce43a-66b7-471e-9906-87c5b037114d" Param="HandleActionType" ParentGuid="00000000-0000-0000-0000-000000000000" Value="Unknown" />
</InputValues>
</ActUIElement>
<ActUIElement Active="True" Description="Select dealer from list" Guid="a3e64a39-0da6-4b91-9a5d-c75576620985" MaxNumberOfRetries="2" ParentGuid="00000000-0000-0000-0000-000000000000" Platform="Java" RetryMechanismInterval="5" StatusConverter="None" TakeScreenShot="True" WaitVE="0" WindowsToCapture="OnlyActiveWindow">
<InputValues>
<ActInputValue Guid="2f5fdbd6-46af-4a7d-9b54-95711be64f13" Param="ElementLocateBy" ParentGuid="00000000-0000-0000-0000-000000000000" Value="ByXPath" />
<ActInputValue Guid="20c80468-9d04-48a5-9bc7-f99fa8567883" Param="ElementLocateValue" ParentGuid="00000000-0000-0000-0000-000000000000" Value="/javax.swing.JRootPane[0]/null.layeredPane/null.contentPane/javax.swing.JSplitPane[0]/com.amdocs.uif.workspace.desktop.AppDesktopPane[0]/com.crmimpl.crm.isales.account.XSearchDealers/javax.swing.JRootPane[0]/null.layeredPane/root/javax.swing.JViewport[0]/root/gridListing/javax.swing.JPanel[0]/com.amdocs.uif.widgets.SearchGridNative$6[0]/javax.swing.JViewport[0]/[[Name:gridListing][ClassName:com.amdocs.uif.widgets.search.SearchJTable]]" />
<ActInputValue Guid="a7b10bd0-7780-4d25-889c-1fb02af4182a" Param="Value" ParentGuid="00000000-0000-0000-0000-000000000000" Value="null" />
<ActInputValue Guid="5e2296e2-4275-40b4-9a6e-32d6e4e6f7eb" Param="ElementType" ParentGuid="00000000-0000-0000-0000-000000000000" Value="Table" />
<ActInputValue Guid="78c9df0b-dce0-4474-a67e-c21a081e9dd9" Param="ElementAction" ParentGuid="00000000-0000-0000-0000-000000000000" Value="TableCellAction" />
<ActInputValue Guid="6e8e286f-87cf-43c3-a940-b8d450d2a672" Param="WhereColumnValue" ParentGuid="00000000-0000-0000-0000-000000000000" Value="0" />
<ActInputValue Guid="e569ae81-bbcf-479c-b50c-7af668f8424f" Param="LocateRowType" ParentGuid="00000000-0000-0000-0000-000000000000" Value="Row Number" />
<ActInputValue Guid="f4e18fbf-3f2f-462d-8ff4-140b58dea27f" Param="ColSelectorValue" ParentGuid="00000000-0000-0000-0000-000000000000" Value="ColNum" />
<ActInputValue Guid="42b51f49-5bca-4350-bc4a-859a8d1854ee" Param="LocateColTitle" ParentGuid="00000000-0000-0000-0000-000000000000" Value="0" />
<ActInputValue Guid="27b56bc8-e775-4bed-9757-695869108c41" Param="ControlAction" ParentGuid="00000000-0000-0000-0000-000000000000" Value="SetFocus" />
<ActInputValue Guid="7d0b9f99-eca6-4ec5-af88-2b96e068331c" Param="TargetLocateBy" ParentGuid="00000000-0000-0000-0000-000000000000" Value="NA" />
<ActInputValue Guid="7c50d3d3-daf0-4fb7-96a0-8e0a927f7b74" Param="TargetElementType" ParentGuid="00000000-0000-0000-0000-000000000000" Value="Unknown" />
<ActInputValue Guid="15ebe799-4e9c-4bee-b423-538a8d60ccee" Param="HandleElementType" ParentGuid="00000000-0000-0000-0000-000000000000" Value="Unknown" />
<ActInputValue Guid="8464f0f9-daed-44df-95c7-8cf78f1dba83" Param="HandleActionType" ParentGuid="00000000-0000-0000-0000-000000000000" Value="Unknown" />
<ActInputValue Guid="1c5265b4-2035-42c9-8021-3e4775cbf559" Param="IsWidgetsElement" ParentGuid="00000000-0000-0000-0000-000000000000" Value="false" />
<ActInputValue Guid="90e5a8c6-6a92-4bd6-80c6-2906358de5a1" Param="WaitforIdle" ParentGuid="00000000-0000-0000-0000-000000000000" />
<ActInputValue Guid="04a07f73-6944-48df-91a1-773280cc28e6" Param="WhereColSelector" ParentGuid="00000000-0000-0000-0000-000000000000" />
<ActInputValue Guid="3e949c58-7cae-49bc-b243-931c5966fbf8" Param="WhereColumnTitle" ParentGuid="00000000-0000-0000-0000-000000000000" />
<ActInputValue Guid="d1655fba-2e37-4744-8276-b17679a4a5a8" Param="WhereProperty" ParentGuid="00000000-0000-0000-0000-000000000000" />
<ActInputValue Guid="f30c6376-f650-456d-95dc-c5099cdf73cd" Param="WhereOperator" ParentGuid="00000000-0000-0000-0000-000000000000" />
<ActInputValue Guid="0554e4fb-099b-49f3-8da0-71e4c4bb0212" Param="LocateRowValue" ParentGuid="00000000-0000-0000-0000-000000000000" Value="0" />
</InputValues>
</ActUIElement>
<ActUIElement Active="True" Description="Click Button 'Select'" Guid="d23a67ef-fcfc-4bb2-add8-badb0ba81a6e" MaxNumberOfRetries="2" ParentGuid="00000000-0000-0000-0000-000000000000" Platform="NA" RetryMechanismInterval="5" StatusConverter="None" TakeScreenShot="True" WaitVE="0" WindowsToCapture="OnlyActiveWindow">
<InputValues>
<ActInputValue Guid="f3682e8f-3730-4496-b992-4cfd657b1c25" Param="ElementLocateBy" ParentGuid="00000000-0000-0000-0000-000000000000" Value="ByXPath" />
<ActInputValue Guid="76aacc70-63ac-452a-ac81-dc5b6858b47f" Param="ElementLocateValue" ParentGuid="00000000-0000-0000-0000-000000000000" Value="/javax.swing.JRootPane[0]/null.layeredPane/null.contentPane/javax.swing.JSplitPane[0]/com.amdocs.uif.workspace.desktop.AppDesktopPane[0]/com.crmimpl.crm.isales.account.XSearchDealers/javax.swing.JRootPane[0]/null.layeredPane/root/javax.swing.JViewport[0]/root/gridFooter/[[Name:ButtonNoDefaultText_6][ClassName:com.amdocs.uif.widgets.ButtonNative$JXButton]]" />
<ActInputValue Guid="8f6badfd-7957-43a4-9e91-c897d9720c64" Param="Value" ParentGuid="00000000-0000-0000-0000-000000000000" Value="Select" />
<ActInputValue Guid="a62905c1-2876-41de-b09b-5eb9398d3fc1" Param="ElementType" ParentGuid="00000000-0000-0000-0000-000000000000" Value="Button" />
<ActInputValue Guid="789f8387-ada5-4d93-a16a-74f27b08d2c8" Param="ElementAction" ParentGuid="00000000-0000-0000-0000-000000000000" Value="Click" />
<ActInputValue Guid="2238aca4-551f-422b-9ebe-6b9c1358b0b3" Param="WaitforIdle" ParentGuid="00000000-0000-0000-0000-000000000000" Value="Medium" />
<ActInputValue Guid="6d3fa0b5-7e71-4948-ba8b-306843fcb5ad" Param="TargetLocateBy" ParentGuid="00000000-0000-0000-0000-000000000000" Value="NA" />
<ActInputValue Guid="bfeb95e0-d19e-43d9-8420-4d2aa36ec000" Param="TargetElementType" ParentGuid="00000000-0000-0000-0000-000000000000" Value="Unknown" />
<ActInputValue Guid="efbf8715-5274-418d-8efa-b85be1960a00" Param="HandleElementType" ParentGuid="00000000-0000-0000-0000-000000000000" Value="Unknown" />
<ActInputValue Guid="201b0a6e-c532-45dd-81e5-7599606b7b35" Param="HandleActionType" ParentGuid="00000000-0000-0000-0000-000000000000" Value="Unknown" />
</InputValues>
</ActUIElement>
<ActUIElement Active="True" Description="Toggle : save and view details" Guid="0cb3da04-bd3c-498d-8c7d-9559fc239d8f" MaxNumberOfRetries="2" ParentGuid="00000000-0000-0000-0000-000000000000" Platform="Java" RetryMechanismInterval="5" StatusConverter="None" TakeScreenShot="True" WaitVE="2" WindowsToCapture="OnlyActiveWindow">
<InputValues>
<ActInputValue Guid="bfdabf1f-a4d8-4d78-b087-4adab19b245c" Param="ElementAction" ParentGuid="00000000-0000-0000-0000-000000000000" Value="Toggle" />
<ActInputValue Guid="9d02e8cb-f53f-45a1-8416-8f3f05d9a7f6" Param="ElementType" ParentGuid="00000000-0000-0000-0000-000000000000" Value="CheckBox" />
<ActInputValue Guid="018cd3e0-f852-4eb0-814a-252778accadf" Param="Value" ParentGuid="00000000-0000-0000-0000-000000000000" />
<ActInputValue Guid="c93ccf39-6dc5-437a-9b22-0186236209d7" Param="ElementLocateBy" ParentGuid="00000000-0000-0000-0000-000000000000" Value="ByXPath" />
<ActInputValue Guid="28039ed8-c588-4cea-b39c-3dd3b5d4c10f" Param="ElementLocateValue" ParentGuid="00000000-0000-0000-0000-000000000000" Value="/javax.swing.JRootPane[0]/null.layeredPane/null.contentPane/javax.swing.JSplitPane[0]/com.amdocs.uif.workspace.desktop.AppDesktopPane[0]/com.crmimpl.crm.isupport.site.popup.XSiteCreate/javax.swing.JRootPane[0]/null.layeredPane/root/javax.swing.JViewport[0]/root/clfy514/[[Name:saveoption][ClassName:javax.swing.JCheckBox]]" />
<ActInputValue Guid="e655aa37-5393-4997-8d49-0a040fbc2df8" Param="IsWidgetsElement" ParentGuid="00000000-0000-0000-0000-000000000000" Value="false" />
<ActInputValue Guid="86f959d4-e4e2-4b76-9071-d577d3f322ad" Param="WaitforIdle" ParentGuid="00000000-0000-0000-0000-000000000000" Value="None" />
<ActInputValue Guid="5133460d-8f99-4c79-bbe2-93e1efaf980c" Param="TargetLocateBy" ParentGuid="00000000-0000-0000-0000-000000000000" Value="NA" />
<ActInputValue Guid="1d7b0a36-4b1b-4ad0-b84d-cd441fedf5f2" Param="TargetElementType" ParentGuid="00000000-0000-0000-0000-000000000000" Value="Unknown" />
<ActInputValue Guid="07f46aee-a177-4dd6-862b-2b2cccddd50a" Param="HandleElementType" ParentGuid="00000000-0000-0000-0000-000000000000" Value="Unknown" />
<ActInputValue Guid="4deed6ab-9676-42d5-95b5-23537edf7be0" Param="HandleActionType" ParentGuid="00000000-0000-0000-0000-000000000000" Value="Unknown" />
</InputValues>
</ActUIElement>
<ActUIElement Active="True" Description="Click Button 'Save'" Guid="47563471-4084-4195-b081-9ee21eaf7764" MaxNumberOfRetries="2" ParentGuid="00000000-0000-0000-0000-000000000000" Platform="NA" RetryMechanismInterval="5" StatusConverter="None" TakeScreenShot="True" WaitVE="0" WindowsToCapture="OnlyActiveWindow">
<InputValues>
<ActInputValue Guid="06196fdd-975f-49ae-850e-3c4f1e9bacfa" Param="ElementLocateBy" ParentGuid="00000000-0000-0000-0000-000000000000" Value="ByXPath" />
<ActInputValue Guid="228cf829-c4b0-431e-a73b-004c31618587" Param="ElementLocateValue" ParentGuid="00000000-0000-0000-0000-000000000000" Value="/javax.swing.JRootPane[0]/null.layeredPane/null.contentPane/javax.swing.JSplitPane[0]/com.amdocs.uif.workspace.desktop.AppDesktopPane[0]/com.crmimpl.crm.isupport.site.popup.XSiteCreate/javax.swing.JRootPane[0]/null.layeredPane/root/javax.swing.JViewport[0]/root/clfy514/[[Name:Save][ClassName:com.amdocs.uif.widgets.ButtonNative$JXButton]]" />
<ActInputValue Guid="d7356556-a34c-4c4b-b252-668e4abc42c4" Param="Value" ParentGuid="00000000-0000-0000-0000-000000000000" Value="Save" />
<ActInputValue Guid="a8fda46f-6326-458a-a376-448955cebb8a" Param="ElementType" ParentGuid="00000000-0000-0000-0000-000000000000" Value="Button" />
<ActInputValue Guid="30e60cb3-af58-4ae7-84a8-6de2616022ae" Param="ElementAction" ParentGuid="00000000-0000-0000-0000-000000000000" Value="Click" />
<ActInputValue Guid="9a18e856-3de9-49a1-b301-5175358fdbe4" Param="WaitforIdle" ParentGuid="00000000-0000-0000-0000-000000000000" Value="Medium" />
<ActInputValue Guid="b5d0b96c-b63d-40aa-b280-0dd91461d8ba" Param="TargetLocateBy" ParentGuid="00000000-0000-0000-0000-000000000000" Value="NA" />
<ActInputValue Guid="09d0e43f-646b-420b-832f-867bfb0a5764" Param="TargetElementType" ParentGuid="00000000-0000-0000-0000-000000000000" Value="Unknown" />
<ActInputValue Guid="6db73962-232e-43ac-beb0-4a9b94d518fe" Param="HandleElementType" ParentGuid="00000000-0000-0000-0000-000000000000" Value="Unknown" />
<ActInputValue Guid="cd87a7ec-f7cf-43ae-b81e-9a0544ae1198" Param="HandleActionType" ParentGuid="00000000-0000-0000-0000-000000000000" Value="Unknown" />
</InputValues>
</ActUIElement>
<ActUIElement Active="True" Description="Validate created Site screen" EnableRetryMechanism="True" Guid="99747c76-dbbe-4d65-b4ce-4fe3237a6e99" MaxNumberOfRetries="4" ParentGuid="00000000-0000-0000-0000-000000000000" Platform="Java" RetryMechanismInterval="3" StatusConverter="None" TakeScreenShot="True" WaitVE="2" WindowsToCapture="OnlyActiveWindow">
<FlowControls>
<FlowControl Active="True" BusinessFlowControlAction="GoToBusinessFlow" FlowControlAction="StopRun" Guid="69ba1c6d-8dbc-4452-ae90-f8b998d88865" Operator="ActionFailed" ParentGuid="00000000-0000-0000-0000-000000000000" />
</FlowControls>

<InputValues>
<ActInputValue Guid="439527ad-81ee-4f7f-b27c-6864694e0530" Param="ElementAction" ParentGuid="00000000-0000-0000-0000-000000000000" Value="GetValue" />
<ActInputValue Guid="30ad2d30-9b58-455a-ad15-7da883cb78aa" Param="ElementType" ParentGuid="00000000-0000-0000-0000-000000000000" Value="TextBox" />
<ActInputValue Guid="c016e53d-83d0-4f6f-80f8-d855d0da43ad" Param="Value" ParentGuid="00000000-0000-0000-0000-000000000000" />
<ActInputValue Guid="8adb67c3-069e-485e-a697-5ad15c661dfd" Param="ElementLocateBy" ParentGuid="00000000-0000-0000-0000-000000000000" Value="ByXPath" />
<ActInputValue Guid="8ebb2723-b509-4ae4-b951-5d112d50ad77" Param="ElementLocateValue" ParentGuid="00000000-0000-0000-0000-000000000000" Value="/javax.swing.JRootPane[0]/null.layeredPane/null.contentPane/javax.swing.JSplitPane[0]/com.amdocs.uif.workspace.desktop.AppDesktopPane[0]/com.crmimpl.crm.isupport.site.XSiteOverview/javax.swing.JRootPane[0]/null.layeredPane/root/javax.swing.JViewport[0]/root/[[Name:site_idval][ClassName:com.amdocs.uif.widgets.TextFieldNative$1]]" />
<ActInputValue Guid="442a97f4-2e1f-4e59-ab4b-a2863666f987" Param="IsWidgetsElement" ParentGuid="00000000-0000-0000-0000-000000000000" Value="false" />
<ActInputValue Guid="4719acd7-59eb-45f2-8c61-58ed261f045d" Param="WaitforIdle" ParentGuid="00000000-0000-0000-0000-000000000000" Value="None" />
<ActInputValue Guid="105a5edc-1286-4287-8724-8d4c660fa8c9" Param="TargetLocateBy" ParentGuid="00000000-0000-0000-0000-000000000000" Value="NA" />
<ActInputValue Guid="e84cc7b1-f8f9-41b1-bba4-40642af2763d" Param="TargetElementType" ParentGuid="00000000-0000-0000-0000-000000000000" Value="Unknown" />
<ActInputValue Guid="ab8183d4-f539-4c01-9641-cb115f5342f9" Param="HandleElementType" ParentGuid="00000000-0000-0000-0000-000000000000" Value="Unknown" />
<ActInputValue Guid="df818b52-d87f-445d-b664-bcb8eb440812" Param="HandleActionType" ParentGuid="00000000-0000-0000-0000-000000000000" Value="Unknown" />
</InputValues>

<ReturnValues>
<ActReturnValue Active="True" Guid="f344f1eb-a670-4065-be0e-fc1040f95a03" Operator="Equals" Param="Actual0" ParentGuid="00000000-0000-0000-0000-000000000000" StoreTo="Variable" StoreToValue="CreatedSiteID" />
</ReturnValues>
</ActUIElement>
<ActUIElement Description="Click : Save" Guid="37a7781f-61a2-4c59-b040-39604a56dd47" MaxNumberOfRetries="2" ParentGuid="00000000-0000-0000-0000-000000000000" Platform="NA" RetryMechanismInterval="5" StatusConverter="None" TakeScreenShot="True" WindowsToCapture="OnlyActiveWindow">
<InputValues>
<ActInputValue Guid="2e5ec994-f9dc-43a5-9b6e-f0f6f4dc7dbd" Param="ElementAction" ParentGuid="00000000-0000-0000-0000-000000000000" Value="Click" />
<ActInputValue Guid="38474507-bd43-4471-8e6a-1d87b70e9265" Param="ElementType" ParentGuid="00000000-0000-0000-0000-000000000000" Value="Button" />
<ActInputValue Guid="a7b29f1e-7faa-4897-9803-7f62f3a0b1b5" Param="Value" ParentGuid="00000000-0000-0000-0000-000000000000" />
<ActInputValue Guid="96e17fc8-cb5a-409a-b023-af61cc7d3276" Param="ElementLocateBy" ParentGuid="00000000-0000-0000-0000-000000000000" Value="ByXPath" />
<ActInputValue Guid="fd6afd82-f0e2-42ea-a427-6b169a37b111" Param="ElementLocateValue" ParentGuid="00000000-0000-0000-0000-000000000000" Value="/javax.swing.JRootPane[0]/null.layeredPane/null.contentPane/javax.swing.JSplitPane[0]/com.amdocs.uif.workspace.desktop.AppDesktopPane[0]/com.crmimpl.crm.isupport.site.XSiteOverview/javax.swing.JRootPane[0]/null.layeredPane/root/javax.swing.JViewport[0]/root/temp_grid_clfy1076145/[[Name:Save][ClassName:com.amdocs.uif.widgets.ButtonNative$JXButton]]" />
<ActInputValue Guid="e3d0f661-c3d0-4601-9da4-347b62a7eff4" Param="ValueToSelect" ParentGuid="00000000-0000-0000-0000-000000000000" />
<ActInputValue Guid="f768a414-578f-4689-8d8d-2295660ae079" Param="TargetLocateBy" ParentGuid="00000000-0000-0000-0000-000000000000" Value="NA" />
<ActInputValue Guid="30233cf6-0509-4e2e-8c85-d2f8e7ae2de1" Param="TargetElementType" ParentGuid="00000000-0000-0000-0000-000000000000" Value="Unknown" />
<ActInputValue Guid="79bbdf3a-dedf-41ff-b4ea-76c8688f73d4" Param="HandleElementType" ParentGuid="00000000-0000-0000-0000-000000000000" Value="Unknown" />
<ActInputValue Guid="2c7fecc7-5753-4d38-b122-53bf5dcbd2ac" Param="HandleActionType" ParentGuid="00000000-0000-0000-0000-000000000000" Value="Unknown" />
</InputValues>
</ActUIElement>
<ActUIElement Active="True" Description="Click : Cancel to close site screen" Guid="d876a190-7963-4ab0-9ced-eaa39935fa9a" MaxNumberOfRetries="2" ParentGuid="00000000-0000-0000-0000-000000000000" Platform="NA" RetryMechanismInterval="5" StatusConverter="None" TakeScreenShot="True" WaitVE="0" WindowsToCapture="OnlyActiveWindow">
<InputValues>
<ActInputValue Guid="f27a62e0-f23b-4940-a944-b7085177b84f" Param="ElementAction" ParentGuid="00000000-0000-0000-0000-000000000000" Value="Click" />
<ActInputValue Guid="ae1f5df6-a0ad-4762-92ac-22495c8ffa56" Param="ElementType" ParentGuid="00000000-0000-0000-0000-000000000000" Value="Button" />
<ActInputValue Guid="03ab7b38-532f-4ab7-ac44-1c76bc513b1b" Param="Value" ParentGuid="00000000-0000-0000-0000-000000000000" />
<ActInputValue Guid="781ebb9b-3bac-47c2-bd26-07219b378337" Param="ElementLocateBy" ParentGuid="00000000-0000-0000-0000-000000000000" Value="ByName" />
<ActInputValue Guid="a4b316ca-ae90-46b9-bb51-5103fddaa7f4" Param="ElementLocateValue" ParentGuid="00000000-0000-0000-0000-000000000000" Value="Cancel" />
<ActInputValue Guid="2578f040-751c-4c64-86b7-b0d194b25190" Param="ValueToSelect" ParentGuid="00000000-0000-0000-0000-000000000000" />
<ActInputValue Guid="e466bad3-689f-4326-8ce9-5b63dddbc798" Param="TargetLocateBy" ParentGuid="00000000-0000-0000-0000-000000000000" Value="NA" />
<ActInputValue Guid="c01656b3-0016-4fe3-8f24-2b0a7cf98dc9" Param="TargetElementType" ParentGuid="00000000-0000-0000-0000-000000000000" Value="Unknown" />
<ActInputValue Guid="2977f0f1-1e54-4d0a-a634-16386cdba467" Param="HandleElementType" ParentGuid="00000000-0000-0000-0000-000000000000" Value="Unknown" />
<ActInputValue Guid="0c7065d3-722f-47ce-bb5f-32d765127b8c" Param="HandleActionType" ParentGuid="00000000-0000-0000-0000-000000000000" Value="Unknown" />
</InputValues>
</ActUIElement>
<ActUIElement Active="True" Description="Click  refresh button" Guid="c0808a24-32eb-491a-b589-cae9c6948756" MaxNumberOfRetries="2" ParentGuid="00000000-0000-0000-0000-000000000000" Platform="Java" RetryMechanismInterval="5" StatusConverter="None" TakeScreenShot="True" WaitVE="0" WindowsToCapture="OnlyActiveWindow">
<InputValues>
<ActInputValue Guid="1d792dbd-573c-4760-8433-46cd60a2d6c5" Param="ElementAction" ParentGuid="00000000-0000-0000-0000-000000000000" Value="Click" />
<ActInputValue Guid="2bf72665-8a8d-46a3-9036-3309d7255e32" Param="ElementType" ParentGuid="00000000-0000-0000-0000-000000000000" Value="Button" />
<ActInputValue Guid="9ee26008-d3dc-4399-8a27-91d88a81352d" Param="Value" ParentGuid="00000000-0000-0000-0000-000000000000" />
<ActInputValue Guid="42b3d140-f013-46c9-bb98-6511eade190b" Param="ElementLocateBy" ParentGuid="00000000-0000-0000-0000-000000000000" Value="ByXPath" />
<ActInputValue Guid="da0cb90c-6dc9-49d7-8848-e4e70394173e" Param="ElementLocateValue" ParentGuid="00000000-0000-0000-0000-000000000000" Value="/javax.swing.JRootPane[0]/null.layeredPane/null.contentPane/com.amdocs.uif.workspace.ToolBarPane[0]/CIM Find Caller/com.amdocs.uif.workspace.MDIWorkspace$23[0]/null.layeredPane/root/Panel_2_370/[[Name:btnRefreshPanels][ClassName:com.amdocs.uif.widgets.ButtonNative$JXButton]]" />
<ActInputValue Guid="f070baf1-a265-4123-a0ee-0cc9ffc3b781" Param="ValueToSelect" ParentGuid="00000000-0000-0000-0000-000000000000" />
<ActInputValue Guid="c635ede6-6c13-4397-9e25-7729874df363" Param="IsWidgetsElement" ParentGuid="00000000-0000-0000-0000-000000000000" Value="false" />
<ActInputValue Guid="9e14541a-d76c-4705-8ba5-3b7a5f0cb11b" Param="WaitforIdle" ParentGuid="00000000-0000-0000-0000-000000000000" Value="Medium" />
<ActInputValue Guid="ed8850f5-58ca-473c-b8fd-a23fbeca62da" Param="TargetLocateBy" ParentGuid="00000000-0000-0000-0000-000000000000" Value="NA" />
<ActInputValue Guid="b6cdce9e-a2f9-48a8-984d-cc7acc1263ac" Param="TargetElementType" ParentGuid="00000000-0000-0000-0000-000000000000" Value="Unknown" />
<ActInputValue Guid="298f2dc0-6bbc-479a-bc91-42d4c82c2152" Param="HandleElementType" ParentGuid="00000000-0000-0000-0000-000000000000" Value="Unknown" />
<ActInputValue Guid="a96871dd-d8e1-42d7-9db8-e061f358cbca" Param="HandleActionType" ParentGuid="00000000-0000-0000-0000-000000000000" Value="Unknown" />
</InputValues>
</ActUIElement>
</Acts>

<Variables>
<VariableString Guid="a7cd138a-bce9-43b3-b66d-db3f05fad724" InitialStringValue="21010710997" MappedOutputType="None" Name="CreatedSiteID" ParentGuid="00000000-0000-0000-0000-000000000000" SetAsInputValue="False" />
</Variables>
</Activity></GingerRepositoryItem>