﻿<?xml version="1.0" encoding="utf-8"?>
<GingerRepositoryItem><Header ItemGuid="1471f54f-4a5d-45c2-9a9a-1f0042f9f5e4" ItemType="Activity" CreatedBy="christian.poblete" Created="202101201956" GingerVersion="3.6.0.0" Version="1" LastUpdateBy="christian.poblete" LastUpdate="202101201956" />
<Activity ActionRunOption="StopActionsRunOnFailure" Active="True" ActivityName="Select individual tenant offer type and search offer" AutomationStatus="Automated" ErrorHandlerMappingType="AllAvailableHandlers" Guid="1471f54f-4a5d-45c2-9a9a-1f0042f9f5e4" ParentGuid="00000000-0000-0000-0000-000000000000" PercentAutomated="100%" TargetApplication="MyJavaApp">
<Acts>
<ActBrowserElement Active="True" Description="Initialize Browser - JExplorerBrowser" EnableRetryMechanism="True" Guid="b1ad2d92-1fcc-4c61-b590-2b6df9e6e4c9" ImplicitWait="60" MaxNumberOfRetries="10" ParentGuid="00000000-0000-0000-0000-000000000000" Platform="Java" RetryMechanismInterval="4" StatusConverter="None" TakeScreenShot="True" WaitVE="0" WindowsToCapture="OnlyActiveWindow">
<InputValues>
<ActInputValue Guid="c0fb397b-c1b9-4570-8a96-5f10a1e3381b" Param="LocateBy" ParentGuid="00000000-0000-0000-0000-000000000000" Value="ByXPath" />
<ActInputValue Guid="782ff102-8027-48eb-8830-ea9a2126a903" Param="LocateValue" ParentGuid="00000000-0000-0000-0000-000000000000" Value="//com.amdocs.uif.widgets.browser.JxBrowserBrowserComponent[0]" />
<ActInputValue Guid="c4dcdbe3-a195-4250-aa43-648dcdae55e5" Param="Value" ParentGuid="00000000-0000-0000-0000-000000000000" />
<ActInputValue Guid="5d315249-8e9e-434a-8d69-8730dcf22a68" Param="ControlAction" ParentGuid="00000000-0000-0000-0000-000000000000" Value="InitializeBrowser" />
<ActInputValue Guid="17c443b5-5c94-4e6c-b3e8-0a31fb365786" Param="GotoURLType" ParentGuid="00000000-0000-0000-0000-000000000000" Value="Current" />
<ActInputValue Guid="091ad99e-dd31-4c2b-8ed5-32ac643efa59" Param="URLSrc" ParentGuid="00000000-0000-0000-0000-000000000000" Value="Static" />
<ActInputValue Guid="53e8a0a9-f91b-4232-8283-9d95ef557872" Param="PomGUID" ParentGuid="00000000-0000-0000-0000-000000000000" />
</InputValues>
</ActBrowserElement>
<ActUIElement Active="True" Description="Click : Clear link" EnableRetryMechanism="True" Guid="bb020325-3243-48e3-8cc1-148e8e782315" MaxNumberOfRetries="10" ParentGuid="00000000-0000-0000-0000-000000000000" Platform="Java" RetryMechanismInterval="4" StatusConverter="None" TakeScreenShot="True" WaitVE="0" WindowsToCapture="OnlyActiveWindow">
<InputValues>
<ActInputValue Guid="9018d2cf-d564-47c5-8205-ad6b951f3f3f" Param="ElementAction" ParentGuid="00000000-0000-0000-0000-000000000000" Value="Click" />
<ActInputValue Guid="67ef4380-2211-4d16-a1bc-3e2264c14d0e" Param="ElementType" ParentGuid="00000000-0000-0000-0000-000000000000" Value="HyperLink" />
<ActInputValue Guid="fd9cf869-b8e4-480f-ac63-b3a5ef718937" Param="IsWidgetsElement" ParentGuid="00000000-0000-0000-0000-000000000000" Value="true" />
<ActInputValue Guid="5665a1c7-434b-4552-a32a-81c8c387a98b" Param="Value" ParentGuid="00000000-0000-0000-0000-000000000000" />
<ActInputValue Guid="24691afb-275c-4835-87e1-1ec51274f406" Param="ElementLocateBy" ParentGuid="00000000-0000-0000-0000-000000000000" Value="ByRelXPath" />
<ActInputValue Guid="b5c65667-953d-426e-9882-cfc04b1b9a5c" Param="ElementLocateValue" ParentGuid="00000000-0000-0000-0000-000000000000" Value="//div[@id='BundlesListView']/div/div/div[3]/div/div[2]/div/div[2]/div/div/div/ul[3]/li/ul/li[3]/span/a" />
<ActInputValue Guid="7439873f-2936-43ce-8122-7f0685c13c49" Param="ValueToSelect" ParentGuid="00000000-0000-0000-0000-000000000000" />
<ActInputValue Guid="2de51770-9676-427f-94fd-fa3c5e7525b6" Param="TargetLocateBy" ParentGuid="00000000-0000-0000-0000-000000000000" Value="NA" />
<ActInputValue Guid="27d0deda-8fa4-47fb-a52a-3a8567f8a84e" Param="TargetElementType" ParentGuid="00000000-0000-0000-0000-000000000000" Value="Unknown" />
<ActInputValue Guid="2ae8391d-7785-4aab-a237-e0cb84104168" Param="HandleElementType" ParentGuid="00000000-0000-0000-0000-000000000000" Value="Unknown" />
<ActInputValue Guid="be9ccf9c-a27c-440a-91ea-c4a462773528" Param="HandleActionType" ParentGuid="00000000-0000-0000-0000-000000000000" Value="Unknown" />
</InputValues>
</ActUIElement>
<ActUIElement Active="True" Description="Select PO Type Individual Tenant" Guid="58d58c8c-c707-4474-a6ae-a48f892480a6" MaxNumberOfRetries="2" ParentGuid="00000000-0000-0000-0000-000000000000" Platform="Java" RetryMechanismInterval="5" StatusConverter="None" TakeScreenShot="True" WaitVE="0" WindowsToCapture="OnlyActiveWindow">
<InputValues>
<ActInputValue Guid="a61c6e36-7bec-49bd-9636-6bc2c3b5a829" Param="ElementAction" ParentGuid="00000000-0000-0000-0000-000000000000" Value="Click" />
<ActInputValue Guid="3e9d17ea-a15a-44a2-bbfe-4a8b45b717b7" Param="ElementType" ParentGuid="00000000-0000-0000-0000-000000000000" Value="CheckBox" />
<ActInputValue Guid="630c8558-6fe0-46db-a162-4ddd36b9a68b" Param="IsWidgetsElement" ParentGuid="00000000-0000-0000-0000-000000000000" Value="true" />
<ActInputValue Guid="83bd7046-685b-4779-bfea-92693ef2a736" Param="Value" ParentGuid="00000000-0000-0000-0000-000000000000" />
<ActInputValue Guid="11a21d55-501c-4532-bdbd-f0c36e008b84" Param="ElementLocateBy" ParentGuid="00000000-0000-0000-0000-000000000000" Value="ByRelXPath" />
<ActInputValue Guid="f097a2bf-3a99-43ff-8f0f-9fe2ce99e88c" Param="ElementLocateValue" ParentGuid="00000000-0000-0000-0000-000000000000" Value="//div[@id='BundlesListView']/div/div/div[3]/div/div[2]/div/div[2]/div/div/div/ul[3]/li/ul/li[2]/label/input" />
<ActInputValue Guid="d8cc5e7a-c60d-4838-8df8-75b99f432cc8" Param="ValueToSelect" ParentGuid="00000000-0000-0000-0000-000000000000" />
<ActInputValue Guid="6cb76e19-97ef-4a21-9909-b66c5c4e52a3" Param="TargetLocateBy" ParentGuid="00000000-0000-0000-0000-000000000000" Value="NA" />
<ActInputValue Guid="9d33a15c-60a4-4476-8084-35545147cb08" Param="TargetElementType" ParentGuid="00000000-0000-0000-0000-000000000000" Value="Unknown" />
<ActInputValue Guid="a00b1aba-5b1f-4f36-8cb6-753c16064f5f" Param="HandleElementType" ParentGuid="00000000-0000-0000-0000-000000000000" Value="Unknown" />
<ActInputValue Guid="5f788fc0-2732-4bb0-8056-62723b2bc85e" Param="HandleActionType" ParentGuid="00000000-0000-0000-0000-000000000000" Value="Unknown" />
</InputValues>

<ReturnValues>
</ReturnValues>
</ActUIElement>
<ActUIElement Active="True" Description="Set offer to search" EnableRetryMechanism="True" Guid="34b09dc2-3fd9-4f31-a1f2-b7e35d4b700a" MaxNumberOfRetries="10" ParentGuid="00000000-0000-0000-0000-000000000000" Platform="Java" RetryMechanismInterval="3" StatusConverter="None" TakeScreenShot="True" WaitVE="2" WindowsToCapture="OnlyActiveWindow">
<InputValues>
<ActInputValue Guid="56beb62a-73d0-485f-bfcc-1f14dc1b4c3f" Param="ElementAction" ParentGuid="00000000-0000-0000-0000-000000000000" Value="SetValue" />
<ActInputValue Guid="a1049669-9227-4400-96f7-41f1bb29d263" Param="ElementType" ParentGuid="00000000-0000-0000-0000-000000000000" Value="TextBox" />
<ActInputValue Guid="eeba19fd-3289-47c5-a0ca-ed50fce20274" Param="IsWidgetsElement" ParentGuid="00000000-0000-0000-0000-000000000000" Value="true" />
<ActInputValue Guid="d7500f45-0242-47da-a0d5-2a274aca0dd5" Param="Value" ParentGuid="00000000-0000-0000-0000-000000000000" Value="{Var Name=Offer name}" />
<ActInputValue Guid="0a939b22-3b1d-439d-8289-749cca5603a2" Param="ElementLocateBy" ParentGuid="00000000-0000-0000-0000-000000000000" Value="ByName" />
<ActInputValue Guid="1c124752-9089-47e7-8e65-24a0f7fbc278" Param="ElementLocateValue" ParentGuid="00000000-0000-0000-0000-000000000000" Value="search" />
<ActInputValue Guid="31e7c613-1aae-4f8b-8c8b-86a138b9140b" Param="TargetLocateBy" ParentGuid="00000000-0000-0000-0000-000000000000" Value="NA" />
<ActInputValue Guid="989a7804-cc28-4e34-8132-3c4cf1779516" Param="TargetElementType" ParentGuid="00000000-0000-0000-0000-000000000000" Value="Unknown" />
<ActInputValue Guid="e8af87f8-2bca-4081-b06a-4ff06c4118c8" Param="HandleElementType" ParentGuid="00000000-0000-0000-0000-000000000000" Value="Unknown" />
<ActInputValue Guid="2dae9198-09b4-4272-bde6-a982964c9c68" Param="HandleActionType" ParentGuid="00000000-0000-0000-0000-000000000000" Value="Unknown" />
</InputValues>

<ReturnValues>
</ReturnValues>
</ActUIElement>
<ActUIElement Active="True" Description="Click : Search offer" Guid="61e0e3da-43fc-4a28-b8ad-5eff02b287ef" MaxNumberOfRetries="2" ParentGuid="00000000-0000-0000-0000-000000000000" Platform="Java" RetryMechanismInterval="5" StatusConverter="None" TakeScreenShot="True" WaitVE="0" WindowsToCapture="OnlyActiveWindow">
<InputValues>
<ActInputValue Guid="36c5e2e0-9702-460e-bc4c-94099eb3804f" Param="ElementAction" ParentGuid="00000000-0000-0000-0000-000000000000" Value="Click" />
<ActInputValue Guid="9239e93c-76ac-48ec-9f92-881e03e34afb" Param="ElementType" ParentGuid="00000000-0000-0000-0000-000000000000" Value="Button" />
<ActInputValue Guid="3d370914-871f-4c49-8bcb-190df86b1781" Param="IsWidgetsElement" ParentGuid="00000000-0000-0000-0000-000000000000" Value="true" />
<ActInputValue Guid="d391f73f-aa2c-400f-9435-ea73e2d9d3c1" Param="Value" ParentGuid="00000000-0000-0000-0000-000000000000" />
<ActInputValue Guid="0a35b200-92a7-4d4d-9862-52f102c2591d" Param="ElementLocateBy" ParentGuid="00000000-0000-0000-0000-000000000000" Value="ByRelXPath" />
<ActInputValue Guid="30baebae-3a39-4c15-8116-ff52db5b9cf0" Param="ElementLocateValue" ParentGuid="00000000-0000-0000-0000-000000000000" Value="//div[@id='BundlesListView']/div/div/div[3]/div/div[2]/div/div/div/input[2]" />
<ActInputValue Guid="042b8bf8-1669-481b-8ee1-9c8eb569da13" Param="ValueToSelect" ParentGuid="00000000-0000-0000-0000-000000000000" />
<ActInputValue Guid="a5be2435-a894-4006-8aa4-520fd77c5dee" Param="TargetLocateBy" ParentGuid="00000000-0000-0000-0000-000000000000" Value="NA" />
<ActInputValue Guid="acc4f343-7d92-42ea-a485-944acf30088b" Param="TargetElementType" ParentGuid="00000000-0000-0000-0000-000000000000" Value="Unknown" />
<ActInputValue Guid="798d8450-c2de-4bec-bbb4-6c294d3576b2" Param="HandleElementType" ParentGuid="00000000-0000-0000-0000-000000000000" Value="Unknown" />
<ActInputValue Guid="6dd48132-547b-4443-9256-6b7f0fdac69b" Param="HandleActionType" ParentGuid="00000000-0000-0000-0000-000000000000" Value="Unknown" />
</InputValues>
</ActUIElement>
<ActUIElement Active="True" Description="Click : Add to offer button" EnableRetryMechanism="True" Guid="8b9d5c22-98a3-4eb7-8014-95416c9a52e2" MaxNumberOfRetries="8" ParentGuid="00000000-0000-0000-0000-000000000000" Platform="Java" RetryMechanismInterval="3" StatusConverter="None" TakeScreenShot="True" WaitVE="2" WindowsToCapture="OnlyActiveWindow">
<InputValues>
<ActInputValue Guid="049808eb-cced-4e7f-ac06-dadc89a56e02" Param="ElementAction" ParentGuid="00000000-0000-0000-0000-000000000000" Value="Click" />
<ActInputValue Guid="5b0a7e1e-8b0a-4d0b-aecb-e349cf939e75" Param="ElementType" ParentGuid="00000000-0000-0000-0000-000000000000" Value="Button" />
<ActInputValue Guid="593a669e-3ae9-4633-84e3-91d3ce8bdeb5" Param="IsWidgetsElement" ParentGuid="00000000-0000-0000-0000-000000000000" Value="true" />
<ActInputValue Guid="7d85b0f9-5255-404c-98c6-ea9caec61fc3" Param="Value" ParentGuid="00000000-0000-0000-0000-000000000000" />
<ActInputValue Guid="81140bf0-40d1-4d27-9a7d-4200844677ad" Param="ElementLocateBy" ParentGuid="00000000-0000-0000-0000-000000000000" Value="ByXPath" />
<ActInputValue Guid="6b81c879-7f95-4dae-a4d1-ab6f1766651d" Param="ElementLocateValue" ParentGuid="00000000-0000-0000-0000-000000000000" Value="/html/body/div[3]/div/div/div/div[3]/div/div[3]/div/div/div[3]/div/ul/div/div[2]/div[2]/div/div[3]/span/button" />
<ActInputValue Guid="16703275-3889-4109-968c-cab6185bcc4f" Param="ValueToSelect" ParentGuid="00000000-0000-0000-0000-000000000000" />
<ActInputValue Guid="d4b08d9c-a893-4813-a8ca-98164bfa4cc0" Param="TargetLocateBy" ParentGuid="00000000-0000-0000-0000-000000000000" Value="NA" />
<ActInputValue Guid="d3da20e9-35c8-4bf7-b5b3-66c44a6f3363" Param="TargetElementType" ParentGuid="00000000-0000-0000-0000-000000000000" Value="Unknown" />
<ActInputValue Guid="c019f0b8-db8d-4182-8c0e-eb31ddde4e5a" Param="HandleElementType" ParentGuid="00000000-0000-0000-0000-000000000000" Value="Unknown" />
<ActInputValue Guid="e9a254bd-7b8e-470a-ba69-087554da2be7" Param="HandleActionType" ParentGuid="00000000-0000-0000-0000-000000000000" Value="Unknown" />
</InputValues>
</ActUIElement>
<ActUIElement Active="True" Description="Click : button Next" Guid="4c98f0ea-db0f-4436-bfe2-a5972e764fa9" MaxNumberOfRetries="2" ParentGuid="00000000-0000-0000-0000-000000000000" Platform="Java" RetryMechanismInterval="5" StatusConverter="None" TakeScreenShot="True" WaitVE="0" WindowsToCapture="OnlyActiveWindow">
<InputValues>
<ActInputValue Guid="f7fc15b7-640a-4ff7-b7cd-4d5f00a44a47" Param="ElementAction" ParentGuid="00000000-0000-0000-0000-000000000000" Value="Click" />
<ActInputValue Guid="966cbacf-6113-42d9-824a-991df3e67c18" Param="ElementType" ParentGuid="00000000-0000-0000-0000-000000000000" Value="Button" />
<ActInputValue Guid="fdd295a8-80c4-4de6-ba06-24c8039ff245" Param="Value" ParentGuid="00000000-0000-0000-0000-000000000000" />
<ActInputValue Guid="47e4c22a-b180-4af5-90c4-aa1a6387d6e7" Param="ElementLocateBy" ParentGuid="00000000-0000-0000-0000-000000000000" Value="ByXPath" />
<ActInputValue Guid="87aecb7f-8f21-42ad-b48b-20e4c9f615fa" Param="ElementLocateValue" ParentGuid="00000000-0000-0000-0000-000000000000" Value="/javax.swing.JRootPane[0]/null.layeredPane/null.contentPane/javax.swing.JSplitPane[0]/com.amdocs.uif.workspace.desktop.AppDesktopPane[0]/com.amdocs.oms.cust.offer.OffersWizardImpl/javax.swing.JRootPane[0]/null.layeredPane/root/javax.swing.JViewport[0]/root/pnlMain/pnlFooter/[[Name:btnNext][ClassName:com.amdocs.uif.widgets.ButtonNative$JXButton]]" />
<ActInputValue Guid="9740e8a9-774b-4daa-9b1a-7d7348c236a3" Param="ValueToSelect" ParentGuid="00000000-0000-0000-0000-000000000000" />
<ActInputValue Guid="0ca7ff8d-b8cc-45cd-a291-2f462273f5f0" Param="IsWidgetsElement" ParentGuid="00000000-0000-0000-0000-000000000000" Value="false" />
<ActInputValue Guid="fa48ab87-7dab-4532-b27f-353e770a70fb" Param="WaitforIdle" ParentGuid="00000000-0000-0000-0000-000000000000" Value="Medium" />
<ActInputValue Guid="c8fe3bcc-e469-45ea-8099-4c6f1ee53183" Param="TargetLocateBy" ParentGuid="00000000-0000-0000-0000-000000000000" Value="NA" />
<ActInputValue Guid="54f0fe28-2498-4b4a-b4d1-0a746b145e72" Param="TargetElementType" ParentGuid="00000000-0000-0000-0000-000000000000" Value="Unknown" />
<ActInputValue Guid="c6e25b05-85a3-4b1c-a2e4-10c205538895" Param="HandleElementType" ParentGuid="00000000-0000-0000-0000-000000000000" Value="Unknown" />
<ActInputValue Guid="93ae3407-2e7a-4e9b-9d00-4ae9ae0957a1" Param="HandleActionType" ParentGuid="00000000-0000-0000-0000-000000000000" Value="Unknown" />
</InputValues>
</ActUIElement>
</Acts>

<Variables>
<VariableString Guid="81aae580-2e75-4389-b727-0dfc6e67d0f7" MappedOutputType="None" Name="Offer name" ParentGuid="00000000-0000-0000-0000-000000000000" SetAsInputValue="False" SetAsOutputValue="False" />
</Variables>
</Activity></GingerRepositoryItem>