﻿<?xml version="1.0" encoding="utf-8"?>
<GingerRepositoryItem><Header ItemGuid="d51edc32-9f50-4058-8abb-75ad06964b29" ItemType="Activity" CreatedBy="christian.poblete" Created="202102241535" GingerVersion="3.6.0.0" Version="1" LastUpdateBy="christian.poblete" LastUpdate="202102241535" />
<Activity ActionRunOption="StopActionsRunOnFailure" Active="True" ActivityName="Set Site name and select address" AutomationStatus="Automated" ErrorHandlerMappingType="AllAvailableHandlers" Guid="d51edc32-9f50-4058-8abb-75ad06964b29" ParentGuid="00000000-0000-0000-0000-000000000000" PercentAutomated="100%" TargetApplication="MyJavaApp">
<Acts>
<ActUIElement Active="True" Description="Set Text Box 'Site Name'" Guid="9225f90e-5ece-40a0-9078-45e774c5597a" MaxNumberOfRetries="2" ParentGuid="00000000-0000-0000-0000-000000000000" Platform="Java" RetryMechanismInterval="5" StatusConverter="None" TakeScreenShot="True" WaitVE="0" WindowsToCapture="OnlyActiveWindow">
<InputValues>
<ActInputValue Guid="205cf4ce-2dbe-4c6d-8d26-a53119482432" Param="ElementLocateBy" ParentGuid="00000000-0000-0000-0000-000000000000" Value="ByXPath" />
<ActInputValue Guid="3c871348-16ce-41cc-a3f4-2883b84e17c5" Param="ElementLocateValue" ParentGuid="00000000-0000-0000-0000-000000000000" Value="/javax.swing.JRootPane[0]/null.layeredPane/null.contentPane/javax.swing.JSplitPane[0]/com.amdocs.uif.workspace.desktop.AppDesktopPane[0]/com.crmimpl.crm.isupport.site.popup.XSiteCreate/javax.swing.JRootPane[0]/null.layeredPane/root/javax.swing.JViewport[0]/root/[[Name:site_nameval][ClassName:com.amdocs.uif.widgets.TextFieldNative$1]]" />
<ActInputValue Guid="96359cc6-21d8-4283-ba08-7625fe444ba1" Param="Value" ParentGuid="00000000-0000-0000-0000-000000000000" Value="siteName{CS Exp=DateTimeOffset.UtcNow.ToUnixTimeSeconds()}" />
<ActInputValue Guid="a99a6e2a-d382-4d1d-b929-4b982d4047f8" Param="ElementType" ParentGuid="00000000-0000-0000-0000-000000000000" Value="TextBox" />
<ActInputValue Guid="26ae4af8-cd65-42d6-ad89-a6155706cbc2" Param="ElementAction" ParentGuid="00000000-0000-0000-0000-000000000000" Value="SetValue" />
<ActInputValue Guid="301a83b5-8744-4907-943d-01d3118fc4c0" Param="IsWidgetsElement" ParentGuid="00000000-0000-0000-0000-000000000000" Value="false" />
<ActInputValue Guid="754c636c-350d-4c86-9692-76c97f4624f4" Param="WaitforIdle" ParentGuid="00000000-0000-0000-0000-000000000000" Value="None" />
<ActInputValue Guid="529fa60b-3f8f-4858-a640-1186f5771d26" Param="TargetLocateBy" ParentGuid="00000000-0000-0000-0000-000000000000" Value="NA" />
<ActInputValue Guid="dc94eb43-7c1d-4d2f-8ea0-f40c2591b752" Param="TargetElementType" ParentGuid="00000000-0000-0000-0000-000000000000" Value="Unknown" />
<ActInputValue Guid="8fbe8238-ed50-4d2c-bef2-051ff2a4cadc" Param="HandleElementType" ParentGuid="00000000-0000-0000-0000-000000000000" Value="Unknown" />
<ActInputValue Guid="86526d89-e0b4-401c-9e7f-1c876c216541" Param="HandleActionType" ParentGuid="00000000-0000-0000-0000-000000000000" Value="Unknown" />
</InputValues>
</ActUIElement>
<ActUIElement Active="True" Description="Click Button &quot;address lookup&quot;" Guid="435e5b2a-a91d-416b-b4ad-c465f14f34e8" MaxNumberOfRetries="2" ParentGuid="00000000-0000-0000-0000-000000000000" Platform="Java" RetryMechanismInterval="5" StatusConverter="None" TakeScreenShot="True" WaitVE="0" WindowsToCapture="OnlyActiveWindow">
<InputValues>
<ActInputValue Guid="f51da6dc-5084-43f1-a8c0-2a682d043970" Param="ElementLocateBy" ParentGuid="00000000-0000-0000-0000-000000000000" Value="ByXPath" />
<ActInputValue Guid="47b629fb-ffb5-4ccf-92d9-923369a7573f" Param="ElementLocateValue" ParentGuid="00000000-0000-0000-0000-000000000000" Value="/javax.swing.JRootPane[0]/null.layeredPane/null.contentPane/javax.swing.JSplitPane[0]/com.amdocs.uif.workspace.desktop.AppDesktopPane[0]/com.crmimpl.crm.isupport.site.popup.XSiteCreate/javax.swing.JRootPane[0]/null.layeredPane/root/javax.swing.JViewport[0]/root/clfy539/SearchAddress/[[Name:SearchAddress_ddbutton][ClassName:com.amdocs.uif.widgets.ButtonNative$JXButton]]" />
<ActInputValue Guid="49601b94-bb79-42bc-9602-7155e87752bf" Param="Value" ParentGuid="00000000-0000-0000-0000-000000000000" />
<ActInputValue Guid="7a38d221-165c-4702-b92e-fbfe733aa07f" Param="ElementType" ParentGuid="00000000-0000-0000-0000-000000000000" Value="Button" />
<ActInputValue Guid="6815e265-a091-4693-be05-e2af3b3f3598" Param="ElementAction" ParentGuid="00000000-0000-0000-0000-000000000000" Value="Click" />
<ActInputValue Guid="bdab1be9-53b2-41e3-8c22-938e9212ee2f" Param="WaitforIdle" ParentGuid="00000000-0000-0000-0000-000000000000" Value="Medium" />
<ActInputValue Guid="27c5dfb5-89bf-4760-a492-bed0283d4c7f" Param="IsWidgetsElement" ParentGuid="00000000-0000-0000-0000-000000000000" Value="false" />
<ActInputValue Guid="16ac887e-8d76-4300-bb28-3cb79386a939" Param="TargetLocateBy" ParentGuid="00000000-0000-0000-0000-000000000000" Value="NA" />
<ActInputValue Guid="1ecac646-76ee-4937-b2ec-e272ab4466aa" Param="TargetElementType" ParentGuid="00000000-0000-0000-0000-000000000000" Value="Unknown" />
<ActInputValue Guid="daf8a71c-8cfe-414a-afc1-3ce3e0731868" Param="HandleElementType" ParentGuid="00000000-0000-0000-0000-000000000000" Value="Unknown" />
<ActInputValue Guid="35c679a4-824b-4258-9ac7-534567d7ba89" Param="HandleActionType" ParentGuid="00000000-0000-0000-0000-000000000000" Value="Unknown" />
</InputValues>
</ActUIElement>
<ActUIElement Active="True" Description="Set Text Box 'Address' to search" Guid="90cfa690-9ad1-4c71-bf58-3b8f8ecbdce1" MaxNumberOfRetries="2" ParentGuid="00000000-0000-0000-0000-000000000000" Platform="Java" RetryMechanismInterval="5" StatusConverter="None" TakeScreenShot="True" WaitVE="0" WindowsToCapture="OnlyActiveWindow">
<InputValues>
<ActInputValue Guid="3192fc10-500e-44e9-a06e-80de5579b47f" Param="ElementLocateBy" ParentGuid="00000000-0000-0000-0000-000000000000" Value="ByXPath" />
<ActInputValue Guid="2daa5bba-38c7-455d-a18e-7e6b83eb49fb" Param="ElementLocateValue" ParentGuid="00000000-0000-0000-0000-000000000000" Value="/javax.swing.JRootPane[0]/null.layeredPane/null.contentPane/javax.swing.JSplitPane[0]/com.amdocs.uif.workspace.desktop.AppDesktopPane[0]/com.crmimpl.crm.isupport.address.XAddressListSingleSelect/javax.swing.JRootPane[0]/null.layeredPane/root/javax.swing.JViewport[0]/root/gridListing/javax.swing.JPanel[0]/com.amdocs.uif.widgets.SearchGridNative$6[0]/javax.swing.JViewport[1]/com.amdocs.uif.widgets.search.SearchJTableHeader[0]/com.amdocs.uif.widgets.PanelNative$JXPanel[0]/com.amdocs.uif.widgets.PanelNative$JXPanel[0]/[[Name:adhocValue_col_address][ClassName:com.amdocs.uif.widgets.TextFieldNative$1]]" />
<ActInputValue Guid="3f77da02-de2a-4994-9e58-6f6e95e96af2" Param="Value" ParentGuid="00000000-0000-0000-0000-000000000000" Value="9603 S Meridian" />
<ActInputValue Guid="343e57d2-363f-4d5e-a8f1-ab6e6b10eac5" Param="ElementType" ParentGuid="00000000-0000-0000-0000-000000000000" Value="TextBox" />
<ActInputValue Guid="79709648-064b-42b9-b582-9320b6b7a6ae" Param="ElementAction" ParentGuid="00000000-0000-0000-0000-000000000000" Value="SetValue" />
<ActInputValue Guid="260bc027-93c6-4c00-8b1b-1e808f055812" Param="IsWidgetsElement" ParentGuid="00000000-0000-0000-0000-000000000000" Value="false" />
<ActInputValue Guid="7cfe13ed-850f-446c-887b-63bb65f2cb9b" Param="WaitforIdle" ParentGuid="00000000-0000-0000-0000-000000000000" Value="None" />
<ActInputValue Guid="eaf43746-2235-495e-a897-8914187c58ca" Param="TargetLocateBy" ParentGuid="00000000-0000-0000-0000-000000000000" Value="NA" />
<ActInputValue Guid="b7f16b50-a3bb-40b9-908c-235a3926b44f" Param="TargetElementType" ParentGuid="00000000-0000-0000-0000-000000000000" Value="Unknown" />
<ActInputValue Guid="64d62a77-f290-4da0-88ec-731c1578ac21" Param="HandleElementType" ParentGuid="00000000-0000-0000-0000-000000000000" Value="Unknown" />
<ActInputValue Guid="468d96ae-7196-4c0a-85f2-c4614da10deb" Param="HandleActionType" ParentGuid="00000000-0000-0000-0000-000000000000" Value="Unknown" />
</InputValues>
</ActUIElement>
<ActUIElement Active="True" Description="Click Button 'Search Now'" Guid="659603c7-3605-4f71-a332-66179c3386c9" MaxNumberOfRetries="2" ParentGuid="00000000-0000-0000-0000-000000000000" Platform="NA" RetryMechanismInterval="5" StatusConverter="None" TakeScreenShot="True" WaitVE="0" WindowsToCapture="OnlyActiveWindow">
<InputValues>
<ActInputValue Guid="8b95adc6-74f3-49b9-9562-c7614f68de00" Param="ElementLocateBy" ParentGuid="00000000-0000-0000-0000-000000000000" Value="ByXPath" />
<ActInputValue Guid="b9d5d29e-67ca-4b44-9dff-df887cfedbeb" Param="ElementLocateValue" ParentGuid="00000000-0000-0000-0000-000000000000" Value="/javax.swing.JRootPane[0]/null.layeredPane/null.contentPane/javax.swing.JSplitPane[0]/com.amdocs.uif.workspace.desktop.AppDesktopPane[0]/com.crmimpl.crm.isupport.address.XAddressListSingleSelect/javax.swing.JRootPane[0]/null.layeredPane/root/javax.swing.JViewport[0]/root/gridListing/com.amdocs.uif.widgets.PanelNative$JXPanel[0]/com.amdocs.uif.widgets.PanelNative$JXPanel[0]/[[Name:btnSearchNow][ClassName:com.amdocs.uif.widgets.ButtonNative$JXButton]]" />
<ActInputValue Guid="962d0b90-08be-47fb-89dc-f670f493a938" Param="Value" ParentGuid="00000000-0000-0000-0000-000000000000" Value="Search Now" />
<ActInputValue Guid="5dbb582e-598c-4f69-a334-a22cff25af8e" Param="ElementType" ParentGuid="00000000-0000-0000-0000-000000000000" Value="Button" />
<ActInputValue Guid="699b2670-6495-4003-8de5-fb82788d53e8" Param="ElementAction" ParentGuid="00000000-0000-0000-0000-000000000000" Value="Click" />
<ActInputValue Guid="eefb484f-7cc3-438c-a574-7075d052a404" Param="WaitforIdle" ParentGuid="00000000-0000-0000-0000-000000000000" Value="Medium" />
<ActInputValue Guid="70c890e7-e5fd-4848-b1d0-735d2d002c91" Param="TargetLocateBy" ParentGuid="00000000-0000-0000-0000-000000000000" Value="NA" />
<ActInputValue Guid="0f8f2435-0a00-41d7-ab10-c7d58cfcf53d" Param="TargetElementType" ParentGuid="00000000-0000-0000-0000-000000000000" Value="Unknown" />
<ActInputValue Guid="b6d95c48-6214-41ca-a46e-929432c482d7" Param="HandleElementType" ParentGuid="00000000-0000-0000-0000-000000000000" Value="Unknown" />
<ActInputValue Guid="ebf1c41a-54b6-4781-ab5c-4e14dcc96149" Param="HandleActionType" ParentGuid="00000000-0000-0000-0000-000000000000" Value="Unknown" />
</InputValues>
</ActUIElement>
<ActUIElement Active="True" Description="Select address from list" Guid="55bb1402-24e1-4961-ad4a-2ccc9ad17c93" MaxNumberOfRetries="2" ParentGuid="00000000-0000-0000-0000-000000000000" Platform="Java" RetryMechanismInterval="5" StatusConverter="None" TakeScreenShot="True" WaitVE="2" WindowsToCapture="OnlyActiveWindow">
<InputValues>
<ActInputValue Guid="6e872acb-588b-4a28-b21b-69864108c14b" Param="ElementLocateBy" ParentGuid="00000000-0000-0000-0000-000000000000" Value="ByXPath" />
<ActInputValue Guid="54ecbc62-7cd8-4a89-8228-a92862d1b04f" Param="ElementLocateValue" ParentGuid="00000000-0000-0000-0000-000000000000" Value="/javax.swing.JRootPane[0]/null.layeredPane/null.contentPane/javax.swing.JSplitPane[0]/com.amdocs.uif.workspace.desktop.AppDesktopPane[0]/com.crmimpl.crm.isupport.address.XAddressListSingleSelect/javax.swing.JRootPane[0]/null.layeredPane/root/javax.swing.JViewport[0]/root/gridListing/javax.swing.JPanel[0]/com.amdocs.uif.widgets.SearchGridNative$6[0]/javax.swing.JViewport[0]/[[Name:gridListing][ClassName:com.amdocs.uif.widgets.search.SearchJTable]]" />
<ActInputValue Guid="114da7fa-d1d6-40d0-8568-77181c4ba90c" Param="Value" ParentGuid="00000000-0000-0000-0000-000000000000" Value="null" />
<ActInputValue Guid="c46d7b20-7854-42e1-a80b-e77a162412fd" Param="ElementType" ParentGuid="00000000-0000-0000-0000-000000000000" Value="Table" />
<ActInputValue Guid="7d1ba962-f5e2-4102-9e41-06d63ed0d7fc" Param="ElementAction" ParentGuid="00000000-0000-0000-0000-000000000000" Value="TableCellAction" />
<ActInputValue Guid="2200316f-1551-4b51-9d75-0142f0dc7034" Param="WhereColumnValue" ParentGuid="00000000-0000-0000-0000-000000000000" Value="0" />
<ActInputValue Guid="37747ff5-ff77-4a29-ba97-f420d11bd672" Param="LocateRowType" ParentGuid="00000000-0000-0000-0000-000000000000" Value="Row Number" />
<ActInputValue Guid="85b1ac5a-3168-4e92-a38d-0eca732c7e40" Param="ColSelectorValue" ParentGuid="00000000-0000-0000-0000-000000000000" Value="ColNum" />
<ActInputValue Guid="5b381f65-7be0-4532-bf5f-ff0091dcb2ca" Param="LocateColTitle" ParentGuid="00000000-0000-0000-0000-000000000000" Value="0" />
<ActInputValue Guid="8e32110a-e870-4b6d-8abe-13110bc796a9" Param="ControlAction" ParentGuid="00000000-0000-0000-0000-000000000000" Value="SetFocus" />
<ActInputValue Guid="8273a70d-e33f-4ea8-8444-6f8b4ca82312" Param="IsWidgetsElement" ParentGuid="00000000-0000-0000-0000-000000000000" Value="false" />
<ActInputValue Guid="53419b3f-62de-4b44-abee-09ea9ada7f96" Param="WaitforIdle" ParentGuid="00000000-0000-0000-0000-000000000000" />
<ActInputValue Guid="abd6e9eb-f3cf-4eb0-8935-54d1905d6eee" Param="WhereColSelector" ParentGuid="00000000-0000-0000-0000-000000000000" />
<ActInputValue Guid="359b60e3-c1e6-4342-9ccc-07fa6faa689c" Param="WhereColumnTitle" ParentGuid="00000000-0000-0000-0000-000000000000" />
<ActInputValue Guid="b745044b-b077-4891-9218-b2f6456315ac" Param="WhereProperty" ParentGuid="00000000-0000-0000-0000-000000000000" />
<ActInputValue Guid="2e07cb45-1e91-4505-a8b0-aa0a230b517b" Param="WhereOperator" ParentGuid="00000000-0000-0000-0000-000000000000" />
<ActInputValue Guid="87c69dc0-b2a1-472c-bd69-213ac3564fb9" Param="LocateRowValue" ParentGuid="00000000-0000-0000-0000-000000000000" Value="0" />
<ActInputValue Guid="ab9e7069-4bab-4e86-a39b-a3dce5e0a839" Param="TargetLocateBy" ParentGuid="00000000-0000-0000-0000-000000000000" Value="NA" />
<ActInputValue Guid="79e03bb4-347c-4631-92d0-0bbefea26e0c" Param="TargetElementType" ParentGuid="00000000-0000-0000-0000-000000000000" Value="Unknown" />
<ActInputValue Guid="01a714b5-f02c-464d-9b3f-8551b0beea81" Param="HandleElementType" ParentGuid="00000000-0000-0000-0000-000000000000" Value="Unknown" />
<ActInputValue Guid="880dddbf-51e5-40e5-8f89-8087ff4e60c3" Param="HandleActionType" ParentGuid="00000000-0000-0000-0000-000000000000" Value="Unknown" />
</InputValues>
</ActUIElement>
<ActUIElement Active="True" Description="Click Button 'Select'" Guid="d3505428-c2a2-4021-9397-9f8ddb881cc4" MaxNumberOfRetries="2" ParentGuid="00000000-0000-0000-0000-000000000000" Platform="NA" RetryMechanismInterval="5" StatusConverter="None" TakeScreenShot="True" WaitVE="0" WindowsToCapture="OnlyActiveWindow">
<InputValues>
<ActInputValue Guid="fe7ce3e1-7546-4064-89d0-13e45c21b4a3" Param="ElementLocateBy" ParentGuid="00000000-0000-0000-0000-000000000000" Value="ByXPath" />
<ActInputValue Guid="5ebec93d-a0da-40ff-84a9-5cb6ece91de4" Param="ElementLocateValue" ParentGuid="00000000-0000-0000-0000-000000000000" Value="/javax.swing.JRootPane[0]/null.layeredPane/null.contentPane/javax.swing.JSplitPane[0]/com.amdocs.uif.workspace.desktop.AppDesktopPane[0]/com.crmimpl.crm.isupport.address.XAddressListSingleSelect/javax.swing.JRootPane[0]/null.layeredPane/root/javax.swing.JViewport[0]/root/gridFooter/[[Name:ButtonNoDefaultText_1_3][ClassName:com.amdocs.uif.widgets.ButtonNative$JXButton]]" />
<ActInputValue Guid="cfb5551f-5746-4132-861e-42eee8551d22" Param="Value" ParentGuid="00000000-0000-0000-0000-000000000000" Value="Select" />
<ActInputValue Guid="16c438c9-f0c1-4c00-a816-5ab598db7e70" Param="ElementType" ParentGuid="00000000-0000-0000-0000-000000000000" Value="Button" />
<ActInputValue Guid="29806b00-e15a-4aa8-94f5-0032d8b755fe" Param="ElementAction" ParentGuid="00000000-0000-0000-0000-000000000000" Value="Click" />
<ActInputValue Guid="996638ff-197d-4087-bd11-dd49cbbaa020" Param="WaitforIdle" ParentGuid="00000000-0000-0000-0000-000000000000" Value="Medium" />
<ActInputValue Guid="795c181d-a232-4cb3-b3ec-b6b1c0f7ee27" Param="TargetLocateBy" ParentGuid="00000000-0000-0000-0000-000000000000" Value="NA" />
<ActInputValue Guid="9c886d7b-46e3-422f-8d79-b3f0362b6eaa" Param="TargetElementType" ParentGuid="00000000-0000-0000-0000-000000000000" Value="Unknown" />
<ActInputValue Guid="004a3bf0-bb2f-4ab2-80a5-7012f6f7514c" Param="HandleElementType" ParentGuid="00000000-0000-0000-0000-000000000000" Value="Unknown" />
<ActInputValue Guid="19005482-b0c3-4329-b56e-9341d71ab050" Param="HandleActionType" ParentGuid="00000000-0000-0000-0000-000000000000" Value="Unknown" />
</InputValues>
</ActUIElement>
</Acts>
</Activity></GingerRepositoryItem>