﻿<?xml version="1.0" encoding="utf-8"?>
<GingerRepositoryItem><Header ItemGuid="e4b7636d-84fc-412d-bc5e-7bc8e4c09f04" ItemType="Activity" CreatedBy="christian.poblete" Created="202101111835" GingerVersion="3.6.0.0" Version="1" LastUpdateBy="christian.poblete" LastUpdate="202101111835" />
<Activity ActionRunOption="StopActionsRunOnFailure" Active="True" ActivityName="Start Provide order" AutomationStatus="Automated" ErrorHandlerMappingType="AllAvailableHandlers" Guid="e4b7636d-84fc-412d-bc5e-7bc8e4c09f04" ParentGuid="00000000-0000-0000-0000-000000000000" PercentAutomated="33%" TargetApplication="MyJavaApp">
<Acts>
<ActUIElement Description="Click : menuCreate" Guid="94c11f0c-6a56-45fe-a2d6-5803443a68b2" MaxNumberOfRetries="2" ParentGuid="00000000-0000-0000-0000-000000000000" Platform="Java" RetryMechanismInterval="5" StatusConverter="None" TakeScreenShot="True" WaitVE="0" WindowsToCapture="OnlyActiveWindow">
<InputValues>
<ActInputValue Guid="0b151ba9-02d7-425a-b717-9de0fe4be6f8" Param="ElementAction" ParentGuid="00000000-0000-0000-0000-000000000000" Value="Click" />
<ActInputValue Guid="ed262f7d-9860-427e-8fa3-fc48155152ae" Param="ElementType" ParentGuid="00000000-0000-0000-0000-000000000000" Value="MenuItem" />
<ActInputValue Guid="4d571846-c715-4d8b-996f-ad787f28c758" Param="Value" ParentGuid="00000000-0000-0000-0000-000000000000" />
<ActInputValue Guid="3f155293-fd17-4ddf-a1b0-343ced2dd830" Param="ElementLocateBy" ParentGuid="00000000-0000-0000-0000-000000000000" Value="ByName" />
<ActInputValue Guid="0322c117-5e00-4964-af7d-1e7337f6b84d" Param="ElementLocateValue" ParentGuid="00000000-0000-0000-0000-000000000000" Value="menuCreate" />
<ActInputValue Guid="f45f734c-f450-4a4a-be4a-1eef0912e4c8" Param="ValueToSelect" ParentGuid="00000000-0000-0000-0000-000000000000" />
<ActInputValue Guid="c4149853-7b22-47d3-901b-ffc5b48cf3f0" Param="IsWidgetsElement" ParentGuid="00000000-0000-0000-0000-000000000000" Value="false" />
<ActInputValue Guid="06af8215-4b1a-4fab-8a37-8d16ef45dd52" Param="WaitforIdle" ParentGuid="00000000-0000-0000-0000-000000000000" Value="Medium" />
<ActInputValue Guid="cd9561b6-39af-4383-9719-6e30f0cf72ad" Param="TargetLocateBy" ParentGuid="00000000-0000-0000-0000-000000000000" Value="NA" />
<ActInputValue Guid="598038d6-cdcc-49b1-82ff-4ce8e09baca3" Param="TargetElementType" ParentGuid="00000000-0000-0000-0000-000000000000" Value="Unknown" />
<ActInputValue Guid="46a7631b-2343-42ee-9bc7-eedc433d1d8d" Param="HandleElementType" ParentGuid="00000000-0000-0000-0000-000000000000" Value="Unknown" />
<ActInputValue Guid="99ac4729-2d3a-4cae-ba15-fa6e4f29624d" Param="HandleActionType" ParentGuid="00000000-0000-0000-0000-000000000000" Value="Unknown" />
</InputValues>
</ActUIElement>
<ActUIElement Description="Click : menu Create Site" Guid="2252b8f8-5226-4502-9533-1381e087fe2f" MaxNumberOfRetries="2" ParentGuid="00000000-0000-0000-0000-000000000000" Platform="Java" RetryMechanismInterval="5" StatusConverter="None" TakeScreenShot="True" WaitVE="0" WindowsToCapture="OnlyActiveWindow">
<InputValues>
<ActInputValue Guid="0b151ba9-02d7-425a-b717-9de0fe4be6f8" Param="ElementAction" ParentGuid="00000000-0000-0000-0000-000000000000" Value="Click" />
<ActInputValue Guid="ed262f7d-9860-427e-8fa3-fc48155152ae" Param="ElementType" ParentGuid="00000000-0000-0000-0000-000000000000" Value="MenuItem" />
<ActInputValue Guid="4d571846-c715-4d8b-996f-ad787f28c758" Param="Value" ParentGuid="00000000-0000-0000-0000-000000000000" />
<ActInputValue Guid="3f155293-fd17-4ddf-a1b0-343ced2dd830" Param="ElementLocateBy" ParentGuid="00000000-0000-0000-0000-000000000000" Value="ByName" />
<ActInputValue Guid="0322c117-5e00-4964-af7d-1e7337f6b84d" Param="ElementLocateValue" ParentGuid="00000000-0000-0000-0000-000000000000" Value="menuItemCreateSite" />
<ActInputValue Guid="f45f734c-f450-4a4a-be4a-1eef0912e4c8" Param="ValueToSelect" ParentGuid="00000000-0000-0000-0000-000000000000" Value="Site" />
<ActInputValue Guid="c4149853-7b22-47d3-901b-ffc5b48cf3f0" Param="IsWidgetsElement" ParentGuid="00000000-0000-0000-0000-000000000000" Value="false" />
<ActInputValue Guid="06af8215-4b1a-4fab-8a37-8d16ef45dd52" Param="WaitforIdle" ParentGuid="00000000-0000-0000-0000-000000000000" Value="Medium" />
<ActInputValue Guid="cd9561b6-39af-4383-9719-6e30f0cf72ad" Param="TargetLocateBy" ParentGuid="00000000-0000-0000-0000-000000000000" Value="NA" />
<ActInputValue Guid="598038d6-cdcc-49b1-82ff-4ce8e09baca3" Param="TargetElementType" ParentGuid="00000000-0000-0000-0000-000000000000" Value="Unknown" />
<ActInputValue Guid="46a7631b-2343-42ee-9bc7-eedc433d1d8d" Param="HandleElementType" ParentGuid="00000000-0000-0000-0000-000000000000" Value="Unknown" />
<ActInputValue Guid="99ac4729-2d3a-4cae-ba15-fa6e4f29624d" Param="HandleActionType" ParentGuid="00000000-0000-0000-0000-000000000000" Value="Unknown" />
</InputValues>
</ActUIElement>
<ActUIElement Active="True" Description="Click : Order button" Guid="64292476-d627-4917-a538-c6d6f77e2bed" MaxNumberOfRetries="2" ParentGuid="00000000-0000-0000-0000-000000000000" Platform="NA" RetryMechanismInterval="5" StatusConverter="None" TakeScreenShot="True" WaitVE="0" WindowsToCapture="OnlyActiveWindow">
<InputValues>
<ActInputValue Guid="1d87f1c6-6bea-4784-bdb5-f66d78cf52cb" Param="ElementAction" ParentGuid="00000000-0000-0000-0000-000000000000" Value="Click" />
<ActInputValue Guid="4b2e40d1-e4a4-41eb-8648-583352fa6f05" Param="ElementType" ParentGuid="00000000-0000-0000-0000-000000000000" Value="Button" />
<ActInputValue Guid="22f134d5-0118-4abe-bc78-e8e62e555871" Param="Value" ParentGuid="00000000-0000-0000-0000-000000000000" />
<ActInputValue Guid="066a1003-5e79-48a2-a883-c9b75667c897" Param="ElementLocateBy" ParentGuid="00000000-0000-0000-0000-000000000000" Value="ByXPath" />
<ActInputValue Guid="6e0ba98c-05ea-44a2-9296-2fdbadcab445" Param="ElementLocateValue" ParentGuid="00000000-0000-0000-0000-000000000000" Value="/javax.swing.JRootPane[0]/null.layeredPane/null.contentPane/javax.swing.JSplitPane[0]/com.amdocs.uif.workspace.desktop.AppDesktopPane[0]/com.crmimpl.crm.cim.customerinfo.XCustomerInfoInteractionHomeExt/javax.swing.JRootPane[0]/null.layeredPane/panelRoot/javax.swing.JViewport[0]/panelRoot/panelCurrentTopicList/panelCurrentTopics/panelQuickActionsAndButtons/[[Name:btnOrder][ClassName:com.amdocs.uif.widgets.ButtonNative$JXButton]]" />
<ActInputValue Guid="6f22a3f5-fd1e-4f3b-a786-67879b4d2797" Param="ValueToSelect" ParentGuid="00000000-0000-0000-0000-000000000000" />
<ActInputValue Guid="be77c9c8-d1c0-425b-ab75-e72ecf59a67a" Param="TargetLocateBy" ParentGuid="00000000-0000-0000-0000-000000000000" Value="NA" />
<ActInputValue Guid="99b14463-b1fa-42f2-a9bc-1b21e8cce9be" Param="TargetElementType" ParentGuid="00000000-0000-0000-0000-000000000000" Value="Unknown" />
<ActInputValue Guid="abe7c3c3-bc48-4768-b8fe-636c7f050db6" Param="HandleElementType" ParentGuid="00000000-0000-0000-0000-000000000000" Value="Unknown" />
<ActInputValue Guid="bf95fe25-79c4-4a5b-8166-386b96ed3557" Param="HandleActionType" ParentGuid="00000000-0000-0000-0000-000000000000" Value="Unknown" />
</InputValues>
</ActUIElement>
</Acts>
</Activity></GingerRepositoryItem>