﻿<?xml version="1.0" encoding="utf-8"?>
<GingerRepositoryItem><Header ItemGuid="37e6d54f-4aad-42f9-a3e2-6f84d1f00e24" ItemType="Activity" CreatedBy="christian.poblete" Created="202101212053" GingerVersion="3.6.0.0" Version="1" LastUpdateBy="christian.poblete" LastUpdate="202101212053" />
<Activity ActionRunOption="StopActionsRunOnFailure" Active="True" ActivityName="Start Interaction by Receiver_ID" AutomationStatus="Automated" ErrorHandlerMappingType="AllAvailableHandlers" Guid="37e6d54f-4aad-42f9-a3e2-6f84d1f00e24" ParentGuid="00000000-0000-0000-0000-000000000000" PercentAutomated="75%" TargetApplication="MyJavaApp">
<Acts>
<ActUIElement Active="True" Description="Click Button &quot;Search&quot;" Guid="8f16107b-d3fb-44cc-84f9-98b1b7a6e66b" MaxNumberOfRetries="2" ParentGuid="00000000-0000-0000-0000-000000000000" Platform="Java" RetryMechanismInterval="5" StatusConverter="IgnoreFail" TakeScreenShot="True" Timeout="5" WaitVE="0" WindowsToCapture="OnlyActiveWindow">
<InputValues>
<ActInputValue Guid="94802a2c-8c41-42d4-afa6-eb3ab90d7da7" Param="ElementLocateBy" ParentGuid="00000000-0000-0000-0000-000000000000" Value="ByXPath" />
<ActInputValue Guid="3b4f5720-871f-4ab3-a400-08ac29b6e21d" Param="ElementLocateValue" ParentGuid="00000000-0000-0000-0000-000000000000" Value="/javax.swing.JRootPane[0]/null.layeredPane/null.contentPane/com.amdocs.uif.workspace.ToolBarPane[0]/CIM Find Caller/com.amdocs.uif.workspace.MDIWorkspace$23[0]/null.layeredPane/root/Panel_2_370/[[Name:btnFindCaller][ClassName:com.amdocs.uif.widgets.ButtonNative$JXButton]]" />
<ActInputValue Guid="532377d4-5a7d-4c3f-bba1-4bdcfd50f3b1" Param="Value" ParentGuid="00000000-0000-0000-0000-000000000000" />
<ActInputValue Guid="8b65bf9c-e2d9-4ffb-9e16-3e1c9aed61a2" Param="ElementType" ParentGuid="00000000-0000-0000-0000-000000000000" Value="Button" />
<ActInputValue Guid="84f9ebdc-682b-49f1-afc5-40c06bae36b8" Param="ElementAction" ParentGuid="00000000-0000-0000-0000-000000000000" Value="AsyncClick" />
<ActInputValue Guid="41cb72a9-36ae-44a3-8cb5-49390a2d0347" Param="WaitforIdle" ParentGuid="00000000-0000-0000-0000-000000000000" Value="Medium" />
<ActInputValue Guid="68f04ced-5ed1-48d7-81d3-78584fa75bd7" Param="IsWidgetsElement" ParentGuid="00000000-0000-0000-0000-000000000000" Value="false" />
<ActInputValue Guid="f1f9e652-6653-46f6-b00e-3c505b9ec7ed" Param="TargetLocateBy" ParentGuid="00000000-0000-0000-0000-000000000000" Value="NA" />
<ActInputValue Guid="f5eef7c6-5047-4962-9274-9d74553c6ca7" Param="TargetElementType" ParentGuid="00000000-0000-0000-0000-000000000000" Value="Unknown" />
<ActInputValue Guid="a1784a75-353c-4ede-aa7b-fdc8066ffbec" Param="HandleElementType" ParentGuid="00000000-0000-0000-0000-000000000000" Value="Unknown" />
<ActInputValue Guid="71a54e53-569d-4f78-ad69-0ed5dac2dde3" Param="HandleActionType" ParentGuid="00000000-0000-0000-0000-000000000000" Value="Unknown" />
<ActInputValue Guid="597b8ecd-bf9d-44d4-b3b7-ca115be3b3e9" Param="XCoordinate" ParentGuid="00000000-0000-0000-0000-000000000000" />
<ActInputValue Guid="652c1711-9638-4bc2-bd71-44d77679fcff" Param="ValueToSelect" ParentGuid="00000000-0000-0000-0000-000000000000" />
<ActInputValue Guid="fcb285bb-3250-44e3-a3d4-d3a438e0bef6" Param="YCoordinate" ParentGuid="00000000-0000-0000-0000-000000000000" />
<ActInputValue Guid="e569e8d0-d67f-4477-a30f-fa3184cb68a3" Param="ControlAction" ParentGuid="00000000-0000-0000-0000-000000000000" />
</InputValues>
</ActUIElement>
<ActUIElement Active="True" Description="SetText : txtReceiver ID" Guid="34e2f1c8-a973-44c9-a3fd-481ec7f292f0" MaxNumberOfRetries="2" ParentGuid="00000000-0000-0000-0000-000000000000" Platform="Java" RetryMechanismInterval="5" StatusConverter="None" TakeScreenShot="True" WaitVE="0" WindowsToCapture="OnlyActiveWindow">
<InputValues>
<ActInputValue Guid="eb518e0b-1d28-423d-9d2c-f175ea939503" Param="ElementAction" ParentGuid="00000000-0000-0000-0000-000000000000" Value="SetText" />
<ActInputValue Guid="8e7b20aa-c72c-48b8-84b6-9ace017809c0" Param="ElementType" ParentGuid="00000000-0000-0000-0000-000000000000" Value="TextBox" />
<ActInputValue Guid="b969e907-718d-453a-a9fc-aebfb2d4c711" Param="Value" ParentGuid="00000000-0000-0000-0000-000000000000" Value="{Var Name=OutputReceiver_ID}" />
<ActInputValue Guid="646e4244-30b5-4bc8-a53e-f8706cf40f39" Param="ElementLocateBy" ParentGuid="00000000-0000-0000-0000-000000000000" Value="ByXPath" />
<ActInputValue Guid="75acf7c6-4ac5-446e-ad27-10bba60cf16c" Param="ElementLocateValue" ParentGuid="00000000-0000-0000-0000-000000000000" Value="/javax.swing.JRootPane[0]/null.layeredPane/null.contentPane/javax.swing.JSplitPane[0]/com.amdocs.uif.workspace.desktop.AppDesktopPane[0]/com.crmimpl.crm.cim.findcaller.XFindCallerCimBillingSearch/javax.swing.JRootPane[0]/null.layeredPane/root/javax.swing.JViewport[0]/root/pnlSubscription/[[Name:txtReceiver][ClassName:com.amdocs.uif.widgets.TextFieldNative$1]]" />
<ActInputValue Guid="e10a8654-fdc4-4e72-881c-29261a01beed" Param="IsWidgetsElement" ParentGuid="00000000-0000-0000-0000-000000000000" Value="false" />
<ActInputValue Guid="c4a06a50-9255-4ce2-91c4-4da027e67c03" Param="WaitforIdle" ParentGuid="00000000-0000-0000-0000-000000000000" Value="None" />
<ActInputValue Guid="a60f1378-020b-4ca7-bff1-9939e182a6a9" Param="TargetLocateBy" ParentGuid="00000000-0000-0000-0000-000000000000" Value="NA" />
<ActInputValue Guid="e1b31ba7-efb5-4244-8b64-20d4f3a35ef9" Param="TargetElementType" ParentGuid="00000000-0000-0000-0000-000000000000" Value="Unknown" />
<ActInputValue Guid="0c991a8c-9307-498a-9b4d-1d0f0e6cc84a" Param="HandleElementType" ParentGuid="00000000-0000-0000-0000-000000000000" Value="Unknown" />
<ActInputValue Guid="4264ed29-1bf7-48bd-8089-7e66503988c9" Param="HandleActionType" ParentGuid="00000000-0000-0000-0000-000000000000" Value="Unknown" />
</InputValues>
</ActUIElement>
<ActUIElement Active="True" Description="Click Button 'Search Now'" Guid="4cf9ddec-6f5c-406a-a8ed-5ba2ed0e9245" MaxNumberOfRetries="2" ParentGuid="00000000-0000-0000-0000-000000000000" Platform="NA" RetryMechanismInterval="5" StatusConverter="None" TakeScreenShot="True" WaitVE="0" WindowsToCapture="OnlyActiveWindow">
<InputValues>
<ActInputValue Guid="d8b181b9-e2a9-40f4-b030-682f0d7c48cc" Param="ElementLocateBy" ParentGuid="00000000-0000-0000-0000-000000000000" Value="ByXPath" />
<ActInputValue Guid="8af2440f-24a8-4fc9-804b-455150e76c76" Param="ElementLocateValue" ParentGuid="00000000-0000-0000-0000-000000000000" Value="/javax.swing.JRootPane[0]/null.layeredPane/null.contentPane/javax.swing.JSplitPane[0]/com.amdocs.uif.workspace.desktop.AppDesktopPane[0]/com.crmimpl.crm.cim.findcaller.XFindCallerCimBillingSearch/javax.swing.JRootPane[0]/null.layeredPane/root/javax.swing.JViewport[0]/root/pnlBtn/[[Name:btnSearchNow][ClassName:com.amdocs.uif.widgets.ButtonNative$JXButton]]" />
<ActInputValue Guid="f0f292fd-afc9-49ac-a9da-ed4df8c5a555" Param="Value" ParentGuid="00000000-0000-0000-0000-000000000000" Value="Search Now" />
<ActInputValue Guid="559327ea-5f73-4303-8a66-572460b0053a" Param="ElementType" ParentGuid="00000000-0000-0000-0000-000000000000" Value="Button" />
<ActInputValue Guid="29633bcc-694b-4905-ba14-0187d38f25c7" Param="ElementAction" ParentGuid="00000000-0000-0000-0000-000000000000" Value="Click" />
<ActInputValue Guid="f2333ee8-ebc1-42b2-87f2-6c123d60a29f" Param="WaitforIdle" ParentGuid="00000000-0000-0000-0000-000000000000" Value="Medium" />
<ActInputValue Guid="a35b0844-20a1-4920-b30c-9c672a31cf0d" Param="TargetLocateBy" ParentGuid="00000000-0000-0000-0000-000000000000" Value="NA" />
<ActInputValue Guid="451bc957-8c65-46ac-9d77-74b68d1c05f4" Param="TargetElementType" ParentGuid="00000000-0000-0000-0000-000000000000" Value="Unknown" />
<ActInputValue Guid="74716a39-40ff-46b2-92e2-1dda52a505cd" Param="HandleElementType" ParentGuid="00000000-0000-0000-0000-000000000000" Value="Unknown" />
<ActInputValue Guid="2a632509-c78c-4fb5-bd87-d6c0eb8a467c" Param="HandleActionType" ParentGuid="00000000-0000-0000-0000-000000000000" Value="Unknown" />
</InputValues>
</ActUIElement>
<ActUIElement Description="Verify Interaction screen is loaded" EnableRetryMechanism="True" Guid="ba067653-2caf-4f08-9176-79a93d1fdd77" MaxNumberOfRetries="5" ParentGuid="00000000-0000-0000-0000-000000000000" Platform="Java" RetryMechanismInterval="4" StatusConverter="None" TakeScreenShot="True" WaitVE="0" WindowsToCapture="OnlyActiveWindow">
<FlowControls>
<FlowControl Active="True" BusinessFlowControlAction="GoToBusinessFlow" FlowControlAction="StopRun" Guid="471eb63e-7b88-41c5-97d7-a94c1b59164d" Operator="ActionFailed" ParentGuid="00000000-0000-0000-0000-000000000000" />
</FlowControls>

<InputValues>
<ActInputValue Guid="59f164aa-c742-405b-b615-2feebf5bbb9d" Param="ElementAction" ParentGuid="00000000-0000-0000-0000-000000000000" Value="IsVisible" />
<ActInputValue Guid="5aa2a4e7-1e73-4f4b-8437-27795dfc7c70" Param="ElementType" ParentGuid="00000000-0000-0000-0000-000000000000" Value="Button" />
<ActInputValue Guid="9640027f-1b75-4b70-86da-ec57b8cb1cae" Param="Value" ParentGuid="00000000-0000-0000-0000-000000000000" />
<ActInputValue Guid="37d0490f-d38a-402a-a44a-0e16b4e2051e" Param="ElementLocateBy" ParentGuid="00000000-0000-0000-0000-000000000000" Value="ByXPath" />
<ActInputValue Guid="99d2f4da-216f-4415-ab3f-49d559730cee" Param="ElementLocateValue" ParentGuid="00000000-0000-0000-0000-000000000000" Value="/javax.swing.JRootPane[0]/null.layeredPane/null.contentPane/javax.swing.JSplitPane[0]/com.amdocs.uif.workspace.desktop.AppDesktopPane[0]/com.crmimpl.crm.cim.customerinfo.XCustomerInfoInteractionHomeExt/javax.swing.JRootPane[0]/null.layeredPane/panelRoot/javax.swing.JViewport[0]/panelRoot/panelMain/panelCurrentInteractionDetails/[[Name:btnSaveAndEnd][ClassName:com.amdocs.uif.widgets.ButtonNative$JXButton]]" />
<ActInputValue Guid="6b92c5d7-8040-4fce-bc24-ff77ad9a4748" Param="IsWidgetsElement" ParentGuid="00000000-0000-0000-0000-000000000000" Value="false" />
<ActInputValue Guid="b21e8abc-20c0-4aa7-8137-16d31e43bf9b" Param="WaitforIdle" ParentGuid="00000000-0000-0000-0000-000000000000" Value="None" />
<ActInputValue Guid="6cd9ccc2-9e2a-44fe-9cd6-40b7f4812934" Param="TargetLocateBy" ParentGuid="00000000-0000-0000-0000-000000000000" Value="NA" />
<ActInputValue Guid="ab4778b6-0ffc-4512-b4c9-9c1bc1fd33ec" Param="TargetElementType" ParentGuid="00000000-0000-0000-0000-000000000000" Value="Unknown" />
<ActInputValue Guid="deef1b39-8df2-40fb-9055-df6b82066209" Param="HandleElementType" ParentGuid="00000000-0000-0000-0000-000000000000" Value="Unknown" />
<ActInputValue Guid="c4849cdd-4bcf-49aa-a9ec-beb5ed32849e" Param="HandleActionType" ParentGuid="00000000-0000-0000-0000-000000000000" Value="Unknown" />
</InputValues>

<ReturnValues>
<ActReturnValue Active="True" Guid="32a8630c-88f8-4c7a-ae16-43231998750a" mExpected="true" Operator="Equals" Param="Actual0" ParentGuid="00000000-0000-0000-0000-000000000000" StoreTo="None" />
</ReturnValues>
</ActUIElement>
</Acts>

<Variables>
<VariableString Guid="fb75b67e-0084-477e-8c4a-0e42a73b3ada" MappedOutputType="None" Name="OutputReceiver_ID" ParentGuid="00000000-0000-0000-0000-000000000000" SetAsInputValue="False" SetAsOutputValue="False" />
</Variables>
</Activity></GingerRepositoryItem>