﻿<?xml version="1.0" encoding="utf-8"?>
<GingerRepositoryItem><Header ItemGuid="cb659fb9-d85f-4149-b045-e7b797066882" ItemType="Activity" CreatedBy="christian.poblete" Created="202101251821" GingerVersion="3.6.0.0" Version="1" LastUpdateBy="christian.poblete" LastUpdate="202101251821" />
<Activity ActionRunOption="StopActionsRunOnFailure" Active="True" ActivityName="Start Interaction" AutomationStatus="Automated" ErrorHandlerMappingType="AllAvailableHandlers" Guid="cb659fb9-d85f-4149-b045-e7b797066882" ParentGuid="00000000-0000-0000-0000-000000000000" PercentAutomated="100%" TargetApplication="MyJavaApp">
<Acts>
<ActUIElement Active="True" Description="Click Button &quot;Search&quot;" Guid="381d577b-ea9f-4f1c-a4b8-1428476f2b90" MaxNumberOfRetries="2" ParentGuid="00000000-0000-0000-0000-000000000000" Platform="Java" RetryMechanismInterval="5" StatusConverter="IgnoreFail" TakeScreenShot="True" Timeout="5" WaitVE="0" WindowsToCapture="OnlyActiveWindow">
<InputValues>
<ActInputValue Guid="94802a2c-8c41-42d4-afa6-eb3ab90d7da7" Param="ElementLocateBy" ParentGuid="00000000-0000-0000-0000-000000000000" Value="ByXPath" />
<ActInputValue Guid="3b4f5720-871f-4ab3-a400-08ac29b6e21d" Param="ElementLocateValue" ParentGuid="00000000-0000-0000-0000-000000000000" Value="/javax.swing.JRootPane[0]/null.layeredPane/null.contentPane/com.amdocs.uif.workspace.ToolBarPane[0]/CIM Find Caller/com.amdocs.uif.workspace.MDIWorkspace$23[0]/null.layeredPane/root/Panel_2_370/[[Name:btnFindCaller][ClassName:com.amdocs.uif.widgets.ButtonNative$JXButton]]" />
<ActInputValue Guid="532377d4-5a7d-4c3f-bba1-4bdcfd50f3b1" Param="Value" ParentGuid="00000000-0000-0000-0000-000000000000" />
<ActInputValue Guid="8b65bf9c-e2d9-4ffb-9e16-3e1c9aed61a2" Param="ElementType" ParentGuid="00000000-0000-0000-0000-000000000000" Value="Button" />
<ActInputValue Guid="84f9ebdc-682b-49f1-afc5-40c06bae36b8" Param="ElementAction" ParentGuid="00000000-0000-0000-0000-000000000000" Value="Click" />
<ActInputValue Guid="41cb72a9-36ae-44a3-8cb5-49390a2d0347" Param="WaitforIdle" ParentGuid="00000000-0000-0000-0000-000000000000" Value="Medium" />
<ActInputValue Guid="68f04ced-5ed1-48d7-81d3-78584fa75bd7" Param="IsWidgetsElement" ParentGuid="00000000-0000-0000-0000-000000000000" Value="false" />
<ActInputValue Guid="f1f9e652-6653-46f6-b00e-3c505b9ec7ed" Param="TargetLocateBy" ParentGuid="00000000-0000-0000-0000-000000000000" Value="NA" />
<ActInputValue Guid="f5eef7c6-5047-4962-9274-9d74553c6ca7" Param="TargetElementType" ParentGuid="00000000-0000-0000-0000-000000000000" Value="Unknown" />
<ActInputValue Guid="a1784a75-353c-4ede-aa7b-fdc8066ffbec" Param="HandleElementType" ParentGuid="00000000-0000-0000-0000-000000000000" Value="Unknown" />
<ActInputValue Guid="71a54e53-569d-4f78-ad69-0ed5dac2dde3" Param="HandleActionType" ParentGuid="00000000-0000-0000-0000-000000000000" Value="Unknown" />
</InputValues>
</ActUIElement>
<ActUIElement Active="True" Description="Set Text Box Customer ID" Guid="2d3ddbb5-2e91-455a-936d-672788738db9" MaxNumberOfRetries="2" ParentGuid="00000000-0000-0000-0000-000000000000" Platform="Java" RetryMechanismInterval="5" StatusConverter="None" TakeScreenShot="True" WaitVE="0" WindowsToCapture="OnlyActiveWindow">
<InputValues>
<ActInputValue Guid="26232788-7e6a-4a41-9d94-024b5179c390" Param="ElementLocateBy" ParentGuid="00000000-0000-0000-0000-000000000000" Value="ByXPath" />
<ActInputValue Guid="e4f1656e-fec9-4d56-a484-746e8196dfe3" Param="ElementLocateValue" ParentGuid="00000000-0000-0000-0000-000000000000" Value="/javax.swing.JRootPane[0]/null.layeredPane/null.contentPane/javax.swing.JSplitPane[0]/com.amdocs.uif.workspace.desktop.AppDesktopPane[0]/com.crmimpl.crm.cim.findcaller.XFindCallerCimBillingSearch/javax.swing.JRootPane[0]/null.layeredPane/root/javax.swing.JViewport[0]/root/pnlBilling/[[Name:txtCustomerId][ClassName:com.amdocs.uif.widgets.TextFieldNative$1]]" />
<ActInputValue Guid="52d37610-46dd-4301-8a6c-458abf4287ca" Param="Value" ParentGuid="00000000-0000-0000-0000-000000000000" Value="{Var Name=Output Customer ID}" />
<ActInputValue Guid="13e25709-51e9-428d-9c97-01018d4e1ecf" Param="ElementType" ParentGuid="00000000-0000-0000-0000-000000000000" Value="TextBox" />
<ActInputValue Guid="33b251ff-5c15-47ba-b88b-9d1e5fc53b98" Param="ElementAction" ParentGuid="00000000-0000-0000-0000-000000000000" Value="SetValue" />
<ActInputValue Guid="3fefe4ca-3ec6-4c49-b210-20d72f93ebb7" Param="IsWidgetsElement" ParentGuid="00000000-0000-0000-0000-000000000000" Value="false" />
<ActInputValue Guid="d14f3cea-255d-4ea4-abde-a4edc5e55cf5" Param="WaitforIdle" ParentGuid="00000000-0000-0000-0000-000000000000" Value="None" />
<ActInputValue Guid="439b18bc-b0a6-4990-8478-53c900d2e431" Param="TargetLocateBy" ParentGuid="00000000-0000-0000-0000-000000000000" Value="NA" />
<ActInputValue Guid="fba7839c-4c8c-4bf5-99e2-999ba256cf17" Param="TargetElementType" ParentGuid="00000000-0000-0000-0000-000000000000" Value="Unknown" />
<ActInputValue Guid="92495c29-a5c5-4d32-8f02-f0f4a8b8f05e" Param="HandleElementType" ParentGuid="00000000-0000-0000-0000-000000000000" Value="Unknown" />
<ActInputValue Guid="b8f38038-301a-4a0a-a83d-dc24d049066f" Param="HandleActionType" ParentGuid="00000000-0000-0000-0000-000000000000" Value="Unknown" />
</InputValues>
</ActUIElement>
<ActUIElement Active="True" Description="Click Button 'Search Now'" Guid="3ea7a0b0-6b77-4e6d-a47d-cacdc55b79d6" MaxNumberOfRetries="2" ParentGuid="00000000-0000-0000-0000-000000000000" Platform="NA" RetryMechanismInterval="5" StatusConverter="None" TakeScreenShot="True" WaitVE="0" WindowsToCapture="OnlyActiveWindow">
<InputValues>
<ActInputValue Guid="d8b181b9-e2a9-40f4-b030-682f0d7c48cc" Param="ElementLocateBy" ParentGuid="00000000-0000-0000-0000-000000000000" Value="ByXPath" />
<ActInputValue Guid="8af2440f-24a8-4fc9-804b-455150e76c76" Param="ElementLocateValue" ParentGuid="00000000-0000-0000-0000-000000000000" Value="/javax.swing.JRootPane[0]/null.layeredPane/null.contentPane/javax.swing.JSplitPane[0]/com.amdocs.uif.workspace.desktop.AppDesktopPane[0]/com.crmimpl.crm.cim.findcaller.XFindCallerCimBillingSearch/javax.swing.JRootPane[0]/null.layeredPane/root/javax.swing.JViewport[0]/root/pnlBtn/[[Name:btnSearchNow][ClassName:com.amdocs.uif.widgets.ButtonNative$JXButton]]" />
<ActInputValue Guid="f0f292fd-afc9-49ac-a9da-ed4df8c5a555" Param="Value" ParentGuid="00000000-0000-0000-0000-000000000000" Value="Search Now" />
<ActInputValue Guid="559327ea-5f73-4303-8a66-572460b0053a" Param="ElementType" ParentGuid="00000000-0000-0000-0000-000000000000" Value="Button" />
<ActInputValue Guid="29633bcc-694b-4905-ba14-0187d38f25c7" Param="ElementAction" ParentGuid="00000000-0000-0000-0000-000000000000" Value="Click" />
<ActInputValue Guid="f2333ee8-ebc1-42b2-87f2-6c123d60a29f" Param="WaitforIdle" ParentGuid="00000000-0000-0000-0000-000000000000" Value="Medium" />
<ActInputValue Guid="a35b0844-20a1-4920-b30c-9c672a31cf0d" Param="TargetLocateBy" ParentGuid="00000000-0000-0000-0000-000000000000" Value="NA" />
<ActInputValue Guid="451bc957-8c65-46ac-9d77-74b68d1c05f4" Param="TargetElementType" ParentGuid="00000000-0000-0000-0000-000000000000" Value="Unknown" />
<ActInputValue Guid="74716a39-40ff-46b2-92e2-1dda52a505cd" Param="HandleElementType" ParentGuid="00000000-0000-0000-0000-000000000000" Value="Unknown" />
<ActInputValue Guid="2a632509-c78c-4fb5-bd87-d6c0eb8a467c" Param="HandleActionType" ParentGuid="00000000-0000-0000-0000-000000000000" Value="Unknown" />
</InputValues>
</ActUIElement>
<ActUIElement Active="True" Description="Verify Interaction screen is loaded" EnableRetryMechanism="True" Guid="bd2eb3ff-dc5c-4f2c-81b5-87db3ee76339" MaxNumberOfRetries="3" ParentGuid="00000000-0000-0000-0000-000000000000" Platform="Java" RetryMechanismInterval="5" StatusConverter="None" TakeScreenShot="True" WaitVE="5" WindowsToCapture="OnlyActiveWindow">
<FlowControls>
<FlowControl Active="True" BusinessFlowControlAction="GoToBusinessFlow" FlowControlAction="StopRun" Guid="ffba6ff7-d8c8-4c54-86e5-6c2643e31cfc" Operator="ActionFailed" ParentGuid="00000000-0000-0000-0000-000000000000" />
</FlowControls>

<InputValues>
<ActInputValue Guid="e62b5a1c-8a97-4c58-aa6a-55a20019a827" Param="ElementAction" ParentGuid="00000000-0000-0000-0000-000000000000" Value="GetValue" />
<ActInputValue Guid="a3c970f9-da5b-4198-9a27-23a7e753d73d" Param="ElementType" ParentGuid="00000000-0000-0000-0000-000000000000" Value="TextBox" />
<ActInputValue Guid="42c05a78-968a-4a97-a6b1-3f449fa88775" Param="Value" ParentGuid="00000000-0000-0000-0000-000000000000" />
<ActInputValue Guid="bab97263-0134-4527-9b6d-a3864e31b8e3" Param="ElementLocateBy" ParentGuid="00000000-0000-0000-0000-000000000000" Value="ByXPath" />
<ActInputValue Guid="64dee4cf-af76-45ab-8277-edadc3dd8b28" Param="ElementLocateValue" ParentGuid="00000000-0000-0000-0000-000000000000" Value="/javax.swing.JRootPane[0]/null.layeredPane/null.contentPane/javax.swing.JSplitPane[0]/com.amdocs.uif.workspace.desktop.AppDesktopPane[0]/com.crmimpl.crm.cim.customerinfo.XCustomerInfoInteractionHomeExt/javax.swing.JRootPane[0]/null.layeredPane/panelRoot/javax.swing.JViewport[0]/panelRoot/tabControl/tabContact/panelRoot/panelContactInfo/[[Name:txtFullName][ClassName:com.amdocs.uif.widgets.TextFieldNative$1]]" />
<ActInputValue Guid="f38e9aec-179b-40ad-99be-0aac4d224d9a" Param="IsWidgetsElement" ParentGuid="00000000-0000-0000-0000-000000000000" Value="false" />
<ActInputValue Guid="d0a23c9e-cd77-45b4-9170-04ee5920530f" Param="WaitforIdle" ParentGuid="00000000-0000-0000-0000-000000000000" Value="None" />
<ActInputValue Guid="c78809c3-794a-4ca5-acb5-93cca73cfbce" Param="TargetLocateBy" ParentGuid="00000000-0000-0000-0000-000000000000" Value="NA" />
<ActInputValue Guid="40191932-c13a-4038-8fc3-9613563f183a" Param="TargetElementType" ParentGuid="00000000-0000-0000-0000-000000000000" Value="Unknown" />
<ActInputValue Guid="f9a268db-1680-4232-ba9c-11193597b3ba" Param="HandleElementType" ParentGuid="00000000-0000-0000-0000-000000000000" Value="Unknown" />
<ActInputValue Guid="b4254299-0f88-43ac-b7c5-d3bdc70b0831" Param="HandleActionType" ParentGuid="00000000-0000-0000-0000-000000000000" Value="Unknown" />
</InputValues>

<ReturnValues>
<ActReturnValue Guid="cf22fffc-537f-44d8-8b23-5f69ca4b3a3c" mExpected="f" Operator="Contains" Param="Actual0" ParentGuid="00000000-0000-0000-0000-000000000000" StoreTo="None" />
</ReturnValues>
</ActUIElement>
</Acts>

<Variables>
<VariableString Guid="80615315-dec8-4b1f-8266-bdd83f5ee25d" InitialStringValue="102018298" MappedOutputType="None" Name="Output Customer ID" ParentGuid="00000000-0000-0000-0000-000000000000" SetAsInputValue="False" SetAsOutputValue="False" />
</Variables>
</Activity></GingerRepositoryItem>