﻿<?xml version="1.0" encoding="utf-8"?>
<GingerRepositoryItem><Header ItemGuid="557129cf-43ba-42b4-ba01-0c8c74e5b698" ItemType="Activity" CreatedBy="christian.poblete" Created="202102031930" GingerVersion="3.6.0.0" Version="1" LastUpdateBy="christian.poblete" LastUpdate="202102031930" />
<Activity ActionRunOption="StopActionsRunOnFailure" Active="True" ActivityName="Switch CRM Window" AutomationStatus="Automated" ErrorHandlerMappingType="AllAvailableHandlers" Guid="557129cf-43ba-42b4-ba01-0c8c74e5b698" ParentGuid="00000000-0000-0000-0000-000000000000" PercentAutomated="100%" TargetApplication="MyJavaApp">
<Acts>
<ActSwitchWindow Active="True" Description="Switch Window Action - Amdocs Customer Interaction Manager" EnableRetryMechanism="True" Guid="78ba5240-6886-4fd7-919e-f2f4813db4bb" MaxNumberOfRetries="12" ParentGuid="00000000-0000-0000-0000-000000000000" Platform="NA" RetryMechanismInterval="5" StatusConverter="None" TakeScreenShot="True" Timeout="50" WaitVE="1" WindowsToCapture="OnlyActiveWindow">
<InputValues>
<ActInputValue Guid="3c8aa244-b0ce-4da7-809d-51a725fb153d" Param="LocateBy" ParentGuid="00000000-0000-0000-0000-000000000000" Value="ByTitle" />
<ActInputValue Guid="38f29d19-9158-4ed8-b748-14030f059499" Param="LocateValue" ParentGuid="00000000-0000-0000-0000-000000000000" Value="Amdocs Customer" />
<ActInputValue Guid="704c5c3d-7adb-4291-a223-0a7b53a40e5f" Param="WaitTime" ParentGuid="00000000-0000-0000-0000-000000000000" Value="0" />
</InputValues>
</ActSwitchWindow>
</Acts>
</Activity></GingerRepositoryItem>