﻿<?xml version="1.0" encoding="utf-8"?>
<GingerRepositoryItem><Header ItemGuid="9ae20689-ed28-41df-a5cc-792a1a041fea" ItemType="Activity" CreatedBy="christian.poblete" Created="202101111835" GingerVersion="3.6.0.0" Version="1" LastUpdateBy="christian.poblete" LastUpdate="202101111835" />
<Activity ActionRunOption="StopActionsRunOnFailure" Active="True" ActivityName="Update order action attributes" AutomationStatus="Automated" ErrorHandlerMappingType="AllAvailableHandlers" Guid="9ae20689-ed28-41df-a5cc-792a1a041fea" ParentGuid="00000000-0000-0000-0000-000000000000" PercentAutomated="100%" TargetApplication="MyJavaApp">
<Acts>
<ActUIElement Active="True" Description="Select : Reason" EnableRetryMechanism="True" Guid="e0c49c39-4e86-45cb-8265-756a317da5ab" MaxNumberOfRetries="4" ParentGuid="00000000-0000-0000-0000-000000000000" Platform="Java" RetryMechanismInterval="3" StatusConverter="None" TakeScreenShot="True" WaitVE="3" WindowsToCapture="OnlyActiveWindow">
<InputValues>
<ActInputValue Guid="c12fc036-8c92-4de1-9fb9-753da51dbaa6" Param="ElementAction" ParentGuid="00000000-0000-0000-0000-000000000000" Value="Select" />
<ActInputValue Guid="62bd7e84-9750-45ec-8607-fd5fd6c077d8" Param="ElementType" ParentGuid="00000000-0000-0000-0000-000000000000" Value="ComboBox" />
<ActInputValue Guid="bd10c496-17ad-41ad-90ed-8d11c5e88b10" Param="Value" ParentGuid="00000000-0000-0000-0000-000000000000" />
<ActInputValue Guid="787f7124-c6e5-4214-817f-ff58953f9946" Param="ElementLocateBy" ParentGuid="00000000-0000-0000-0000-000000000000" Value="ByXPath" />
<ActInputValue Guid="0fe78f5a-3ce8-4a3f-9857-0d6bcbee6ee5" Param="ElementLocateValue" ParentGuid="00000000-0000-0000-0000-000000000000" Value="/javax.swing.JRootPane[0]/null.layeredPane/null.contentPane/javax.swing.JSplitPane[0]/com.amdocs.uif.workspace.desktop.AppDesktopPane[0]/com.amdocs.oms.phd.order.OrderingFrameworkPHD/javax.swing.JRootPane[0]/null.layeredPane/root/javax.swing.JViewport[0]/root/pnlActivityArea/root/pnlOrderHeader/[[Name:cmbReason][ClassName:com.amdocs.uif.widgets.ComboBoxNative$1]]" />
<ActInputValue Guid="400cfdd4-3ed5-41e5-9aed-06588e4a9928" Param="ValueToSelect" ParentGuid="00000000-0000-0000-0000-000000000000" Value="New Connect" />
<ActInputValue Guid="b3dbf26b-90a6-4b0e-98ff-fc300b9b0224" Param="IsWidgetsElement" ParentGuid="00000000-0000-0000-0000-000000000000" Value="false" />
<ActInputValue Guid="081eef01-d8c2-4317-a651-e9a27b461213" Param="WaitforIdle" ParentGuid="00000000-0000-0000-0000-000000000000" Value="None" />
<ActInputValue Guid="bc7abb4d-1d63-48e7-bf6d-409de769e291" Param="TargetLocateBy" ParentGuid="00000000-0000-0000-0000-000000000000" Value="NA" />
<ActInputValue Guid="b0d92f2d-9372-4351-897e-f93d5ce54dcf" Param="TargetElementType" ParentGuid="00000000-0000-0000-0000-000000000000" Value="Unknown" />
<ActInputValue Guid="c8b7b9f2-5e10-4eb2-937a-8abd5dbb48a7" Param="HandleElementType" ParentGuid="00000000-0000-0000-0000-000000000000" Value="Unknown" />
<ActInputValue Guid="af69251b-e3b8-4c97-979b-07df0858e8d5" Param="HandleActionType" ParentGuid="00000000-0000-0000-0000-000000000000" Value="Unknown" />
</InputValues>
</ActUIElement>
<ActUIElement Active="True" Description="Click : Next" EnableRetryMechanism="True" Guid="3c8dc1c3-fd1e-4770-a357-29f218ed327c" MaxNumberOfRetries="2" ParentGuid="00000000-0000-0000-0000-000000000000" Platform="Java" RetryMechanismInterval="5" StatusConverter="None" TakeScreenShot="True" WaitVE="0" WindowsToCapture="OnlyActiveWindow">
<InputValues>
<ActInputValue Guid="e3039c06-1214-4b96-ac3c-90b86850f0cc" Param="ElementAction" ParentGuid="00000000-0000-0000-0000-000000000000" Value="Click" />
<ActInputValue Guid="7674380d-d57b-45f1-9d22-30738eb23d7d" Param="ElementType" ParentGuid="00000000-0000-0000-0000-000000000000" Value="Button" />
<ActInputValue Guid="7a5c25c0-05d1-480d-98af-7c22237fcd23" Param="Value" ParentGuid="00000000-0000-0000-0000-000000000000" />
<ActInputValue Guid="eaccd811-08bc-4091-9abd-3e97f9fd0509" Param="ElementLocateBy" ParentGuid="00000000-0000-0000-0000-000000000000" Value="ByXPath" />
<ActInputValue Guid="030386ec-0335-448b-bc58-69f459f4a6f9" Param="ElementLocateValue" ParentGuid="00000000-0000-0000-0000-000000000000" Value="/javax.swing.JRootPane[0]/null.layeredPane/null.contentPane/javax.swing.JSplitPane[0]/com.amdocs.uif.workspace.desktop.AppDesktopPane[0]/com.amdocs.oms.phd.order.OrderingFrameworkPHD/javax.swing.JRootPane[0]/null.layeredPane/root/javax.swing.JViewport[0]/root/pnlNavigationButtons/[[Name:btnNextStep][ClassName:com.amdocs.uif.widgets.ButtonNative$JXButton]]" />
<ActInputValue Guid="de7fed4a-2545-4784-9667-822c203cb0e0" Param="ValueToSelect" ParentGuid="00000000-0000-0000-0000-000000000000" />
<ActInputValue Guid="b628c599-37ff-4e2b-a376-8784fc9b5cc2" Param="IsWidgetsElement" ParentGuid="00000000-0000-0000-0000-000000000000" Value="false" />
<ActInputValue Guid="980b936f-55bf-4218-a6e6-f875d8e0d8e8" Param="WaitforIdle" ParentGuid="00000000-0000-0000-0000-000000000000" Value="Medium" />
<ActInputValue Guid="c90577cd-12fa-4c7c-8e61-c8125c347885" Param="TargetLocateBy" ParentGuid="00000000-0000-0000-0000-000000000000" Value="NA" />
<ActInputValue Guid="80004fb4-81ad-46a3-9cac-e07b5cd56105" Param="TargetElementType" ParentGuid="00000000-0000-0000-0000-000000000000" Value="Unknown" />
<ActInputValue Guid="39c06fbd-4183-4fa1-9aa6-19f1f10f1ba0" Param="HandleElementType" ParentGuid="00000000-0000-0000-0000-000000000000" Value="Unknown" />
<ActInputValue Guid="e85a0689-8583-4035-b134-9db2095f2083" Param="HandleActionType" ParentGuid="00000000-0000-0000-0000-000000000000" Value="Unknown" />
</InputValues>
</ActUIElement>
</Acts>
</Activity></GingerRepositoryItem>