﻿<?xml version="1.0" encoding="utf-8"?>
<GingerRepositoryItem><Header ItemGuid="ddd72b42-fd13-48fd-9f4c-af9de3237498" ItemType="ActivitiesGroup" CreatedBy="christian.poblete" Created="202102191452" GingerVersion="3.6.0.0" Version="1" LastUpdateBy="christian.poblete" LastUpdate="202102191452" />
<ActivitiesGroup Guid="ddd72b42-fd13-48fd-9f4c-af9de3237498" Name="CHQ - Start Change order with yesterday date" ParentGuid="00000000-0000-0000-0000-000000000000">
<ActivitiesIdentifiers>
<ActivityIdentifiers ActivityAutomationStatus="Automated" ActivityGuid="4c714fc6-2c4b-4057-a375-8e784948e968" ActivityName="CHQ - Start Change order" Guid="e46f0822-f4db-4365-bb33-8531a2b91a39" ParentGuid="00000000-0000-0000-0000-000000000000" />
<ActivityIdentifiers ActivityAutomationStatus="Automated" ActivityDescription="Select yesterday dates from calendar and click next." ActivityGuid="82be922f-72c9-42a3-ad6a-df96d03c596b" ActivityName="CHQ - Set yesterday date on UOAA" Guid="e75e74ba-448e-4195-87f8-27ed14acd9b0" ParentGuid="00000000-0000-0000-0000-000000000000" />
<ActivityIdentifiers ActivityAutomationStatus="Automated" ActivityDescription="Select yesterday dates from calendar and click next." ActivityGuid="97f288f4-b3f9-48e0-aae2-1a7f06fb0fb1" ActivityName="CHQ - Set yesterday date on UOAA_Copy" Guid="e87b2517-99c8-4667-9715-9becdc85b86f" ParentGuid="00000000-0000-0000-0000-000000000000" />
</ActivitiesIdentifiers>
</ActivitiesGroup></GingerRepositoryItem>