﻿<?xml version="1.0" encoding="utf-8"?>
<GingerRepositoryItem><Header ItemGuid="801b04ac-16fb-4f25-b53b-80b05dc8de55" ItemType="ActivitiesGroup" CreatedBy="christian.poblete" Created="202102121916" GingerVersion="3.6.0.0" Version="1" LastUpdateBy="christian.poblete" LastUpdate="202102121916" />
<ActivitiesGroup Guid="801b04ac-16fb-4f25-b53b-80b05dc8de55" Name="CHQ - Change Ownership - Start Change Ownership order" ParentGuid="00000000-0000-0000-0000-000000000000">
<ActivitiesIdentifiers>
<ActivityIdentifiers ActivityAutomationStatus="Development" ActivityGuid="613b77d3-c347-4b03-a90a-d816467cc554" ActivityName="CHQ - Change Ownership - Select Menu change ownership" Guid="bdc9db0a-80a9-4386-b14c-ed3f5066fbee" ParentGuid="00000000-0000-0000-0000-000000000000" />
<ActivityIdentifiers ActivityAutomationStatus="Development" ActivityGuid="8081817a-14d6-402a-a726-08530fd189da" ActivityName="CHQ - Change Ownership - Identify customer" Guid="5ce3c203-2d95-4e9e-abc9-5eb1d38730f1" ParentGuid="00000000-0000-0000-0000-000000000000" />
<ActivityIdentifiers ActivityAutomationStatus="Development" ActivityGuid="9930fa1a-a220-49ba-b7d7-16d779c51688" ActivityName="CHQ - Change Ownership - Select service to change" Guid="1ebe0436-d041-4153-a83b-2775a3e14971" ParentGuid="00000000-0000-0000-0000-000000000000" />
<ActivityIdentifiers ActivityAutomationStatus="Development" ActivityGuid="93855952-7e6e-4b43-a820-673f095592b1" ActivityName="CHQ - Change Ownership - UOAA set reason and continue" Guid="225215e0-8202-4bd6-b1da-73eb0c5e3df4" ParentGuid="00000000-0000-0000-0000-000000000000" />
</ActivitiesIdentifiers>
</ActivitiesGroup></GingerRepositoryItem>