﻿<?xml version="1.0" encoding="utf-8"?>
<GingerRepositoryItem><Header ItemGuid="ddd72b42-fd13-48fd-9f4c-af9de3237498" ItemType="ActivitiesGroup" CreatedBy="christian.poblete" Created="202101191856" GingerVersion="3.6.0.0" Version="1" LastUpdateBy="christian.poblete" LastUpdate="202101191856" />
<ActivitiesGroup Guid="ddd72b42-fd13-48fd-9f4c-af9de3237498" Name="CHQ - Start Change order with yesterday date" ParentGuid="00000000-0000-0000-0000-000000000000">
<ActivitiesIdentifiers>
<ActivityIdentifiers ActivityAutomationStatus="Development" ActivityGuid="4c714fc6-2c4b-4057-a375-8e784948e968" ActivityName="CHQ - Start Change order" Guid="30a89763-7e1e-49f7-b7b8-1071080a7ca2" ParentGuid="00000000-0000-0000-0000-000000000000" />
<ActivityIdentifiers ActivityAutomationStatus="Automated" ActivityDescription="Select yesterday dates from calendar and click next." ActivityGuid="82be922f-72c9-42a3-ad6a-df96d03c596b" ActivityName="CHQ - Set yesterday date on UOAA" Guid="7885cfea-cae5-4097-9b29-0a403860aa16" ParentGuid="00000000-0000-0000-0000-000000000000" />
<ActivityIdentifiers ActivityAutomationStatus="Automated" ActivityDescription="Select yesterday dates from calendar and click next." ActivityGuid="97f288f4-b3f9-48e0-aae2-1a7f06fb0fb1" ActivityName="CHQ - Set yesterday date on UOAA_Copy" Guid="6022c501-c534-40f3-be2e-bac668b4caf2" ParentGuid="00000000-0000-0000-0000-000000000000" />
</ActivitiesIdentifiers>
</ActivitiesGroup></GingerRepositoryItem>