﻿<?xml version="1.0" encoding="utf-8"?>
<GingerRepositoryItem><Header ItemGuid="9048d340-95d9-4361-aba9-611590004014" ItemType="ActivitiesGroup" CreatedBy="christian.poblete" Created="202102241535" GingerVersion="3.6.0.0" Version="1" LastUpdateBy="christian.poblete" LastUpdate="202102241535" />
<ActivitiesGroup Guid="9048d340-95d9-4361-aba9-611590004014" Name="Create site" ParentGuid="00000000-0000-0000-0000-000000000000">
<ActivitiesIdentifiers>
<ActivityIdentifiers ActivityAutomationStatus="Automated" ActivityGuid="01f09d5f-662b-4a3e-80fd-e4040916e1fb" ActivityName="Open Site screen" Guid="bc027328-53a3-4b8c-a4ec-05d2c50eb0cb" ParentGuid="00000000-0000-0000-0000-000000000000" />
<ActivityIdentifiers ActivityAutomationStatus="Automated" ActivityGuid="d51edc32-9f50-4058-8abb-75ad06964b29" ActivityName="Set Site name and select address" Guid="2abdc31b-2b15-451f-8695-064f5987cf39" ParentGuid="00000000-0000-0000-0000-000000000000" />
<ActivityIdentifiers ActivityAutomationStatus="Automated" ActivityGuid="c9805524-f551-4ef2-b181-a155585cf89d" ActivityName="Select Dealer and Save" Guid="860c388d-68a0-4a57-80b5-282d6707ce59" ParentGuid="00000000-0000-0000-0000-000000000000" />
</ActivitiesIdentifiers>
</ActivitiesGroup></GingerRepositoryItem>