﻿<?xml version="1.0" encoding="utf-8"?>
<GingerRepositoryItem><Header ItemGuid="32f34551-9f80-4c27-b4a6-79c94a8570fd" ItemType="ActivitiesGroup" CreatedBy="christian.poblete" Created="202101121544" GingerVersion="3.6.0.0" Version="1" LastUpdateBy="christian.poblete" LastUpdate="202101121544" />
<ActivitiesGroup Guid="32f34551-9f80-4c27-b4a6-79c94a8570fd" Name="Create Customer" ParentGuid="00000000-0000-0000-0000-000000000000">
<ActivitiesIdentifiers>
<ActivityIdentifiers ActivityAutomationStatus="Automated" ActivityGuid="b7aa0d4a-3cdf-4ebd-9830-9ed55a07e768" ActivityName="Open create customer screen and fill basic data" Guid="16e76d22-68f8-4775-a3cd-7bcd25bcc891" ParentGuid="00000000-0000-0000-0000-000000000000" />
<ActivityIdentifiers ActivityAutomationStatus="Automated" ActivityGuid="7833292d-2e92-4208-a927-db67af1ddf8c" ActivityName="Create Address" Guid="066a639c-a6f6-4dc8-b421-dd78b9f58cd0" ParentGuid="00000000-0000-0000-0000-000000000000" />
<ActivityIdentifiers ActivityAutomationStatus="Automated" ActivityGuid="d72d17b4-7fb6-4b7e-9d07-0f0e488b9a81" ActivityName="Save customer" Guid="e9b8c94b-691a-4df2-8d88-c92b063af430" ParentGuid="00000000-0000-0000-0000-000000000000" />
<ActivityIdentifiers ActivityAutomationStatus="Automated" ActivityGuid="f85688c9-7272-4e2d-948a-f1a7ee9fcbac" ActivityName="Create Billing profile" Guid="c1993d34-10cc-4a00-a9eb-077cbbcb5bf4" ParentGuid="00000000-0000-0000-0000-000000000000" />
</ActivitiesIdentifiers>
</ActivitiesGroup></GingerRepositoryItem>