﻿<?xml version="1.0" encoding="utf-8"?>
<GingerRepositoryItem><Header ItemGuid="9048d340-95d9-4361-aba9-611590004014" ItemType="ActivitiesGroup" CreatedBy="christian.poblete" Created="202101151828" GingerVersion="3.6.0.0" Version="1" LastUpdateBy="christian.poblete" LastUpdate="202101151828" />
<ActivitiesGroup Guid="9048d340-95d9-4361-aba9-611590004014" Name="Create site" ParentGuid="00000000-0000-0000-0000-000000000000">
<ActivitiesIdentifiers>
<ActivityIdentifiers ActivityAutomationStatus="Automated" ActivityGuid="01f09d5f-662b-4a3e-80fd-e4040916e1fb" ActivityName="Open Site screen" Guid="ceb8c037-b5f1-41f7-a683-0b6827372f05" ParentGuid="00000000-0000-0000-0000-000000000000" />
<ActivityIdentifiers ActivityAutomationStatus="Automated" ActivityGuid="d51edc32-9f50-4058-8abb-75ad06964b29" ActivityName="Set Site name and select address" Guid="ee45a02a-359f-4825-a01f-0f0d2f48f4c7" ParentGuid="00000000-0000-0000-0000-000000000000" />
<ActivityIdentifiers ActivityAutomationStatus="Automated" ActivityGuid="c9805524-f551-4ef2-b181-a155585cf89d" ActivityName="Select Dealer and Save" Guid="67e711e0-ce2a-4702-b528-30b581878848" ParentGuid="00000000-0000-0000-0000-000000000000" />
</ActivitiesIdentifiers>
</ActivitiesGroup></GingerRepositoryItem>