﻿<?xml version="1.0" encoding="utf-8"?>
<GingerRepositoryItem><Header ItemGuid="32f34551-9f80-4c27-b4a6-79c94a8570fd" ItemType="ActivitiesGroup" CreatedBy="christian.poblete" Created="202101151831" GingerVersion="3.6.0.0" Version="1" LastUpdateBy="christian.poblete" LastUpdate="202101151831" />
<ActivitiesGroup Guid="32f34551-9f80-4c27-b4a6-79c94a8570fd" Name="Create Customer" ParentGuid="00000000-0000-0000-0000-000000000000">
<ActivitiesIdentifiers>
<ActivityIdentifiers ActivityAutomationStatus="Automated" ActivityGuid="b7aa0d4a-3cdf-4ebd-9830-9ed55a07e768" ActivityName="Open create customer screen and fill basic data" Guid="5f9aa317-649f-4b08-a205-b6540e931fd4" ParentGuid="00000000-0000-0000-0000-000000000000" />
<ActivityIdentifiers ActivityAutomationStatus="Automated" ActivityGuid="7833292d-2e92-4208-a927-db67af1ddf8c" ActivityName="Create Address" Guid="15642acb-2af2-4974-a22f-2960ea38d5da" ParentGuid="00000000-0000-0000-0000-000000000000" />
<ActivityIdentifiers ActivityAutomationStatus="Automated" ActivityGuid="d72d17b4-7fb6-4b7e-9d07-0f0e488b9a81" ActivityName="Save customer" Guid="22815dbb-47de-4c1a-9e1a-7eb3d8fed19b" ParentGuid="00000000-0000-0000-0000-000000000000" />
<ActivityIdentifiers ActivityAutomationStatus="Automated" ActivityGuid="f85688c9-7272-4e2d-948a-f1a7ee9fcbac" ActivityName="Create Billing profile" Guid="7876e227-bcc1-4509-a3b7-79b65958f79e" ParentGuid="00000000-0000-0000-0000-000000000000" />
</ActivitiesIdentifiers>
</ActivitiesGroup></GingerRepositoryItem>