﻿<?xml version="1.0" encoding="utf-8"?>
<GingerRepositoryItem><Header ItemGuid="9048d340-95d9-4361-aba9-611590004014" ItemType="ActivitiesGroup" CreatedBy="christian.poblete" Created="202101121550" GingerVersion="3.6.0.0" Version="1" LastUpdateBy="christian.poblete" LastUpdate="202101121550" />
<ActivitiesGroup Guid="9048d340-95d9-4361-aba9-611590004014" Name="Create site" ParentGuid="00000000-0000-0000-0000-000000000000">
<ActivitiesIdentifiers>
<ActivityIdentifiers ActivityAutomationStatus="Automated" ActivityGuid="01f09d5f-662b-4a3e-80fd-e4040916e1fb" ActivityName="Open Site screen" Guid="a775bf4f-e952-4a09-8ef5-6fc8c141ecd2" ParentGuid="00000000-0000-0000-0000-000000000000" />
<ActivityIdentifiers ActivityAutomationStatus="Automated" ActivityGuid="d51edc32-9f50-4058-8abb-75ad06964b29" ActivityName="Set Site name and select address" Guid="ffc846d3-1baa-4b1e-aea4-90a0cae6e2ba" ParentGuid="00000000-0000-0000-0000-000000000000" />
<ActivityIdentifiers ActivityAutomationStatus="Automated" ActivityGuid="c9805524-f551-4ef2-b181-a155585cf89d" ActivityName="Select Dealer and Save" Guid="081600f7-b811-4b53-9236-962daa1b2c80" ParentGuid="00000000-0000-0000-0000-000000000000" />
</ActivitiesIdentifiers>
</ActivitiesGroup></GingerRepositoryItem>