﻿<?xml version="1.0" encoding="utf-8"?>
<GingerRepositoryItem><Header ItemGuid="32f34551-9f80-4c27-b4a6-79c94a8570fd" ItemType="ActivitiesGroup" CreatedBy="christian.poblete" Created="202102171934" GingerVersion="3.6.0.0" Version="1" LastUpdateBy="christian.poblete" LastUpdate="202102171934" />
<ActivitiesGroup Guid="32f34551-9f80-4c27-b4a6-79c94a8570fd" Name="Create Customer" ParentGuid="00000000-0000-0000-0000-000000000000">
<ActivitiesIdentifiers>
<ActivityIdentifiers ActivityAutomationStatus="Automated" ActivityGuid="b7aa0d4a-3cdf-4ebd-9830-9ed55a07e768" ActivityName="Open create customer screen and fill basic data" Guid="4e382498-0a5d-4780-984a-817190ff4f65" ParentGuid="00000000-0000-0000-0000-000000000000" />
<ActivityIdentifiers ActivityAutomationStatus="Automated" ActivityGuid="7833292d-2e92-4208-a927-db67af1ddf8c" ActivityName="Create Address" Guid="294d19b6-4ecf-4983-a1a0-93f0bbf01d9f" ParentGuid="00000000-0000-0000-0000-000000000000" />
<ActivityIdentifiers ActivityAutomationStatus="Automated" ActivityGuid="d72d17b4-7fb6-4b7e-9d07-0f0e488b9a81" ActivityName="Save customer" Guid="f6f53971-9a35-4ab6-aa07-3d8e7092bb36" ParentGuid="00000000-0000-0000-0000-000000000000" />
<ActivityIdentifiers ActivityAutomationStatus="Automated" ActivityGuid="f85688c9-7272-4e2d-948a-f1a7ee9fcbac" ActivityName="Create Billing profile" Guid="688d5fe5-e15b-48a2-8f01-902064f6c3e7" ParentGuid="00000000-0000-0000-0000-000000000000" />
</ActivitiesIdentifiers>
</ActivitiesGroup></GingerRepositoryItem>