﻿<?xml version="1.0" encoding="utf-8"?>
<GingerRepositoryItem><Header ItemGuid="0c20db6a-f6fb-46c9-85bf-e577d902712b" ItemType="ActivitiesGroup" CreatedBy="christian.poblete" Created="202101121828" GingerVersion="3.6.0.0" Version="1" LastUpdateBy="christian.poblete" LastUpdate="202101121828" />
<ActivitiesGroup Guid="0c20db6a-f6fb-46c9-85bf-e577d902712b" Name="CRM login" ParentGuid="00000000-0000-0000-0000-000000000000">
<ActivitiesIdentifiers>
<ActivityIdentifiers ActivityAutomationStatus="Development" ActivityGuid="772d58bc-60ca-44ea-88a6-74fcdcf1dc40" ActivityName="Load CRM login data" Guid="4aaab8cb-f4e5-43f9-8400-e573e1898b32" ParentGuid="00000000-0000-0000-0000-000000000000" />
<ActivityIdentifiers ActivityAutomationStatus="Automated" ActivityGuid="a82339f6-9c2f-46b5-b0d6-cdfb9956bd4f" ActivityName="Launch CRM" Guid="59cd183c-8737-4f6c-8daa-9002d0a61621" ParentGuid="00000000-0000-0000-0000-000000000000" />
<ActivityIdentifiers ActivityAutomationStatus="Automated" ActivityGuid="ab6a81d3-ed94-46f6-9275-39ef5d1a64a6" ActivityName="CRM Login" Guid="b6ab5de5-df45-4700-b89e-b73a7f572ef3" ParentGuid="00000000-0000-0000-0000-000000000000" />
</ActivitiesIdentifiers>
</ActivitiesGroup></GingerRepositoryItem>