﻿<?xml version="1.0" encoding="utf-8"?>
<GingerRepositoryItem><Header ItemGuid="0c20db6a-f6fb-46c9-85bf-e577d902712b" ItemType="ActivitiesGroup" CreatedBy="christian.poblete" Created="202102031930" GingerVersion="3.6.0.0" Version="1" LastUpdateBy="christian.poblete" LastUpdate="202102031930" />
<ActivitiesGroup Guid="0c20db6a-f6fb-46c9-85bf-e577d902712b" Name="CRM login" ParentGuid="00000000-0000-0000-0000-000000000000">
<ActivitiesIdentifiers>
<ActivityIdentifiers ActivityAutomationStatus="Development" ActivityGuid="772d58bc-60ca-44ea-88a6-74fcdcf1dc40" ActivityName="Load CRM login data" Guid="ad43f440-43f9-480d-826b-cf2db6512bd2" ParentGuid="00000000-0000-0000-0000-000000000000" />
<ActivityIdentifiers ActivityAutomationStatus="Automated" ActivityGuid="a82339f6-9c2f-46b5-b0d6-cdfb9956bd4f" ActivityName="Launch CRM" Guid="f0df4d2e-0250-4eac-a170-b20fd5210e99" ParentGuid="00000000-0000-0000-0000-000000000000" />
<ActivityIdentifiers ActivityAutomationStatus="Automated" ActivityGuid="ab6a81d3-ed94-46f6-9275-39ef5d1a64a6" ActivityName="CRM Login" Guid="4c1801b1-7e89-436d-85ed-d700029e31fd" ParentGuid="00000000-0000-0000-0000-000000000000" />
<ActivityIdentifiers ActivityAutomationStatus="Automated" ActivityGuid="6d3115c8-d12c-4919-8cbf-a9acbe94be8d" ActivityName="Click maximize" Guid="34ed270c-abbf-4785-a37c-5a52f000a981" ParentGuid="00000000-0000-0000-0000-000000000000" />
<ActivityIdentifiers ActivityAutomationStatus="Development" ActivityGuid="557129cf-43ba-42b4-ba01-0c8c74e5b698" ActivityName="Switch CRM Window" Guid="6bd8c14f-468f-4f77-bfdf-a172d54a30b1" ParentGuid="00000000-0000-0000-0000-000000000000" />
</ActivitiesIdentifiers>
</ActivitiesGroup></GingerRepositoryItem>