﻿<?xml version="1.0" encoding="utf-8"?>
<GingerRepositoryItem><Header ItemGuid="0c20db6a-f6fb-46c9-85bf-e577d902712b" ItemType="ActivitiesGroup" CreatedBy="christian.poblete" Created="202101151840" GingerVersion="3.6.0.0" Version="1" LastUpdateBy="christian.poblete" LastUpdate="202101151840" />
<ActivitiesGroup Guid="0c20db6a-f6fb-46c9-85bf-e577d902712b" Name="CRM login" ParentGuid="00000000-0000-0000-0000-000000000000">
<ActivitiesIdentifiers>
<ActivityIdentifiers ActivityAutomationStatus="Development" ActivityGuid="772d58bc-60ca-44ea-88a6-74fcdcf1dc40" ActivityName="Load CRM login data" Guid="e7302305-8432-4cda-8eef-4e9bed6cc267" ParentGuid="00000000-0000-0000-0000-000000000000" />
<ActivityIdentifiers ActivityAutomationStatus="Automated" ActivityGuid="a82339f6-9c2f-46b5-b0d6-cdfb9956bd4f" ActivityName="Launch CRM" Guid="40210094-2161-44d6-97da-218b6450aa01" ParentGuid="00000000-0000-0000-0000-000000000000" />
<ActivityIdentifiers ActivityAutomationStatus="Automated" ActivityGuid="ab6a81d3-ed94-46f6-9275-39ef5d1a64a6" ActivityName="CRM Login" Guid="27ed67f3-31d5-443f-8164-17a618fadc84" ParentGuid="00000000-0000-0000-0000-000000000000" />
</ActivitiesIdentifiers>
</ActivitiesGroup></GingerRepositoryItem>