﻿<?xml version="1.0" encoding="utf-8"?>
<GingerRepositoryItem><Header ItemGuid="0753270a-45d6-427a-92f0-1b34c274d92f" ItemType="BusinessFlow" CreatedBy="christian.poblete" Created="202101081550" GingerVersion="3.6.0.0" Version="7" LastUpdateBy="christian.poblete" LastUpdate="202101151534" />
<BusinessFlow Guid="0753270a-45d6-427a-92f0-1b34c274d92f" Name="Negotiate charge distribution" ParentGuid="00000000-0000-0000-0000-000000000000" Source="Ginger" Status="Unknown">
<Activities>
<Activity ActionRunOption="StopActionsRunOnFailure" Active="True" ActivitiesGroupID="Negotiate charge distribution" ActivityName="Negotiate charge distribution screen" AutomationStatus="Automated" ErrorHandlerMappingType="AllAvailableHandlers" Guid="bf7bd790-fb16-4387-b550-51dd148d26fa" ParentGuid="00000000-0000-0000-0000-000000000000" PercentAutomated="100%" TargetApplication="MyJavaApp">
<Acts>
<ActUIElement Active="True" Description="Click : Next from NCP to NCD screen" Guid="8b0099f8-3a75-4192-98a3-e14f294ce36d" MaxNumberOfRetries="2" ParentGuid="00000000-0000-0000-0000-000000000000" Platform="Java" RetryMechanismInterval="5" StatusConverter="None" TakeScreenShot="True" WaitVE="0" WindowsToCapture="OnlyActiveWindow">
<InputValues>
<ActInputValue Guid="96eed831-5425-4527-b9da-760ab489ad5d" Param="ElementAction" ParentGuid="00000000-0000-0000-0000-000000000000" Value="Click" />
<ActInputValue Guid="73f7dc4a-6b50-40fb-8545-db5886925690" Param="ElementType" ParentGuid="00000000-0000-0000-0000-000000000000" Value="Button" />
<ActInputValue Guid="de496f25-76b9-4762-9e80-77ec28559e51" Param="Value" ParentGuid="00000000-0000-0000-0000-000000000000" />
<ActInputValue Guid="c82747ba-c590-47b8-9fb8-45d2e43215f4" Param="ElementLocateBy" ParentGuid="00000000-0000-0000-0000-000000000000" Value="ByXPath" />
<ActInputValue Guid="28049fb7-c136-497c-af38-1f89330adfc2" Param="ElementLocateValue" ParentGuid="00000000-0000-0000-0000-000000000000" Value="/javax.swing.JRootPane[0]/null.layeredPane/null.contentPane/javax.swing.JSplitPane[0]/com.amdocs.uif.workspace.desktop.AppDesktopPane[0]/com.amdocs.oms.phd.order.OrderingFrameworkPHD/javax.swing.JRootPane[0]/null.layeredPane/root/javax.swing.JViewport[0]/root/pnlNavigationButtons/[[Name:btnNextStep][ClassName:com.amdocs.uif.widgets.ButtonNative$JXButton]]" />
<ActInputValue Guid="823ddbdf-a665-4cfe-83d9-e388f0ca91aa" Param="ValueToSelect" ParentGuid="00000000-0000-0000-0000-000000000000" />
<ActInputValue Guid="c66c97dd-39e3-44c3-a767-c17e57b90084" Param="IsWidgetsElement" ParentGuid="00000000-0000-0000-0000-000000000000" Value="false" />
<ActInputValue Guid="538ea3ef-7c67-4af0-951e-588b97f393c3" Param="WaitforIdle" ParentGuid="00000000-0000-0000-0000-000000000000" Value="Medium" />
<ActInputValue Guid="0a256536-8ce6-4188-bd5a-11edbd05df6f" Param="TargetLocateBy" ParentGuid="00000000-0000-0000-0000-000000000000" Value="NA" />
<ActInputValue Guid="93ea2682-bcaf-4998-a4d5-886470b87c77" Param="TargetElementType" ParentGuid="00000000-0000-0000-0000-000000000000" Value="Unknown" />
<ActInputValue Guid="9581eac4-d306-455d-986b-cd9ee15dce78" Param="HandleElementType" ParentGuid="00000000-0000-0000-0000-000000000000" Value="Unknown" />
<ActInputValue Guid="8fe00735-a7a0-40f0-af8d-ef3d4d9b9af4" Param="HandleActionType" ParentGuid="00000000-0000-0000-0000-000000000000" Value="Unknown" />
</InputValues>
</ActUIElement>
<ActUIElement Active="True" Description="Click : Next to order summary" Guid="0c107dc7-8d41-40de-b238-142b486c3632" MaxNumberOfRetries="2" ParentGuid="00000000-0000-0000-0000-000000000000" Platform="Java" RetryMechanismInterval="5" StatusConverter="None" TakeScreenShot="True" WaitVE="0" WindowsToCapture="OnlyActiveWindow">
<InputValues>
<ActInputValue Guid="a325a489-0d55-4244-b0f9-1683af2d0c65" Param="ElementAction" ParentGuid="00000000-0000-0000-0000-000000000000" Value="Click" />
<ActInputValue Guid="57a095a8-0eaf-4e06-9e45-e38692f01689" Param="ElementType" ParentGuid="00000000-0000-0000-0000-000000000000" Value="Button" />
<ActInputValue Guid="25961981-af26-4b8c-83c1-127a369b8028" Param="Value" ParentGuid="00000000-0000-0000-0000-000000000000" />
<ActInputValue Guid="909be37e-5410-497d-a36d-4c1c844cadb9" Param="ElementLocateBy" ParentGuid="00000000-0000-0000-0000-000000000000" Value="ByXPath" />
<ActInputValue Guid="6a6265e1-c420-4109-a956-f71f8e89a2f6" Param="ElementLocateValue" ParentGuid="00000000-0000-0000-0000-000000000000" Value="/javax.swing.JRootPane[0]/null.layeredPane/null.contentPane/javax.swing.JSplitPane[0]/com.amdocs.uif.workspace.desktop.AppDesktopPane[0]/com.amdocs.oms.phd.order.OrderingFrameworkPHD/javax.swing.JRootPane[0]/null.layeredPane/root/javax.swing.JViewport[0]/root/pnlNavigationButtons/[[Name:btnNextStep][ClassName:com.amdocs.uif.widgets.ButtonNative$JXButton]]" />
<ActInputValue Guid="c91b6da6-9c78-4252-8dd2-a3a93555f465" Param="ValueToSelect" ParentGuid="00000000-0000-0000-0000-000000000000" />
<ActInputValue Guid="96a11a5c-76f7-4a8d-b1ba-cc9cc1878f54" Param="IsWidgetsElement" ParentGuid="00000000-0000-0000-0000-000000000000" Value="false" />
<ActInputValue Guid="f0e5321b-7a3e-4240-af49-1cd9228cbb3f" Param="WaitforIdle" ParentGuid="00000000-0000-0000-0000-000000000000" Value="Medium" />
<ActInputValue Guid="829092d1-297a-48cf-af1b-13e19fdd591d" Param="TargetLocateBy" ParentGuid="00000000-0000-0000-0000-000000000000" Value="NA" />
<ActInputValue Guid="93d2c80c-67e1-4dc3-958f-c251c1d4aa53" Param="TargetElementType" ParentGuid="00000000-0000-0000-0000-000000000000" Value="Unknown" />
<ActInputValue Guid="bca0b91b-ba9e-4eb5-aead-2b204ad1a2bf" Param="HandleElementType" ParentGuid="00000000-0000-0000-0000-000000000000" Value="Unknown" />
<ActInputValue Guid="b137fcaa-4b5b-4cf1-ba72-dd3758ec8045" Param="HandleActionType" ParentGuid="00000000-0000-0000-0000-000000000000" Value="Unknown" />
</InputValues>
</ActUIElement>
</Acts>
</Activity>
</Activities>

<ActivitiesGroups>
<ActivitiesGroup Guid="a3388468-6e13-4b77-85f1-f619322d1fe7" Name="Negotiate charge distribution" ParentGuid="00000000-0000-0000-0000-000000000000">
<ActivitiesIdentifiers>
<ActivityIdentifiers ActivityAutomationStatus="Automated" ActivityGuid="bf7bd790-fb16-4387-b550-51dd148d26fa" ActivityName="Negotiate charge distribution screen" Guid="a47b4fb0-af8d-4834-acd4-c08c42338678" ParentGuid="00000000-0000-0000-0000-000000000000" />
</ActivitiesIdentifiers>
</ActivitiesGroup>
</ActivitiesGroups>

<TargetApplications>
<TargetApplication AppName="MyJavaApp" Guid="56013465-e405-4eaa-9f77-460db2cac217" ParentGuid="00000000-0000-0000-0000-000000000000" />
<TargetApplication AppName="Mediation" Guid="d0971254-fcff-4726-8c4f-4aa22e98565f" ParentGuid="00000000-0000-0000-0000-000000000000" />
<TargetApplication AppName="MyWindowsApp" Guid="43ce48e8-d858-44cf-a48c-7984b2fedd49" ParentGuid="00000000-0000-0000-0000-000000000000" />
</TargetApplications>
</BusinessFlow></GingerRepositoryItem>