﻿<?xml version="1.0" encoding="utf-8"?>
<GingerRepositoryItem><Header ItemGuid="823c3145-fae2-4128-b3de-120bf88ec873" ItemType="BusinessFlow" CreatedBy="christian.poblete" Created="202102031556" GingerVersion="3.6.0.0" Version="1" LastUpdateBy="christian.poblete" LastUpdate="202102031556" />
<BusinessFlow Guid="823c3145-fae2-4128-b3de-120bf88ec873" Name="MCO - Templates - Tenant Change" ParentGuid="00000000-0000-0000-0000-000000000000" Source="Ginger" Status="Unknown">
<Activities>
<Activity ActionRunOption="StopActionsRunOnFailure" Active="True" ActivitiesGroupID="MCO - Templates - Tenant Change" ActivityName="MCO - Templates - Tenant Change" AutomationStatus="Development" ErrorHandlerMappingType="AllAvailableHandlers" Guid="26ffae3d-8fab-44d2-8a4c-be78c074fb90" ParentGuid="00000000-0000-0000-0000-000000000000" PercentAutomated="100%" TargetApplication="MyWebApp">
<Acts>
<ActGenElement Active="True" Description="Click  Webelement Execute Now" GenElementAction="Click" Guid="a1e577b0-3f10-4ceb-95a7-8ed999bbb1d5" MaxNumberOfRetries="2" ParentGuid="00000000-0000-0000-0000-000000000000" Platform="NA" RetryMechanismInterval="5" StatusConverter="None" WindowsToCapture="OnlyActiveWindow">
<InputValues>
<ActInputValue Guid="18cc4dbb-577b-446a-91ce-2d60a2a12778" Param="LocateBy" ParentGuid="00000000-0000-0000-0000-000000000000" Value="ByLinkText" />
<ActInputValue Guid="c4f5605d-e3ef-493f-9c61-0700ef93889b" Param="LocateValue" ParentGuid="00000000-0000-0000-0000-000000000000" Value="Execute Now" />
</InputValues>
</ActGenElement>
<ActGenElement Active="True" Description="Click //DIV[@id='gwt-debug-DisplayPanel.header']/DIV" GenElementAction="Click" Guid="93f13ecb-36a0-4b23-aecb-d5af7121c623" MaxNumberOfRetries="2" ParentGuid="00000000-0000-0000-0000-000000000000" Platform="NA" RetryMechanismInterval="5" StatusConverter="None" WindowsToCapture="OnlyActiveWindow">
<InputValues>
<ActInputValue Guid="214358a8-9787-4d5b-8d55-c7fcddc3dbbd" Param="LocateBy" ParentGuid="00000000-0000-0000-0000-000000000000" Value="ByXPath" />
<ActInputValue Guid="d3bfc157-2d3d-478f-83a4-e9ff5677dec8" Param="LocateValue" ParentGuid="00000000-0000-0000-0000-000000000000" Value="//DIV[@id='gwt-debug-DisplayPanel.header']/DIV" />
</InputValues>
</ActGenElement>
</Acts>
</Activity>
</Activities>

<ActivitiesGroups>
<ActivitiesGroup Guid="276da161-7a2f-412c-90d7-5f0fe81dda5e" Name="MCO - Templates - Tenant Change" ParentGuid="00000000-0000-0000-0000-000000000000">
<ActivitiesIdentifiers>
<ActivityIdentifiers ActivityAutomationStatus="Development" ActivityGuid="26ffae3d-8fab-44d2-8a4c-be78c074fb90" ActivityName="MCO - Templates - Tenant Change" Guid="b3253cf9-0a0a-4c14-a690-e2140774a789" ParentGuid="00000000-0000-0000-0000-000000000000" />
</ActivitiesIdentifiers>
</ActivitiesGroup>
</ActivitiesGroups>

<TargetApplications>
<TargetApplication AppName="MyWebApp" Guid="4c1ec9ec-ded2-4dc3-9ed6-472e77930fb4" ParentGuid="00000000-0000-0000-0000-000000000000" />
</TargetApplications>
</BusinessFlow></GingerRepositoryItem>