﻿<?xml version="1.0" encoding="utf-8"?>
<GingerRepositoryItem><Header ItemGuid="433a69dd-a40e-483e-89f2-85795b5c1e52" ItemType="Solution" CreatedBy="CPoblete.pc" Created="202101061528" GingerVersion="3.6.0.0" Version="19" LastUpdateBy="christian.poblete" LastUpdate="202101121826" />
<Solution Guid="433a69dd-a40e-483e-89f2-85795b5c1e52" Name="Dish" ParentGuid="00000000-0000-0000-0000-000000000000">
<ApplicationPlatforms>
<ApplicationPlatform AppName="MyJavaApp" Guid="acb0db6c-991d-4c19-9f8b-3af32ef6cc3f" ParentGuid="00000000-0000-0000-0000-000000000000" Platform="Java" />
<ApplicationPlatform AppName="Mediation" Description="Amdocs Mediation" Guid="d2611ab1-0a6a-4519-913a-b31a5d18baa3" ParentGuid="00000000-0000-0000-0000-000000000000" Platform="Unix" />
<ApplicationPlatform AppName="MyWindowsApp" Description="Windows Application" Guid="f0cb9d7a-c59a-485f-ad30-1d1ca1b75f71" ParentGuid="00000000-0000-0000-0000-000000000000" Platform="Windows" />
<ApplicationPlatform AppName="MyWebApp" Description="Web Application" Guid="603cb77f-e66c-4c95-a39a-596bac7907bf" ParentGuid="00000000-0000-0000-0000-000000000000" Platform="Web" />
</ApplicationPlatforms>

<ExecutionLoggerConfigurationSetList>
<ExecutionLoggerConfiguration DeleteLocalDataOnPublish="No" ExecutionLoggerConfigurationExecResultsFolder="~\ExecutionResults" ExecutionLoggerConfigurationIsEnabled="True" ExecutionLoggerConfigurationMaximalFolderSize="250" Guid="90c5b9f9-5b12-48ff-884c-86ea97c948d3" IsSelected="True" ParentGuid="00000000-0000-0000-0000-000000000000" PublishLogToCentralDB="No" SelectedDataRepositoryMethod="LiteDB" Seq="0" />
</ExecutionLoggerConfigurationSetList>

<HTMLReportsConfigurationSetList>
<HTMLReportsConfiguration Guid="f66caafe-f47f-4dbb-a424-7fed3cd69250" HTMLReportConfigurationMaximalFolderSize="0" HTMLReportsFolder="~\HTMLReports" HTMLReportTemplatesSeq="1" IsSelected="True" ParentGuid="00000000-0000-0000-0000-000000000000" Seq="0" />
</HTMLReportsConfigurationSetList>

<Variables>
<VariableString Guid="a00aa0c0-a16f-47d3-9023-2922d67d5d2a" InitialStringValue="http://amdocs-dt-crm-jnlp.global.dish.com/Crm/CRM/Crm.jnlp" MappedOutputType="None" Name="CRM URL_2" ParentGuid="00000000-0000-0000-0000-000000000000" SetAsInputValue="False" SetAsOutputValue="False" />
<VariableString Guid="5fa6836e-afdb-4ec6-a1d6-8834e617ff47" MappedOutputType="None" Name="Output Order ID" ParentGuid="00000000-0000-0000-0000-000000000000" SetAsInputValue="False" SetAsOutputValue="False" />
<VariableString Guid="524c68e2-b57e-4567-9e9d-ac35687a22a2" MappedOutputType="None" Name="Output Order Action ID" ParentGuid="00000000-0000-0000-0000-000000000000" SetAsInputValue="False" SetAsOutputValue="False" />
<VariableString Guid="4f398f3d-345c-4d0b-9738-5052dade38e1" MappedOutputType="None" Name="CRM User_2" ParentGuid="00000000-0000-0000-0000-000000000000" SetAsInputValue="False" SetAsOutputValue="False" />
<VariableString Guid="80615315-dec8-4b1f-8266-bdd83f5ee25d" MappedOutputType="None" Name="Output Customer ID" ParentGuid="00000000-0000-0000-0000-000000000000" SetAsInputValue="False" SetAsOutputValue="False" />
<VariableString Guid="600a3409-3931-4b9d-99c3-d3f37ccc496a" MappedOutputType="None" Name="CRM Password_2" ParentGuid="00000000-0000-0000-0000-000000000000" SetAsInputValue="False" SetAsOutputValue="False" />
<VariableString Guid="d44f087e-5ece-42fa-aaf2-aa15d393d885" MappedOutputType="None" Name="DBOMSConnectionString" ParentGuid="00000000-0000-0000-0000-000000000000" SetAsInputValue="False" SetAsOutputValue="False" />
<VariableString Guid="c6f223e8-1a23-42fa-b8cc-df9d7ffdab1c" MappedOutputType="None" Name="DBABPConnectionString" ParentGuid="00000000-0000-0000-0000-000000000000" SetAsInputValue="False" SetAsOutputValue="False" />
</Variables>
</Solution></GingerRepositoryItem>