﻿<?xml version="1.0" encoding="utf-8"?>
<GingerRepositoryItem><Header ItemGuid="ec4d07f8-cc26-4b43-b186-6850660e5e95" ItemType="BusinessFlow" CreatedBy="christian.poblete" Created="202101071558" GingerVersion="3.6.0.0" Version="25" LastUpdateBy="christian.poblete" LastUpdate="202101121547" />
<BusinessFlow Elapsed="58633" Guid="ec4d07f8-cc26-4b43-b186-6850660e5e95" Name="Create Customer" ParentGuid="00000000-0000-0000-0000-000000000000" Source="Ginger" Status="Unknown">
<Activities>
<Activity ActionRunOption="StopActionsRunOnFailure" Active="True" ActivitiesGroupID="Create Customer" ActivityName="Open create customer screen and fill basic data" AutomationStatus="Automated" ErrorHandlerMappingType="AllAvailableHandlers" Guid="b7aa0d4a-3cdf-4ebd-9830-9ed55a07e768" ParentGuid="00000000-0000-0000-0000-000000000000" PercentAutomated="85%" TargetApplication="MyJavaApp">
<Acts>
<ActUIElement Active="True" Description="Click : menuCreate" Guid="f7b03b0e-358b-4de6-adef-d7138fe5307f" MaxNumberOfRetries="2" ParentGuid="00000000-0000-0000-0000-000000000000" Platform="Java" RetryMechanismInterval="5" StatusConverter="None" TakeScreenShot="True" WaitVE="0" WindowsToCapture="OnlyActiveWindow">
<InputValues>
<ActInputValue Guid="0b151ba9-02d7-425a-b717-9de0fe4be6f8" Param="ElementAction" ParentGuid="00000000-0000-0000-0000-000000000000" Value="Click" />
<ActInputValue Guid="ed262f7d-9860-427e-8fa3-fc48155152ae" Param="ElementType" ParentGuid="00000000-0000-0000-0000-000000000000" Value="MenuItem" />
<ActInputValue Guid="4d571846-c715-4d8b-996f-ad787f28c758" Param="Value" ParentGuid="00000000-0000-0000-0000-000000000000" />
<ActInputValue Guid="3f155293-fd17-4ddf-a1b0-343ced2dd830" Param="ElementLocateBy" ParentGuid="00000000-0000-0000-0000-000000000000" Value="ByName" />
<ActInputValue Guid="0322c117-5e00-4964-af7d-1e7337f6b84d" Param="ElementLocateValue" ParentGuid="00000000-0000-0000-0000-000000000000" Value="menuCreate" />
<ActInputValue Guid="f45f734c-f450-4a4a-be4a-1eef0912e4c8" Param="ValueToSelect" ParentGuid="00000000-0000-0000-0000-000000000000" />
<ActInputValue Guid="c4149853-7b22-47d3-901b-ffc5b48cf3f0" Param="IsWidgetsElement" ParentGuid="00000000-0000-0000-0000-000000000000" Value="false" />
<ActInputValue Guid="06af8215-4b1a-4fab-8a37-8d16ef45dd52" Param="WaitforIdle" ParentGuid="00000000-0000-0000-0000-000000000000" Value="Medium" />
<ActInputValue Guid="cd9561b6-39af-4383-9719-6e30f0cf72ad" Param="TargetLocateBy" ParentGuid="00000000-0000-0000-0000-000000000000" Value="NA" />
<ActInputValue Guid="598038d6-cdcc-49b1-82ff-4ce8e09baca3" Param="TargetElementType" ParentGuid="00000000-0000-0000-0000-000000000000" Value="Unknown" />
<ActInputValue Guid="46a7631b-2343-42ee-9bc7-eedc433d1d8d" Param="HandleElementType" ParentGuid="00000000-0000-0000-0000-000000000000" Value="Unknown" />
<ActInputValue Guid="99ac4729-2d3a-4cae-ba15-fa6e4f29624d" Param="HandleActionType" ParentGuid="00000000-0000-0000-0000-000000000000" Value="Unknown" />
</InputValues>
</ActUIElement>
<ActUIElement Active="True" Description="Click : menuCreate customer" Guid="773d8691-afc0-4d23-ac88-a7ebbe07571a" MaxNumberOfRetries="2" ParentGuid="00000000-0000-0000-0000-000000000000" Platform="Java" RetryMechanismInterval="5" StatusConverter="None" TakeScreenShot="True" WaitVE="0" WindowsToCapture="OnlyActiveWindow">
<InputValues>
<ActInputValue Guid="0b151ba9-02d7-425a-b717-9de0fe4be6f8" Param="ElementAction" ParentGuid="00000000-0000-0000-0000-000000000000" Value="Click" />
<ActInputValue Guid="ed262f7d-9860-427e-8fa3-fc48155152ae" Param="ElementType" ParentGuid="00000000-0000-0000-0000-000000000000" Value="MenuItem" />
<ActInputValue Guid="4d571846-c715-4d8b-996f-ad787f28c758" Param="Value" ParentGuid="00000000-0000-0000-0000-000000000000" />
<ActInputValue Guid="3f155293-fd17-4ddf-a1b0-343ced2dd830" Param="ElementLocateBy" ParentGuid="00000000-0000-0000-0000-000000000000" Value="ByName" />
<ActInputValue Guid="0322c117-5e00-4964-af7d-1e7337f6b84d" Param="ElementLocateValue" ParentGuid="00000000-0000-0000-0000-000000000000" Value="menuItemCreateCustomer" />
<ActInputValue Guid="f45f734c-f450-4a4a-be4a-1eef0912e4c8" Param="ValueToSelect" ParentGuid="00000000-0000-0000-0000-000000000000" Value="Customer" />
<ActInputValue Guid="c4149853-7b22-47d3-901b-ffc5b48cf3f0" Param="IsWidgetsElement" ParentGuid="00000000-0000-0000-0000-000000000000" Value="false" />
<ActInputValue Guid="06af8215-4b1a-4fab-8a37-8d16ef45dd52" Param="WaitforIdle" ParentGuid="00000000-0000-0000-0000-000000000000" Value="None" />
<ActInputValue Guid="38baa984-1b99-4b7f-a943-59fe7072ce81" Param="TargetLocateBy" ParentGuid="00000000-0000-0000-0000-000000000000" Value="NA" />
<ActInputValue Guid="263c41f4-af11-4681-bc45-4e5a48cefcc0" Param="TargetElementType" ParentGuid="00000000-0000-0000-0000-000000000000" Value="Unknown" />
<ActInputValue Guid="765e0513-95cc-49eb-ad8d-273fe07a4e11" Param="HandleElementType" ParentGuid="00000000-0000-0000-0000-000000000000" Value="Unknown" />
<ActInputValue Guid="781c4caa-0548-4d2a-848a-f3d4d93bd170" Param="HandleActionType" ParentGuid="00000000-0000-0000-0000-000000000000" Value="Unknown" />
</InputValues>
</ActUIElement>
<ActJavaElement ControlAction="Click" Description="Click menu create" Guid="aa53763e-f363-4e2b-807f-4c6957e39af5" MaxNumberOfRetries="2" ParentGuid="00000000-0000-0000-0000-000000000000" Platform="NA" RetryMechanismInterval="5" StatusConverter="None" TakeScreenShot="True" WaitforIdle="Medium" WaitVE="0" WindowsToCapture="OnlyActiveWindow">
<InputValues>
<ActInputValue Guid="8037c804-5dba-4278-a6bd-13103083e546" Param="LocateBy" ParentGuid="00000000-0000-0000-0000-000000000000" Value="ByName" />
<ActInputValue Guid="5c319432-80bf-421d-a892-6f1511cdcec5" Param="Value" ParentGuid="00000000-0000-0000-0000-000000000000" />
<ActInputValue Guid="50c16840-748c-4982-b2c0-cfc0b6653a5b" Param="LocateValue" ParentGuid="00000000-0000-0000-0000-000000000000" Value="menuCreate" />
</InputValues>
</ActJavaElement>
<ActJavaElement ControlAction="Click" Description="Click create customer" Guid="f45d1163-fe81-4e51-ba1d-1d217f5a8c3b" MaxNumberOfRetries="2" ParentGuid="00000000-0000-0000-0000-000000000000" Platform="NA" RetryMechanismInterval="5" StatusConverter="None" TakeScreenShot="True" WaitforIdle="None" WaitVE="0" WindowsToCapture="OnlyActiveWindow">
<InputValues>
<ActInputValue Guid="8037c804-5dba-4278-a6bd-13103083e546" Param="LocateBy" ParentGuid="00000000-0000-0000-0000-000000000000" Value="ByName" />
<ActInputValue Guid="5c319432-80bf-421d-a892-6f1511cdcec5" Param="Value" ParentGuid="00000000-0000-0000-0000-000000000000" Value="Customer" />
<ActInputValue Guid="50c16840-748c-4982-b2c0-cfc0b6653a5b" Param="LocateValue" ParentGuid="00000000-0000-0000-0000-000000000000" Value="menuItemCreateCustomer" />
</InputValues>
</ActJavaElement>
<ActUIElement Active="True" Description="Validate Create customer screen is open" EnableRetryMechanism="True" Guid="bfd63503-29fe-4ba7-913e-da6c6bc4a71e" MaxNumberOfRetries="3" ParentGuid="00000000-0000-0000-0000-000000000000" Platform="Java" RetryMechanismInterval="5" StatusConverter="None" TakeScreenShot="True" WaitVE="3" WindowsToCapture="OnlyActiveWindow">
<FlowControls>
<FlowControl Active="True" BusinessFlowControlAction="GoToBusinessFlow" FlowControlAction="StopRun" Guid="1c4157e1-66d2-4327-b889-4c88745e26bb" Operator="ActionFailed" ParentGuid="00000000-0000-0000-0000-000000000000" />
</FlowControls>

<InputValues>
<ActInputValue Guid="37c76528-f42b-4884-a76c-2615db4e4b4e" Param="ElementLocateBy" ParentGuid="00000000-0000-0000-0000-000000000000" Value="ByXPath" />
<ActInputValue Guid="259d36e6-72f5-4999-aaed-99861b3d94dd" Param="ElementLocateValue" ParentGuid="00000000-0000-0000-0000-000000000000" Value="/javax.swing.JRootPane[0]/null.layeredPane/null.contentPane/javax.swing.JSplitPane[0]/com.amdocs.uif.workspace.desktop.AppDesktopPane[0]/com.crmimpl.crm.isales.customer.XCreateCustomer/javax.swing.JRootPane[0]/null.layeredPane/root/javax.swing.JViewport[0]/root/subformpnlContact/root/Panel_2_17/[[Name:first_name][ClassName:com.amdocs.uif.widgets.TextFieldNative$1]]" />
<ActInputValue Guid="6530146e-d5ce-4042-a1e3-30e4c2b7f091" Param="Value" ParentGuid="00000000-0000-0000-0000-000000000000" />
<ActInputValue Guid="780235b7-b9fa-4a78-ba26-9f8f8024503f" Param="ElementType" ParentGuid="00000000-0000-0000-0000-000000000000" Value="TextBox" />
<ActInputValue Guid="64749805-c097-42d9-9b5f-8a18b8414549" Param="ElementAction" ParentGuid="00000000-0000-0000-0000-000000000000" Value="IsVisible" />
<ActInputValue Guid="392a6e3c-c761-449f-9d11-9edea861699c" Param="IsWidgetsElement" ParentGuid="00000000-0000-0000-0000-000000000000" Value="false" />
<ActInputValue Guid="934a1a46-b4a3-41cf-af26-fccfd37b0a0f" Param="WaitforIdle" ParentGuid="00000000-0000-0000-0000-000000000000" Value="None" />
<ActInputValue Guid="502bec83-53d7-409e-8e85-3ea66d86b747" Param="XCoordinate" ParentGuid="00000000-0000-0000-0000-000000000000" />
<ActInputValue Guid="97d8132d-360e-4431-ae62-4e660d40b483" Param="ValueToSelect" ParentGuid="00000000-0000-0000-0000-000000000000" />
<ActInputValue Guid="acf29980-d55d-4ec5-acf6-524d76246f8e" Param="YCoordinate" ParentGuid="00000000-0000-0000-0000-000000000000" />
<ActInputValue Guid="ce2989c5-89cc-4cf8-87fe-8d957c757de0" Param="ControlAction" ParentGuid="00000000-0000-0000-0000-000000000000" />
<ActInputValue Guid="eaf8fc37-1a72-4991-a319-a14ca79007f4" Param="TargetLocateBy" ParentGuid="00000000-0000-0000-0000-000000000000" Value="NA" />
<ActInputValue Guid="a5e5e37a-183a-40e9-8dc8-3d042be6d2f6" Param="TargetElementType" ParentGuid="00000000-0000-0000-0000-000000000000" Value="Unknown" />
<ActInputValue Guid="d1c48fee-35f9-4bef-b929-5dadad536210" Param="HandleElementType" ParentGuid="00000000-0000-0000-0000-000000000000" Value="Unknown" />
<ActInputValue Guid="05a3c884-c989-4f43-96d1-714df0665365" Param="HandleActionType" ParentGuid="00000000-0000-0000-0000-000000000000" Value="Unknown" />
</InputValues>
</ActUIElement>
<ActUIElement Active="True" Description="Set Text Box 'first_name'" Guid="2e9cc3ab-9c00-44e4-aa0d-8c9c6c2e6ec4" MaxNumberOfRetries="2" ParentGuid="00000000-0000-0000-0000-000000000000" Platform="Java" RetryMechanismInterval="5" StatusConverter="None" TakeScreenShot="True" WaitVE="0" WindowsToCapture="OnlyActiveWindow">
<InputValues>
<ActInputValue Guid="37c76528-f42b-4884-a76c-2615db4e4b4e" Param="ElementLocateBy" ParentGuid="00000000-0000-0000-0000-000000000000" Value="ByXPath" />
<ActInputValue Guid="259d36e6-72f5-4999-aaed-99861b3d94dd" Param="ElementLocateValue" ParentGuid="00000000-0000-0000-0000-000000000000" Value="/javax.swing.JRootPane[0]/null.layeredPane/null.contentPane/javax.swing.JSplitPane[0]/com.amdocs.uif.workspace.desktop.AppDesktopPane[0]/com.crmimpl.crm.isales.customer.XCreateCustomer/javax.swing.JRootPane[0]/null.layeredPane/root/javax.swing.JViewport[0]/root/subformpnlContact/root/Panel_2_17/[[Name:first_name][ClassName:com.amdocs.uif.widgets.TextFieldNative$1]]" />
<ActInputValue Guid="6530146e-d5ce-4042-a1e3-30e4c2b7f091" Param="Value" ParentGuid="00000000-0000-0000-0000-000000000000" Value="firstname{CS Exp=DateTimeOffset.UtcNow.ToUnixTimeSeconds()}" />
<ActInputValue Guid="780235b7-b9fa-4a78-ba26-9f8f8024503f" Param="ElementType" ParentGuid="00000000-0000-0000-0000-000000000000" Value="TextBox" />
<ActInputValue Guid="64749805-c097-42d9-9b5f-8a18b8414549" Param="ElementAction" ParentGuid="00000000-0000-0000-0000-000000000000" Value="SetValue" />
<ActInputValue Guid="392a6e3c-c761-449f-9d11-9edea861699c" Param="IsWidgetsElement" ParentGuid="00000000-0000-0000-0000-000000000000" Value="false" />
<ActInputValue Guid="934a1a46-b4a3-41cf-af26-fccfd37b0a0f" Param="WaitforIdle" ParentGuid="00000000-0000-0000-0000-000000000000" Value="None" />
<ActInputValue Guid="f877080e-8abb-4cbd-aaa0-3faa18b8232e" Param="TargetLocateBy" ParentGuid="00000000-0000-0000-0000-000000000000" Value="NA" />
<ActInputValue Guid="3e17d093-0e1a-46ff-a1cc-e4504d3e3760" Param="TargetElementType" ParentGuid="00000000-0000-0000-0000-000000000000" Value="Unknown" />
<ActInputValue Guid="0ad091ce-b4c5-4af3-8c9d-866a76145622" Param="HandleElementType" ParentGuid="00000000-0000-0000-0000-000000000000" Value="Unknown" />
<ActInputValue Guid="648a6d45-22ab-4096-ab47-b39c1bb331b9" Param="HandleActionType" ParentGuid="00000000-0000-0000-0000-000000000000" Value="Unknown" />
</InputValues>
</ActUIElement>
<ActUIElement Active="True" Description="Set Text Box 'last_name'" Guid="52d7391a-72c7-4c12-ac19-399ca876e5e8" MaxNumberOfRetries="2" ParentGuid="00000000-0000-0000-0000-000000000000" Platform="Java" RetryMechanismInterval="5" StatusConverter="None" TakeScreenShot="True" WaitVE="0" WindowsToCapture="OnlyActiveWindow">
<InputValues>
<ActInputValue Guid="fa25d098-e593-4318-a4da-2707fb2a26e4" Param="ElementLocateBy" ParentGuid="00000000-0000-0000-0000-000000000000" Value="ByXPath" />
<ActInputValue Guid="8c9f430d-e6e0-4298-9b72-12cfbcf93bb5" Param="ElementLocateValue" ParentGuid="00000000-0000-0000-0000-000000000000" Value="/javax.swing.JRootPane[0]/null.layeredPane/null.contentPane/javax.swing.JSplitPane[0]/com.amdocs.uif.workspace.desktop.AppDesktopPane[0]/com.crmimpl.crm.isales.customer.XCreateCustomer/javax.swing.JRootPane[0]/null.layeredPane/root/javax.swing.JViewport[0]/root/subformpnlContact/root/Panel_2_17/[[Name:last_name][ClassName:com.amdocs.uif.widgets.TextFieldNative$1]]" />
<ActInputValue Guid="08b49893-f4f8-4f54-a5ab-82905515778f" Param="Value" ParentGuid="00000000-0000-0000-0000-000000000000" Value="lastname{CS Exp=DateTimeOffset.UtcNow.ToUnixTimeSeconds()}" />
<ActInputValue Guid="2ca13b0f-93e1-4c75-a074-54761cd2c752" Param="ElementType" ParentGuid="00000000-0000-0000-0000-000000000000" Value="TextBox" />
<ActInputValue Guid="7ba73b64-9e54-4e92-b2bb-8c4f1b26bfdd" Param="ElementAction" ParentGuid="00000000-0000-0000-0000-000000000000" Value="SetValue" />
<ActInputValue Guid="aa09a90e-b8f3-4ecc-b4c4-5342ee64fb6e" Param="IsWidgetsElement" ParentGuid="00000000-0000-0000-0000-000000000000" Value="false" />
<ActInputValue Guid="bf8627c0-61a1-4c72-830e-e12bed8c3ea4" Param="WaitforIdle" ParentGuid="00000000-0000-0000-0000-000000000000" Value="None" />
<ActInputValue Guid="f1d45673-3325-4f1b-aaeb-f9c2b57a4687" Param="TargetLocateBy" ParentGuid="00000000-0000-0000-0000-000000000000" Value="NA" />
<ActInputValue Guid="a75fa6df-dd25-4cc6-b497-e41a5252814a" Param="TargetElementType" ParentGuid="00000000-0000-0000-0000-000000000000" Value="Unknown" />
<ActInputValue Guid="628a73b4-1c02-4356-b928-947934ccbabc" Param="HandleElementType" ParentGuid="00000000-0000-0000-0000-000000000000" Value="Unknown" />
<ActInputValue Guid="2f1f1186-ba39-41f0-b86d-43b436d8e078" Param="HandleActionType" ParentGuid="00000000-0000-0000-0000-000000000000" Value="Unknown" />
</InputValues>
</ActUIElement>
<ActUIElement Active="True" Description="Set Text Box 'Email'" Guid="270eb574-3fca-46f3-b11b-bbb3708ac534" MaxNumberOfRetries="2" ParentGuid="00000000-0000-0000-0000-000000000000" Platform="Java" RetryMechanismInterval="5" StatusConverter="None" TakeScreenShot="True" WaitVE="0" WindowsToCapture="OnlyActiveWindow">
<InputValues>
<ActInputValue Guid="990b443a-b4af-46a6-bf5c-1e6beb9030b0" Param="ElementLocateBy" ParentGuid="00000000-0000-0000-0000-000000000000" Value="ByXPath" />
<ActInputValue Guid="fe34f752-6b61-44fc-8884-ba42c17f1321" Param="ElementLocateValue" ParentGuid="00000000-0000-0000-0000-000000000000" Value="/javax.swing.JRootPane[0]/null.layeredPane/null.contentPane/javax.swing.JSplitPane[0]/com.amdocs.uif.workspace.desktop.AppDesktopPane[0]/com.crmimpl.crm.isales.customer.XCreateCustomer/javax.swing.JRootPane[0]/null.layeredPane/root/javax.swing.JViewport[0]/root/subformpnlContact/root/Panel_2_18/[[Name:Email][ClassName:com.amdocs.uif.widgets.TextFieldNative$1]]" />
<ActInputValue Guid="2cd561d6-af44-47bc-a5d9-0584ddedf38a" Param="Value" ParentGuid="00000000-0000-0000-0000-000000000000" Value="mail{CS Exp=DateTimeOffset.UtcNow.ToUnixTimeSeconds()}@mail.com" />
<ActInputValue Guid="dc11e6be-4b20-4ee5-89b8-7c1a6656b460" Param="ElementType" ParentGuid="00000000-0000-0000-0000-000000000000" Value="TextBox" />
<ActInputValue Guid="a8309d88-59cb-47f3-8bb6-b73ba2555d5a" Param="ElementAction" ParentGuid="00000000-0000-0000-0000-000000000000" Value="SetValue" />
<ActInputValue Guid="52621e24-4cd6-4168-a45d-b516f5781857" Param="IsWidgetsElement" ParentGuid="00000000-0000-0000-0000-000000000000" Value="false" />
<ActInputValue Guid="5b422c06-f57d-4c2f-b3a5-33174a8b9f80" Param="WaitforIdle" ParentGuid="00000000-0000-0000-0000-000000000000" Value="None" />
<ActInputValue Guid="991a23a6-46fe-4a28-a092-203ff138d3ce" Param="TargetLocateBy" ParentGuid="00000000-0000-0000-0000-000000000000" Value="NA" />
<ActInputValue Guid="2d615e4d-3998-4ab2-a241-20ebd923226f" Param="TargetElementType" ParentGuid="00000000-0000-0000-0000-000000000000" Value="Unknown" />
<ActInputValue Guid="029a7438-3eb8-48c5-9757-b2b5764d96fc" Param="HandleElementType" ParentGuid="00000000-0000-0000-0000-000000000000" Value="Unknown" />
<ActInputValue Guid="eee6d9cb-067e-4894-9fd8-d73b02eb7baa" Param="HandleActionType" ParentGuid="00000000-0000-0000-0000-000000000000" Value="Unknown" />
</InputValues>
</ActUIElement>
<ActUIElement Active="True" Description="Set Text Box 'phone'" Guid="32fa573f-08b7-4b47-b957-5669b8ceda97" MaxNumberOfRetries="2" ParentGuid="00000000-0000-0000-0000-000000000000" Platform="Java" RetryMechanismInterval="5" StatusConverter="None" TakeScreenShot="True" WaitVE="0" WindowsToCapture="OnlyActiveWindow">
<InputValues>
<ActInputValue Guid="d21b341d-cb5c-4f63-b155-64ee615a26ca" Param="ElementLocateBy" ParentGuid="00000000-0000-0000-0000-000000000000" Value="ByXPath" />
<ActInputValue Guid="a6093ed5-8741-4458-aa67-d4f0255a2190" Param="ElementLocateValue" ParentGuid="00000000-0000-0000-0000-000000000000" Value="/javax.swing.JRootPane[0]/null.layeredPane/null.contentPane/javax.swing.JSplitPane[0]/com.amdocs.uif.workspace.desktop.AppDesktopPane[0]/com.crmimpl.crm.isales.customer.XCreateCustomer/javax.swing.JRootPane[0]/null.layeredPane/root/javax.swing.JViewport[0]/root/subformpnlContact/root/Panel_2_17/[[Name:phone][ClassName:com.amdocs.uif.widgets.TextFieldNative$1]]" />
<ActInputValue Guid="7da79c7c-5701-4981-a047-c373b96ca3b6" Param="Value" ParentGuid="00000000-0000-0000-0000-000000000000" Value="56973816195" />
<ActInputValue Guid="22c39c9a-87b9-441d-823a-ea6f2e587e90" Param="ElementType" ParentGuid="00000000-0000-0000-0000-000000000000" Value="TextBox" />
<ActInputValue Guid="ea101f46-9c76-4703-bea4-7fe1c73c8906" Param="ElementAction" ParentGuid="00000000-0000-0000-0000-000000000000" Value="SetValue" />
<ActInputValue Guid="cd30d59b-6359-4101-84b5-6856b5d600a8" Param="IsWidgetsElement" ParentGuid="00000000-0000-0000-0000-000000000000" Value="false" />
<ActInputValue Guid="cb605d9d-563f-4793-84fa-48146b38c0de" Param="WaitforIdle" ParentGuid="00000000-0000-0000-0000-000000000000" Value="None" />
<ActInputValue Guid="da18e9b6-2922-4de2-869d-ce4c1b026b95" Param="TargetLocateBy" ParentGuid="00000000-0000-0000-0000-000000000000" Value="NA" />
<ActInputValue Guid="b147d683-dbd3-4c36-ad83-d493df7e5c30" Param="TargetElementType" ParentGuid="00000000-0000-0000-0000-000000000000" Value="Unknown" />
<ActInputValue Guid="1c457935-8e8c-4f0c-ba74-3f75aa306b5c" Param="HandleElementType" ParentGuid="00000000-0000-0000-0000-000000000000" Value="Unknown" />
<ActInputValue Guid="cd5bbee3-6f37-446c-933d-751882480b62" Param="HandleActionType" ParentGuid="00000000-0000-0000-0000-000000000000" Value="Unknown" />
</InputValues>
</ActUIElement>
<ActUIElement Active="True" Description="Set Text Box 'txtAccountName'" Guid="e4a2e5a5-dda1-4005-83a1-7e9cdf65c17d" MaxNumberOfRetries="2" ParentGuid="00000000-0000-0000-0000-000000000000" Platform="Java" RetryMechanismInterval="5" StatusConverter="None" TakeScreenShot="True" WaitVE="0" WindowsToCapture="OnlyActiveWindow">
<InputValues>
<ActInputValue Guid="b174c7b3-3288-48cb-a4d3-5aba0c77b3f7" Param="ElementLocateBy" ParentGuid="00000000-0000-0000-0000-000000000000" Value="ByXPath" />
<ActInputValue Guid="912b6829-d92f-44a6-b946-9582cd9a0c08" Param="ElementLocateValue" ParentGuid="00000000-0000-0000-0000-000000000000" Value="/javax.swing.JRootPane[0]/null.layeredPane/null.contentPane/javax.swing.JSplitPane[0]/com.amdocs.uif.workspace.desktop.AppDesktopPane[0]/com.crmimpl.crm.isales.customer.XCreateCustomer/javax.swing.JRootPane[0]/null.layeredPane/root/javax.swing.JViewport[0]/root/subformpnlAccnt/root/[[Name:txtAccountName][ClassName:com.amdocs.uif.widgets.TextFieldNative$1]]" />
<ActInputValue Guid="24304ee6-b200-4714-a095-b5a8bd4b50db" Param="Value" ParentGuid="00000000-0000-0000-0000-000000000000" Value="accountname{CS Exp=DateTimeOffset.UtcNow.ToUnixTimeSeconds()}" />
<ActInputValue Guid="1d5a4893-572f-413d-b780-b0b8b2c758bf" Param="ElementType" ParentGuid="00000000-0000-0000-0000-000000000000" Value="TextBox" />
<ActInputValue Guid="d2fe9284-7b1c-42d1-9db4-12096cc9d273" Param="ElementAction" ParentGuid="00000000-0000-0000-0000-000000000000" Value="SetValue" />
<ActInputValue Guid="20d11d00-8bdd-4e79-bf8c-b605b60d7dbe" Param="IsWidgetsElement" ParentGuid="00000000-0000-0000-0000-000000000000" Value="false" />
<ActInputValue Guid="497276cf-f531-463f-bb9b-5eedce0fc00b" Param="WaitforIdle" ParentGuid="00000000-0000-0000-0000-000000000000" Value="None" />
<ActInputValue Guid="1eea2b87-08f4-4f23-b8a2-9f6bb979255c" Param="TargetLocateBy" ParentGuid="00000000-0000-0000-0000-000000000000" Value="NA" />
<ActInputValue Guid="1894c796-1f37-4b87-bbdb-d56e487a163a" Param="TargetElementType" ParentGuid="00000000-0000-0000-0000-000000000000" Value="Unknown" />
<ActInputValue Guid="a94b80a2-b668-4dcc-9e74-8c94c90a0628" Param="HandleElementType" ParentGuid="00000000-0000-0000-0000-000000000000" Value="Unknown" />
<ActInputValue Guid="9b6152f2-1366-4bc4-9d96-2ae884f92c5e" Param="HandleActionType" ParentGuid="00000000-0000-0000-0000-000000000000" Value="Unknown" />
</InputValues>
</ActUIElement>
<ActUIElement Active="True" Description="Set Text Box 'txt_customer_name' - Alias" Guid="7bcfc783-8d07-4d84-83fb-aee4b50a243c" MaxNumberOfRetries="2" ParentGuid="00000000-0000-0000-0000-000000000000" Platform="Java" RetryMechanismInterval="5" StatusConverter="None" TakeScreenShot="True" WaitVE="0" WindowsToCapture="OnlyActiveWindow">
<InputValues>
<ActInputValue Guid="133bf220-b58f-40b8-aa22-7b5999ffad90" Param="ElementLocateBy" ParentGuid="00000000-0000-0000-0000-000000000000" Value="ByXPath" />
<ActInputValue Guid="1a466792-101c-4007-aa28-2ff819826658" Param="ElementLocateValue" ParentGuid="00000000-0000-0000-0000-000000000000" Value="/javax.swing.JRootPane[0]/null.layeredPane/null.contentPane/javax.swing.JSplitPane[0]/com.amdocs.uif.workspace.desktop.AppDesktopPane[0]/com.crmimpl.crm.isales.customer.XCreateCustomer/javax.swing.JRootPane[0]/null.layeredPane/root/javax.swing.JViewport[0]/root/subformpnlCustomer/root/[[Name:txt_customer_name][ClassName:com.amdocs.uif.widgets.TextFieldNative$1]]" />
<ActInputValue Guid="42d10c86-5c06-4da4-84d2-691d20fb2e4c" Param="Value" ParentGuid="00000000-0000-0000-0000-000000000000" Value="customeralias{CS Exp=DateTimeOffset.UtcNow.ToUnixTimeSeconds()}" />
<ActInputValue Guid="c5ba216b-44df-4987-82c2-c4c686fd2576" Param="ElementType" ParentGuid="00000000-0000-0000-0000-000000000000" Value="TextBox" />
<ActInputValue Guid="14187eb2-401a-4fe5-9a13-c967df76db40" Param="ElementAction" ParentGuid="00000000-0000-0000-0000-000000000000" Value="SetValue" />
<ActInputValue Guid="2d25e952-e2fd-426f-a0db-743a79a9d7c5" Param="IsWidgetsElement" ParentGuid="00000000-0000-0000-0000-000000000000" Value="false" />
<ActInputValue Guid="ba342602-9113-4674-bf25-29e710dc9b1d" Param="WaitforIdle" ParentGuid="00000000-0000-0000-0000-000000000000" Value="None" />
<ActInputValue Guid="0b70c782-1f05-4c2a-939b-19bfa4ca0656" Param="TargetLocateBy" ParentGuid="00000000-0000-0000-0000-000000000000" Value="NA" />
<ActInputValue Guid="6a10bfeb-7f64-4efe-9206-439ce4dc97a3" Param="TargetElementType" ParentGuid="00000000-0000-0000-0000-000000000000" Value="Unknown" />
<ActInputValue Guid="a698d369-1ec0-4c87-bc55-e5405d5ebe9d" Param="HandleElementType" ParentGuid="00000000-0000-0000-0000-000000000000" Value="Unknown" />
<ActInputValue Guid="8a686741-e7a0-4eb0-b722-a2de705c51d7" Param="HandleActionType" ParentGuid="00000000-0000-0000-0000-000000000000" Value="Unknown" />
</InputValues>
</ActUIElement>
<ActUIElement Active="True" Description="Select ComboBox 'cmbx_billing_type'" Guid="fb87d87c-a8ad-4529-8551-01232cc8bd78" MaxNumberOfRetries="2" ParentGuid="00000000-0000-0000-0000-000000000000" Platform="Java" RetryMechanismInterval="5" StatusConverter="None" TakeScreenShot="True" WaitVE="0" WindowsToCapture="OnlyActiveWindow">
<InputValues>
<ActInputValue Guid="71751480-eb3f-4add-a537-2baab54b12e9" Param="ElementLocateBy" ParentGuid="00000000-0000-0000-0000-000000000000" Value="ByXPath" />
<ActInputValue Guid="c1b2004e-2b75-4ed3-a63b-3bc5ccffabc3" Param="ElementLocateValue" ParentGuid="00000000-0000-0000-0000-000000000000" Value="/javax.swing.JRootPane[0]/null.layeredPane/null.contentPane/javax.swing.JSplitPane[0]/com.amdocs.uif.workspace.desktop.AppDesktopPane[0]/com.crmimpl.crm.isales.customer.XCreateCustomer/javax.swing.JRootPane[0]/null.layeredPane/root/javax.swing.JViewport[0]/root/subformpnlCustomer/root/[[Name:cmbx_billing_type][ClassName:com.amdocs.uif.widgets.ComboBoxNative$1]]" />
<ActInputValue Guid="528e37b6-8699-465d-b949-fde6fa4d75e2" Param="ElementType" ParentGuid="00000000-0000-0000-0000-000000000000" Value="ComboBox" />
<ActInputValue Guid="0031fbf1-96e5-44ab-9118-e9b6b941690a" Param="ElementAction" ParentGuid="00000000-0000-0000-0000-000000000000" Value="Select" />
<ActInputValue Guid="5c4bace4-c0c9-46d4-a183-46ba2f1d5b43" Param="ValueToSelect" ParentGuid="00000000-0000-0000-0000-000000000000" Value="{DS Name=DefaultDataSource DST=COP_Simplified_sanity MASD=N Query QUERY=db.COP_Simplified_sanity.select GINGER_KEY_VALUE where GINGER_KEY_NAME=&quot;CustomerType&quot;}" />
<ActInputValue Guid="da93a8d0-8d13-4b56-b108-b039a021c5e5" Param="IsWidgetsElement" ParentGuid="00000000-0000-0000-0000-000000000000" Value="false" />
<ActInputValue Guid="7f47664e-d88b-4b78-8a39-809f1b4bd951" Param="WaitforIdle" ParentGuid="00000000-0000-0000-0000-000000000000" Value="None" />
<ActInputValue Guid="95e86174-9f47-424b-ad1a-1a4928e4c9c7" Param="TargetLocateBy" ParentGuid="00000000-0000-0000-0000-000000000000" Value="NA" />
<ActInputValue Guid="c5419410-ef96-4d3a-97c4-ae58a33f30b6" Param="TargetElementType" ParentGuid="00000000-0000-0000-0000-000000000000" Value="Unknown" />
<ActInputValue Guid="c56f9fed-1c2e-4116-a749-9292c9ba840e" Param="HandleElementType" ParentGuid="00000000-0000-0000-0000-000000000000" Value="Unknown" />
<ActInputValue Guid="e21c1341-84ad-44eb-ab7c-bac3b9944f95" Param="HandleActionType" ParentGuid="00000000-0000-0000-0000-000000000000" Value="Unknown" />
</InputValues>
</ActUIElement>
<ActUIElement Active="True" Description="Select ComboBox 'cmbx_billing_sub_type'" Guid="6125be43-58ae-4783-97b2-b436606b9594" MaxNumberOfRetries="2" ParentGuid="00000000-0000-0000-0000-000000000000" Platform="Java" RetryMechanismInterval="5" StatusConverter="None" TakeScreenShot="True" WaitVE="0" WindowsToCapture="OnlyActiveWindow">
<InputValues>
<ActInputValue Guid="818a6428-e9f0-4d9c-806e-9462b5231b0f" Param="ElementLocateBy" ParentGuid="00000000-0000-0000-0000-000000000000" Value="ByXPath" />
<ActInputValue Guid="9d87544b-ab6f-4746-a510-6d86edf0e29f" Param="ElementLocateValue" ParentGuid="00000000-0000-0000-0000-000000000000" Value="/javax.swing.JRootPane[0]/null.layeredPane/null.contentPane/javax.swing.JSplitPane[0]/com.amdocs.uif.workspace.desktop.AppDesktopPane[0]/com.crmimpl.crm.isales.customer.XCreateCustomer/javax.swing.JRootPane[0]/null.layeredPane/root/javax.swing.JViewport[0]/root/subformpnlCustomer/root/[[Name:cmbx_billing_sub_type][ClassName:com.amdocs.uif.widgets.ComboBoxNative$1]]" />
<ActInputValue Guid="7ea7b648-fb34-4591-91ec-4a16e0ddd529" Param="ElementType" ParentGuid="00000000-0000-0000-0000-000000000000" Value="ComboBox" />
<ActInputValue Guid="e0f8facf-6a67-42bc-bf5a-557a95df1c77" Param="ElementAction" ParentGuid="00000000-0000-0000-0000-000000000000" Value="Select" />
<ActInputValue Guid="4a2f83bb-760a-4d88-b978-ac39361e505c" Param="ValueToSelect" ParentGuid="00000000-0000-0000-0000-000000000000" Value="{DS Name=DefaultDataSource DST=COP_Simplified_sanity MASD=N Query QUERY=db.COP_Simplified_sanity.select GINGER_KEY_VALUE where GINGER_KEY_NAME=&quot;CustomerSubType&quot;}" />
<ActInputValue Guid="85e32389-77cc-4f1f-9d24-5a428110e6bb" Param="IsWidgetsElement" ParentGuid="00000000-0000-0000-0000-000000000000" Value="false" />
<ActInputValue Guid="8d7199c9-192e-427e-b739-9ec6e4c78510" Param="WaitforIdle" ParentGuid="00000000-0000-0000-0000-000000000000" Value="None" />
<ActInputValue Guid="95fc03db-30e6-42e8-94b2-e8d5024aaf53" Param="TargetLocateBy" ParentGuid="00000000-0000-0000-0000-000000000000" Value="NA" />
<ActInputValue Guid="1ab1bfe2-e11a-43a9-98f4-9b8ab03870e9" Param="TargetElementType" ParentGuid="00000000-0000-0000-0000-000000000000" Value="Unknown" />
<ActInputValue Guid="55d8a5a2-760c-4d0f-adab-0cc09a6717cc" Param="HandleElementType" ParentGuid="00000000-0000-0000-0000-000000000000" Value="Unknown" />
<ActInputValue Guid="e4a13439-70b1-409e-af78-3720da1a9599" Param="HandleActionType" ParentGuid="00000000-0000-0000-0000-000000000000" Value="Unknown" />
</InputValues>
</ActUIElement>
</Acts>
</Activity>
<Activity ActionRunOption="StopActionsRunOnFailure" Active="True" ActivitiesGroupID="Create Customer" ActivityName="Create Address" AutomationStatus="Automated" ErrorHandlerMappingType="AllAvailableHandlers" Guid="7833292d-2e92-4208-a927-db67af1ddf8c" ParentGuid="00000000-0000-0000-0000-000000000000" PercentAutomated="90%" TargetApplication="MyJavaApp">
<Acts>
<ActUIElement Active="True" Description="Click Button  address lookup" Guid="c65efb55-c7b3-4a36-94c2-37393d936f50" MaxNumberOfRetries="2" ParentGuid="00000000-0000-0000-0000-000000000000" Platform="Java" RetryMechanismInterval="5" StatusConverter="None" TakeScreenShot="True" WaitVE="0" WindowsToCapture="OnlyActiveWindow">
<InputValues>
<ActInputValue Guid="279ff479-1772-406e-b8e6-bad08d40897d" Param="ElementLocateBy" ParentGuid="00000000-0000-0000-0000-000000000000" Value="ByXPath" />
<ActInputValue Guid="11332714-283a-46d3-a56c-fa865bbd2a30" Param="ElementLocateValue" ParentGuid="00000000-0000-0000-0000-000000000000" Value="/javax.swing.JRootPane[0]/null.layeredPane/null.contentPane/javax.swing.JSplitPane[0]/com.amdocs.uif.workspace.desktop.AppDesktopPane[0]/com.crmimpl.crm.isales.customer.XCreateCustomer/javax.swing.JRootPane[0]/null.layeredPane/root/javax.swing.JViewport[0]/root/subformpnlAddress/root/clfy539/SearchAddress/[[Name:SearchAddress_ddbutton][ClassName:com.amdocs.uif.widgets.ButtonNative$JXButton]]" />
<ActInputValue Guid="e06cf28f-7724-43b9-a9c9-ab885f0b4eac" Param="Value" ParentGuid="00000000-0000-0000-0000-000000000000" />
<ActInputValue Guid="5b45687b-10fc-459e-ba01-c60bc51e2f4b" Param="ElementType" ParentGuid="00000000-0000-0000-0000-000000000000" Value="Button" />
<ActInputValue Guid="4a6d9b14-162a-4f28-9920-8ddc199974ba" Param="ElementAction" ParentGuid="00000000-0000-0000-0000-000000000000" Value="Click" />
<ActInputValue Guid="caf96a4e-5d5c-4cf4-9a0a-f40e5b174e72" Param="WaitforIdle" ParentGuid="00000000-0000-0000-0000-000000000000" Value="Medium" />
<ActInputValue Guid="a11f47a6-d892-45ec-8296-5608cadd1047" Param="IsWidgetsElement" ParentGuid="00000000-0000-0000-0000-000000000000" Value="false" />
<ActInputValue Guid="d6c87bed-69a3-44db-b415-0ac7050e1e4b" Param="TargetLocateBy" ParentGuid="00000000-0000-0000-0000-000000000000" Value="NA" />
<ActInputValue Guid="576eaf66-9cb4-4ecd-a3bc-2d7d11329a7c" Param="TargetElementType" ParentGuid="00000000-0000-0000-0000-000000000000" Value="Unknown" />
<ActInputValue Guid="853c7928-dbe5-4a28-9af2-79d383a5b4a0" Param="HandleElementType" ParentGuid="00000000-0000-0000-0000-000000000000" Value="Unknown" />
<ActInputValue Guid="991cd11e-b34b-4c8a-bd5c-d52b0340edb6" Param="HandleActionType" ParentGuid="00000000-0000-0000-0000-000000000000" Value="Unknown" />
</InputValues>
</ActUIElement>
<ActUIElement Active="True" Description="Select ComboBox 'dopSavedSearch'" Guid="12d899ab-7083-4a63-b6fc-4a258e8cb017" MaxNumberOfRetries="2" ParentGuid="00000000-0000-0000-0000-000000000000" Platform="Java" RetryMechanismInterval="5" StatusConverter="None" TakeScreenShot="True" WaitVE="0" WindowsToCapture="OnlyActiveWindow">
<InputValues>
<ActInputValue Guid="e7ef4e4a-e463-4ae3-a46a-50b0ac42b89b" Param="ElementLocateBy" ParentGuid="00000000-0000-0000-0000-000000000000" Value="ByXPath" />
<ActInputValue Guid="5dc6333a-2ebc-4fec-95ba-b4788d80dda0" Param="ElementLocateValue" ParentGuid="00000000-0000-0000-0000-000000000000" Value="/javax.swing.JRootPane[0]/null.layeredPane/null.contentPane/javax.swing.JSplitPane[0]/com.amdocs.uif.workspace.desktop.AppDesktopPane[0]/com.crmimpl.crm.isupport.address.XAddressListSingleSelect/javax.swing.JRootPane[0]/null.layeredPane/root/javax.swing.JViewport[0]/root/gridListing/com.amdocs.uif.widgets.PanelNative$JXPanel[0]/com.amdocs.uif.widgets.PanelNative$JXPanel[0]/[[Name:dopSavedSearch][ClassName:com.amdocs.uif.widgets.ComboBoxNative$1]]" />
<ActInputValue Guid="c8d7b7a4-ecee-45e1-a6c9-9794145f279d" Param="ElementType" ParentGuid="00000000-0000-0000-0000-000000000000" Value="ComboBox" />
<ActInputValue Guid="7a279c99-f0db-4c74-9c32-bc0d735b98fd" Param="ElementAction" ParentGuid="00000000-0000-0000-0000-000000000000" Value="Select" />
<ActInputValue Guid="2d5203a7-6f88-46a6-804a-87aee555f5a1" Param="ValueToSelect" ParentGuid="00000000-0000-0000-0000-000000000000" Value="Unsaved Search" />
<ActInputValue Guid="9bff091a-d959-442f-a1a0-5c236e7e0b8c" Param="IsWidgetsElement" ParentGuid="00000000-0000-0000-0000-000000000000" Value="false" />
<ActInputValue Guid="010a57a5-36b1-403c-bf47-d1beec033163" Param="WaitforIdle" ParentGuid="00000000-0000-0000-0000-000000000000" Value="None" />
<ActInputValue Guid="5ba5b0f6-75d6-4508-bffc-ee86da9d987f" Param="TargetLocateBy" ParentGuid="00000000-0000-0000-0000-000000000000" Value="NA" />
<ActInputValue Guid="7d7f1c79-567d-4baf-bbd1-33d0c8e220e3" Param="TargetElementType" ParentGuid="00000000-0000-0000-0000-000000000000" Value="Unknown" />
<ActInputValue Guid="50947434-b1ce-498b-a3aa-fbaae53520f5" Param="HandleElementType" ParentGuid="00000000-0000-0000-0000-000000000000" Value="Unknown" />
<ActInputValue Guid="88c6eafb-ecf4-4211-b13d-332a630e8b63" Param="HandleActionType" ParentGuid="00000000-0000-0000-0000-000000000000" Value="Unknown" />
</InputValues>
</ActUIElement>
<ActUIElement Active="True" Description="Click Button 'Create'" Guid="26216ed8-a098-48ba-849a-2c848776f69a" MaxNumberOfRetries="2" ParentGuid="00000000-0000-0000-0000-000000000000" Platform="NA" RetryMechanismInterval="5" StatusConverter="None" TakeScreenShot="True" WaitVE="0" WindowsToCapture="OnlyActiveWindow">
<InputValues>
<ActInputValue Guid="edeefa4e-02ef-401b-a5c6-b1e3f4534f3a" Param="ElementLocateBy" ParentGuid="00000000-0000-0000-0000-000000000000" Value="ByXPath" />
<ActInputValue Guid="479bf1dc-76b1-4396-a28a-e2075b3a7b04" Param="ElementLocateValue" ParentGuid="00000000-0000-0000-0000-000000000000" Value="/javax.swing.JRootPane[0]/null.layeredPane/null.contentPane/javax.swing.JSplitPane[0]/com.amdocs.uif.workspace.desktop.AppDesktopPane[0]/com.crmimpl.crm.isupport.address.XAddressListSingleSelect/javax.swing.JRootPane[0]/null.layeredPane/root/javax.swing.JViewport[0]/root/gridFooter/[[Name:Create][ClassName:com.amdocs.uif.widgets.ButtonNative$JXButton]]" />
<ActInputValue Guid="94f2dae8-9641-4a3e-8cb1-b14ba2215567" Param="Value" ParentGuid="00000000-0000-0000-0000-000000000000" Value="Create" />
<ActInputValue Guid="bd013dc0-4e87-49d3-8d53-cd18c3008bbd" Param="ElementType" ParentGuid="00000000-0000-0000-0000-000000000000" Value="Button" />
<ActInputValue Guid="0a008cf6-6956-43ef-b00a-7188dd6170d2" Param="ElementAction" ParentGuid="00000000-0000-0000-0000-000000000000" Value="Click" />
<ActInputValue Guid="85cc21d5-e830-47c0-a4ea-c53c572462a8" Param="WaitforIdle" ParentGuid="00000000-0000-0000-0000-000000000000" Value="Medium" />
<ActInputValue Guid="7758a9c9-a0cd-4eb0-94e1-d8e8b99dcf76" Param="TargetLocateBy" ParentGuid="00000000-0000-0000-0000-000000000000" Value="NA" />
<ActInputValue Guid="98d33317-59df-4797-8c0d-c6b439d4daa0" Param="TargetElementType" ParentGuid="00000000-0000-0000-0000-000000000000" Value="Unknown" />
<ActInputValue Guid="f9ceda27-2ef1-4d37-9b55-de090d0351f4" Param="HandleElementType" ParentGuid="00000000-0000-0000-0000-000000000000" Value="Unknown" />
<ActInputValue Guid="cf0befbe-8e9b-412b-a6e7-e03540f4b911" Param="HandleActionType" ParentGuid="00000000-0000-0000-0000-000000000000" Value="Unknown" />
</InputValues>
</ActUIElement>
<ActUIElement Active="True" Description="Set Text Box 'address'" Guid="e348963d-28a9-4cc3-979f-cce955ed2c2b" MaxNumberOfRetries="2" ParentGuid="00000000-0000-0000-0000-000000000000" Platform="Java" RetryMechanismInterval="5" StatusConverter="None" TakeScreenShot="True" WaitVE="0" WindowsToCapture="OnlyActiveWindow">
<InputValues>
<ActInputValue Guid="c138d6af-1b99-479b-ba0f-2953222b41c2" Param="ElementLocateBy" ParentGuid="00000000-0000-0000-0000-000000000000" Value="ByXPath" />
<ActInputValue Guid="1808011e-7fe8-4223-9af3-5a8584eada0d" Param="ElementLocateValue" ParentGuid="00000000-0000-0000-0000-000000000000" Value="/javax.swing.JRootPane[0]/null.layeredPane/null.contentPane/javax.swing.JSplitPane[0]/com.amdocs.uif.workspace.desktop.AppDesktopPane[0]/com.crmimpl.crm.isupport.address.popup.XCreateAddressExt/javax.swing.JRootPane[0]/null.layeredPane/root/javax.swing.JViewport[0]/root/clfy539/[[Name:address][ClassName:com.amdocs.uif.widgets.TextFieldNative$1]]" />
<ActInputValue Guid="5d121793-e788-47e0-ae32-dd4869761e9e" Param="Value" ParentGuid="00000000-0000-0000-0000-000000000000" Value="9603 S Meridian" />
<ActInputValue Guid="679c445b-28a8-4340-8e9b-7bc29b4e6fc7" Param="ElementType" ParentGuid="00000000-0000-0000-0000-000000000000" Value="TextBox" />
<ActInputValue Guid="de6feddc-c0db-4fa7-9ee3-efb73680cfc6" Param="ElementAction" ParentGuid="00000000-0000-0000-0000-000000000000" Value="SetValue" />
<ActInputValue Guid="1375c7cd-5871-4c9a-8893-a51e5bb06b61" Param="IsWidgetsElement" ParentGuid="00000000-0000-0000-0000-000000000000" Value="false" />
<ActInputValue Guid="303eb82f-714b-428e-88a4-681ee9475cd1" Param="WaitforIdle" ParentGuid="00000000-0000-0000-0000-000000000000" Value="None" />
<ActInputValue Guid="39896a4c-2b5f-4ab3-b34d-0101fddc1f78" Param="TargetLocateBy" ParentGuid="00000000-0000-0000-0000-000000000000" Value="NA" />
<ActInputValue Guid="2626639b-5184-466f-ac85-482437778e51" Param="TargetElementType" ParentGuid="00000000-0000-0000-0000-000000000000" Value="Unknown" />
<ActInputValue Guid="5a7c818d-0d81-4786-a3d4-4d3d6b7c3229" Param="HandleElementType" ParentGuid="00000000-0000-0000-0000-000000000000" Value="Unknown" />
<ActInputValue Guid="2608801b-07a0-4923-9868-bd6b481472a6" Param="HandleActionType" ParentGuid="00000000-0000-0000-0000-000000000000" Value="Unknown" />
</InputValues>
</ActUIElement>
<ActUIElement Description="Set Text Box 'address'" Guid="c18a610b-cc97-48ed-b85a-4e1e2d0a3bec" MaxNumberOfRetries="2" ParentGuid="00000000-0000-0000-0000-000000000000" Platform="Java" RetryMechanismInterval="5" StatusConverter="None" TakeScreenShot="True" WaitVE="0" WindowsToCapture="OnlyActiveWindow">
<InputValues>
<ActInputValue Guid="815e2ad2-7682-4b55-9854-438c23ed94a4" Param="ElementLocateBy" ParentGuid="00000000-0000-0000-0000-000000000000" Value="ByXPath" />
<ActInputValue Guid="1f34d7e1-9a90-41b5-9404-5e08f50362f2" Param="ElementLocateValue" ParentGuid="00000000-0000-0000-0000-000000000000" Value="/javax.swing.JRootPane[0]/null.layeredPane/null.contentPane/javax.swing.JSplitPane[0]/com.amdocs.uif.workspace.desktop.AppDesktopPane[0]/com.crmimpl.crm.isupport.address.popup.XCreateAddressExt/javax.swing.JRootPane[0]/null.layeredPane/root/javax.swing.JViewport[0]/root/clfy539/[[Name:address][ClassName:com.amdocs.uif.widgets.TextFieldNative$1]]" />
<ActInputValue Guid="e2ac3528-0398-4c31-a6d4-5e44520ae4c9" Param="Value" ParentGuid="00000000-0000-0000-0000-000000000000" Value="9603 S Meridian" />
<ActInputValue Guid="5d67f7d7-2aa3-48e3-bdd3-4c390d77fa3f" Param="ElementType" ParentGuid="00000000-0000-0000-0000-000000000000" Value="TextBox" />
<ActInputValue Guid="25766ca6-8ebd-4894-ae7d-d35a5571340e" Param="ElementAction" ParentGuid="00000000-0000-0000-0000-000000000000" Value="SetValue" />
<ActInputValue Guid="f7028b14-9939-462d-8ebe-fe2dbf5a1cfc" Param="IsWidgetsElement" ParentGuid="00000000-0000-0000-0000-000000000000" Value="false" />
<ActInputValue Guid="abf3388f-87e0-4a23-9e57-d0eeb3bb52da" Param="WaitforIdle" ParentGuid="00000000-0000-0000-0000-000000000000" Value="None" />
<ActInputValue Guid="64e4fa03-a5c5-47ac-8675-34ae102da02b" Param="TargetLocateBy" ParentGuid="00000000-0000-0000-0000-000000000000" Value="NA" />
<ActInputValue Guid="e3957af5-fb4e-4ecb-9667-12092c8d305f" Param="TargetElementType" ParentGuid="00000000-0000-0000-0000-000000000000" Value="Unknown" />
<ActInputValue Guid="6336f19b-6b9e-443b-8a97-40c22d63b3e7" Param="HandleElementType" ParentGuid="00000000-0000-0000-0000-000000000000" Value="Unknown" />
<ActInputValue Guid="97aa60a7-de69-40a0-8d18-f0b5229f0176" Param="HandleActionType" ParentGuid="00000000-0000-0000-0000-000000000000" Value="Unknown" />
</InputValues>
</ActUIElement>
<ActUIElement Active="True" Description="Set Text Box 'zipcode'" Guid="f6dbff53-4360-49dc-9e70-1dd9becd0699" MaxNumberOfRetries="2" ParentGuid="00000000-0000-0000-0000-000000000000" Platform="NA" RetryMechanismInterval="5" StatusConverter="None" TakeScreenShot="True" WaitVE="0" WindowsToCapture="OnlyActiveWindow">
<InputValues>
<ActInputValue Guid="b798a420-4512-4e15-9db4-773c3c39c758" Param="ElementLocateBy" ParentGuid="00000000-0000-0000-0000-000000000000" Value="ByXPath" />
<ActInputValue Guid="2bcdde0b-c752-468f-a2d4-d05384641057" Param="ElementLocateValue" ParentGuid="00000000-0000-0000-0000-000000000000" Value="/javax.swing.JRootPane[0]/null.layeredPane/null.contentPane/javax.swing.JSplitPane[0]/com.amdocs.uif.workspace.desktop.AppDesktopPane[0]/com.crmimpl.crm.isupport.address.popup.XCreateAddressExt/javax.swing.JRootPane[0]/null.layeredPane/root/javax.swing.JViewport[0]/root/clfy539/Panel_1_13/[[Name:zipcode][ClassName:com.amdocs.uif.widgets.TextFieldNative$1]]" />
<ActInputValue Guid="f5ef53fc-bff5-46bf-8227-7f1ec687a05e" Param="Value" ParentGuid="00000000-0000-0000-0000-000000000000" Value="80112" />
<ActInputValue Guid="ba7c1d3e-62d1-4c73-aaa8-9212d88866fa" Param="ElementType" ParentGuid="00000000-0000-0000-0000-000000000000" Value="TextBox" />
<ActInputValue Guid="30a754e1-4166-40ec-bfb0-6542611956ff" Param="ElementAction" ParentGuid="00000000-0000-0000-0000-000000000000" Value="SetValue" />
<ActInputValue Guid="ceaf0460-1353-4c96-9a04-7768a75074bc" Param="TargetLocateBy" ParentGuid="00000000-0000-0000-0000-000000000000" Value="NA" />
<ActInputValue Guid="4be4dc65-f9a4-42b7-9396-e5c36d338ec8" Param="TargetElementType" ParentGuid="00000000-0000-0000-0000-000000000000" Value="Unknown" />
<ActInputValue Guid="ed585cd3-fce9-445d-a0c8-2b130d009bdf" Param="HandleElementType" ParentGuid="00000000-0000-0000-0000-000000000000" Value="Unknown" />
<ActInputValue Guid="ddc5a9f4-79dd-4466-b09a-5e760f745b87" Param="HandleActionType" ParentGuid="00000000-0000-0000-0000-000000000000" Value="Unknown" />
</InputValues>
</ActUIElement>
<ActUIElement Active="True" Description="Click Button 'Validate'" Guid="7f9348f6-3569-403e-b28e-b7633d29bea8" MaxNumberOfRetries="2" ParentGuid="00000000-0000-0000-0000-000000000000" Platform="NA" RetryMechanismInterval="5" StatusConverter="None" TakeScreenShot="True" WaitVE="0" WindowsToCapture="OnlyActiveWindow">
<InputValues>
<ActInputValue Guid="a6f52050-ed99-4c01-9d49-1a08f6c0756b" Param="ElementLocateBy" ParentGuid="00000000-0000-0000-0000-000000000000" Value="ByXPath" />
<ActInputValue Guid="0b7e8035-46ea-4b52-8854-b08e7b8324ab" Param="ElementLocateValue" ParentGuid="00000000-0000-0000-0000-000000000000" Value="/javax.swing.JRootPane[0]/null.layeredPane/null.contentPane/javax.swing.JSplitPane[0]/com.amdocs.uif.workspace.desktop.AppDesktopPane[0]/com.crmimpl.crm.isupport.address.popup.XCreateAddressExt/javax.swing.JRootPane[0]/null.layeredPane/root/javax.swing.JViewport[0]/root/clfy539/clfy604/Panel_validte_address/[[Name:Btn_validate][ClassName:com.amdocs.uif.widgets.ButtonNative$JXButton]]" />
<ActInputValue Guid="1bf7f6d5-f2f3-4591-9f69-e42a0575f7d9" Param="Value" ParentGuid="00000000-0000-0000-0000-000000000000" Value="Validate" />
<ActInputValue Guid="67047311-efcd-44e7-97c2-60a785719b9e" Param="ElementType" ParentGuid="00000000-0000-0000-0000-000000000000" Value="Button" />
<ActInputValue Guid="90679947-9334-4dc3-96d9-0aa905ae5c41" Param="ElementAction" ParentGuid="00000000-0000-0000-0000-000000000000" Value="Click" />
<ActInputValue Guid="a1b7d251-331f-4562-9015-44c4e96ed7b4" Param="WaitforIdle" ParentGuid="00000000-0000-0000-0000-000000000000" Value="Medium" />
<ActInputValue Guid="bf5cb898-9a26-461d-965d-c882d903b9e2" Param="TargetLocateBy" ParentGuid="00000000-0000-0000-0000-000000000000" Value="NA" />
<ActInputValue Guid="de12d28a-1456-4e7c-9ba0-903f3107f098" Param="TargetElementType" ParentGuid="00000000-0000-0000-0000-000000000000" Value="Unknown" />
<ActInputValue Guid="362f71b4-c1f0-48f5-b5fc-87164b540614" Param="HandleElementType" ParentGuid="00000000-0000-0000-0000-000000000000" Value="Unknown" />
<ActInputValue Guid="f9d91418-748a-4e15-a6fb-35228331a58e" Param="HandleActionType" ParentGuid="00000000-0000-0000-0000-000000000000" Value="Unknown" />
</InputValues>
</ActUIElement>
<ActUIElement Active="True" Description="Validate fields are disabled after validate" EnableRetryMechanism="True" Guid="e8b0fa5c-c700-4f7f-823e-ce965a015cbc" MaxNumberOfRetries="3" ParentGuid="00000000-0000-0000-0000-000000000000" Platform="Java" RetryMechanismInterval="5" StatusConverter="None" TakeScreenShot="True" WaitVE="2" WindowsToCapture="OnlyActiveWindow">
<FlowControls>
<FlowControl Active="True" BusinessFlowControlAction="GoToBusinessFlow" FlowControlAction="StopRun" Guid="a729e4a2-24d2-4915-a69b-d3af0f2a4393" Operator="ActionFailed" ParentGuid="00000000-0000-0000-0000-000000000000" />
</FlowControls>

<InputValues>
<ActInputValue Guid="c138d6af-1b99-479b-ba0f-2953222b41c2" Param="ElementLocateBy" ParentGuid="00000000-0000-0000-0000-000000000000" Value="ByXPath" />
<ActInputValue Guid="1808011e-7fe8-4223-9af3-5a8584eada0d" Param="ElementLocateValue" ParentGuid="00000000-0000-0000-0000-000000000000" Value="/javax.swing.JRootPane[0]/null.layeredPane/null.contentPane/javax.swing.JSplitPane[0]/com.amdocs.uif.workspace.desktop.AppDesktopPane[0]/com.crmimpl.crm.isupport.address.popup.XCreateAddressExt/javax.swing.JRootPane[0]/null.layeredPane/root/javax.swing.JViewport[0]/root/clfy539/[[Name:address][ClassName:com.amdocs.uif.widgets.TextFieldNative$1]]" />
<ActInputValue Guid="5d121793-e788-47e0-ae32-dd4869761e9e" Param="Value" ParentGuid="00000000-0000-0000-0000-000000000000" />
<ActInputValue Guid="679c445b-28a8-4340-8e9b-7bc29b4e6fc7" Param="ElementType" ParentGuid="00000000-0000-0000-0000-000000000000" Value="TextBox" />
<ActInputValue Guid="de6feddc-c0db-4fa7-9ee3-efb73680cfc6" Param="ElementAction" ParentGuid="00000000-0000-0000-0000-000000000000" Value="IsEnabled" />
<ActInputValue Guid="1375c7cd-5871-4c9a-8893-a51e5bb06b61" Param="IsWidgetsElement" ParentGuid="00000000-0000-0000-0000-000000000000" Value="false" />
<ActInputValue Guid="303eb82f-714b-428e-88a4-681ee9475cd1" Param="WaitforIdle" ParentGuid="00000000-0000-0000-0000-000000000000" Value="None" />
<ActInputValue Guid="d387a886-3dad-435f-abf7-50bf704a96a5" Param="XCoordinate" ParentGuid="00000000-0000-0000-0000-000000000000" />
<ActInputValue Guid="648f696f-3948-438c-9f1d-72b189cf0b4c" Param="ValueToSelect" ParentGuid="00000000-0000-0000-0000-000000000000" />
<ActInputValue Guid="681169c6-c4ca-413d-aa6d-240a4bb6cd09" Param="YCoordinate" ParentGuid="00000000-0000-0000-0000-000000000000" />
<ActInputValue Guid="eb735282-095b-4939-8c5f-da5652e06931" Param="ControlAction" ParentGuid="00000000-0000-0000-0000-000000000000" />
<ActInputValue Guid="afd041b2-a72c-474d-96dd-00fd5497502e" Param="TargetLocateBy" ParentGuid="00000000-0000-0000-0000-000000000000" Value="NA" />
<ActInputValue Guid="93c29273-8568-4d69-b405-098e94a113f3" Param="TargetElementType" ParentGuid="00000000-0000-0000-0000-000000000000" Value="Unknown" />
<ActInputValue Guid="eacc1eed-6551-465d-9618-f0206c61b9d8" Param="HandleElementType" ParentGuid="00000000-0000-0000-0000-000000000000" Value="Unknown" />
<ActInputValue Guid="5c5070ab-3c1a-48a7-84de-6445cc406511" Param="HandleActionType" ParentGuid="00000000-0000-0000-0000-000000000000" Value="Unknown" />
</InputValues>

<ReturnValues>
<ActReturnValue Active="True" Guid="46e9c4db-e2cb-44ce-bb63-5fe34bb0ae0f" mExpected="false" Operator="Equals" Param="Actual0" ParentGuid="00000000-0000-0000-0000-000000000000" StoreTo="None" />
</ReturnValues>
</ActUIElement>
<ActUIElement Active="True" Description="Verify &quot;Validate&quot; button is disabled" EnableRetryMechanism="True" Guid="9492a86e-13e9-435f-8078-7e517cc8baf8" MaxNumberOfRetries="2" ParentGuid="00000000-0000-0000-0000-000000000000" Platform="Java" RetryMechanismInterval="5" StatusConverter="None" TakeScreenShot="True" WaitVE="1" WindowsToCapture="OnlyActiveWindow">
<FlowControls>
<FlowControl Active="True" BusinessFlowControlAction="GoToBusinessFlow" FlowControlAction="StopRun" Guid="a4565dfc-c5c7-40c6-a6dd-fe1727136534" Operator="ActionFailed" ParentGuid="00000000-0000-0000-0000-000000000000" />
</FlowControls>

<InputValues>
<ActInputValue Guid="a6f52050-ed99-4c01-9d49-1a08f6c0756b" Param="ElementLocateBy" ParentGuid="00000000-0000-0000-0000-000000000000" Value="ByXPath" />
<ActInputValue Guid="0b7e8035-46ea-4b52-8854-b08e7b8324ab" Param="ElementLocateValue" ParentGuid="00000000-0000-0000-0000-000000000000" Value="/javax.swing.JRootPane[0]/null.layeredPane/null.contentPane/javax.swing.JSplitPane[0]/com.amdocs.uif.workspace.desktop.AppDesktopPane[0]/com.crmimpl.crm.isupport.address.popup.XCreateAddressExt/javax.swing.JRootPane[0]/null.layeredPane/root/javax.swing.JViewport[0]/root/clfy539/clfy604/Panel_validte_address/[[Name:Btn_validate][ClassName:com.amdocs.uif.widgets.ButtonNative$JXButton]]" />
<ActInputValue Guid="1bf7f6d5-f2f3-4591-9f69-e42a0575f7d9" Param="Value" ParentGuid="00000000-0000-0000-0000-000000000000" />
<ActInputValue Guid="67047311-efcd-44e7-97c2-60a785719b9e" Param="ElementType" ParentGuid="00000000-0000-0000-0000-000000000000" Value="Button" />
<ActInputValue Guid="90679947-9334-4dc3-96d9-0aa905ae5c41" Param="ElementAction" ParentGuid="00000000-0000-0000-0000-000000000000" Value="IsEnabled" />
<ActInputValue Guid="a1b7d251-331f-4562-9015-44c4e96ed7b4" Param="WaitforIdle" ParentGuid="00000000-0000-0000-0000-000000000000" Value="Medium" />
<ActInputValue Guid="6e9af644-eb83-4a0c-995c-f1421d33aae4" Param="IsWidgetsElement" ParentGuid="00000000-0000-0000-0000-000000000000" Value="false" />
<ActInputValue Guid="5e02cbe3-31bf-4e1e-b746-7895b6e4a54a" Param="XCoordinate" ParentGuid="00000000-0000-0000-0000-000000000000" />
<ActInputValue Guid="c15dd850-ba56-4d2a-973d-2bce3a597359" Param="ValueToSelect" ParentGuid="00000000-0000-0000-0000-000000000000" />
<ActInputValue Guid="3cf21bda-0aa1-4e37-ba8b-74f3bd194127" Param="YCoordinate" ParentGuid="00000000-0000-0000-0000-000000000000" />
<ActInputValue Guid="a7fd535d-584d-45bb-ac3f-aa12d11ac0a9" Param="ControlAction" ParentGuid="00000000-0000-0000-0000-000000000000" />
<ActInputValue Guid="0d0592c6-ebbb-4b61-9d38-c95b14efe3a5" Param="TargetLocateBy" ParentGuid="00000000-0000-0000-0000-000000000000" Value="NA" />
<ActInputValue Guid="b38b9a4c-a19d-4eae-aada-b030c95ee1fd" Param="TargetElementType" ParentGuid="00000000-0000-0000-0000-000000000000" Value="Unknown" />
<ActInputValue Guid="ba2ac9b7-0157-44bc-87fa-cc0b15c30045" Param="HandleElementType" ParentGuid="00000000-0000-0000-0000-000000000000" Value="Unknown" />
<ActInputValue Guid="16a937db-79fa-4ec8-a230-b455ebe57528" Param="HandleActionType" ParentGuid="00000000-0000-0000-0000-000000000000" Value="Unknown" />
</InputValues>

<ReturnValues>
<ActReturnValue Active="True" Guid="d8954b6e-fb82-4c3d-8876-c52a29475fb5" mExpected="false" Operator="Equals" Param="Actual0" ParentGuid="00000000-0000-0000-0000-000000000000" StoreTo="None" />
</ReturnValues>
</ActUIElement>
<ActUIElement Active="True" Description="Click Button 'Save'" Guid="76fae596-ad69-4d8b-b8f7-ca8f70663fec" MaxNumberOfRetries="2" ParentGuid="00000000-0000-0000-0000-000000000000" Platform="NA" RetryMechanismInterval="5" StatusConverter="None" TakeScreenShot="True" WaitVE="0" WindowsToCapture="OnlyActiveWindow">
<InputValues>
<ActInputValue Guid="6fa77248-8a96-4d5b-be5d-e26d3f61bd3b" Param="ElementLocateBy" ParentGuid="00000000-0000-0000-0000-000000000000" Value="ByXPath" />
<ActInputValue Guid="191e4e9d-facd-476a-9f48-4b5cf9c6ff51" Param="ElementLocateValue" ParentGuid="00000000-0000-0000-0000-000000000000" Value="/javax.swing.JRootPane[0]/null.layeredPane/null.contentPane/javax.swing.JSplitPane[0]/com.amdocs.uif.workspace.desktop.AppDesktopPane[0]/com.crmimpl.crm.isupport.address.popup.XCreateAddressExt/javax.swing.JRootPane[0]/null.layeredPane/root/javax.swing.JViewport[0]/root/Panel_1_9/[[Name:Save][ClassName:com.amdocs.uif.widgets.ButtonNative$JXButton]]" />
<ActInputValue Guid="72a17521-5744-4316-8674-0270478fa071" Param="Value" ParentGuid="00000000-0000-0000-0000-000000000000" Value="Save" />
<ActInputValue Guid="fa0fd5af-a0d4-4391-ba0a-af771d27326e" Param="ElementType" ParentGuid="00000000-0000-0000-0000-000000000000" Value="Button" />
<ActInputValue Guid="c2f74fbe-6164-46dd-bb8e-52b77a45728d" Param="ElementAction" ParentGuid="00000000-0000-0000-0000-000000000000" Value="Click" />
<ActInputValue Guid="57440c24-9f5e-4dd6-af09-7d3edf0e2300" Param="WaitforIdle" ParentGuid="00000000-0000-0000-0000-000000000000" Value="Medium" />
<ActInputValue Guid="9c761ac5-6a24-4034-9a11-86c6281324ec" Param="TargetLocateBy" ParentGuid="00000000-0000-0000-0000-000000000000" Value="NA" />
<ActInputValue Guid="c07d9c03-25f1-48bc-88b4-959f8ec83512" Param="TargetElementType" ParentGuid="00000000-0000-0000-0000-000000000000" Value="Unknown" />
<ActInputValue Guid="73db2b8f-be37-4874-9df2-8e67958a4706" Param="HandleElementType" ParentGuid="00000000-0000-0000-0000-000000000000" Value="Unknown" />
<ActInputValue Guid="17711c4e-458a-465e-96fc-08e965c3f136" Param="HandleActionType" ParentGuid="00000000-0000-0000-0000-000000000000" Value="Unknown" />
</InputValues>
</ActUIElement>
</Acts>
</Activity>
<Activity ActionRunOption="StopActionsRunOnFailure" Active="True" ActivitiesGroupID="Create Customer" ActivityName="Save customer" AutomationStatus="Automated" ErrorHandlerMappingType="AllAvailableHandlers" Guid="d72d17b4-7fb6-4b7e-9d07-0f0e488b9a81" ParentGuid="00000000-0000-0000-0000-000000000000" PercentAutomated="100%" TargetApplication="MyJavaApp">
<Acts>
<ActUIElement Active="True" Description="Select RadioButton'Save and Create Billing Profile'" Guid="eb83e815-ff3e-4430-bf99-230399fad365" MaxNumberOfRetries="2" ParentGuid="00000000-0000-0000-0000-000000000000" Platform="NA" RetryMechanismInterval="5" StatusConverter="None" TakeScreenShot="True" WaitVE="0" WindowsToCapture="OnlyActiveWindow">
<InputValues>
<ActInputValue Guid="7bf3fc19-bf12-4641-9d78-ca6153ae8cf3" Param="ElementLocateBy" ParentGuid="00000000-0000-0000-0000-000000000000" Value="ByXPath" />
<ActInputValue Guid="b2023ce1-9539-4811-b03f-46eaeae00f9a" Param="ElementLocateValue" ParentGuid="00000000-0000-0000-0000-000000000000" Value="/javax.swing.JRootPane[0]/null.layeredPane/null.contentPane/javax.swing.JSplitPane[0]/com.amdocs.uif.workspace.desktop.AppDesktopPane[0]/com.crmimpl.crm.isales.customer.XCreateCustomer/javax.swing.JRootPane[0]/null.layeredPane/root/javax.swing.JViewport[0]/root/pnlSaveCancel/[[Name:radbtn_SaveCreate][ClassName:javax.swing.JRadioButton]]" />
<ActInputValue Guid="8e599b43-a89a-42d1-b413-5d2c4fa85672" Param="ElementType" ParentGuid="00000000-0000-0000-0000-000000000000" Value="RadioButton" />
<ActInputValue Guid="329ce8d7-2e08-490b-8f54-64da692beecc" Param="ElementAction" ParentGuid="00000000-0000-0000-0000-000000000000" Value="Select" />
<ActInputValue Guid="7cd3639d-ec94-4d22-b692-18071bc17029" Param="TargetLocateBy" ParentGuid="00000000-0000-0000-0000-000000000000" Value="NA" />
<ActInputValue Guid="e25d68ff-70cb-49ac-bcc6-2e96fefbeab0" Param="TargetElementType" ParentGuid="00000000-0000-0000-0000-000000000000" Value="Unknown" />
<ActInputValue Guid="33a93bbb-6fd5-4c04-af7c-b7c391dbc766" Param="HandleElementType" ParentGuid="00000000-0000-0000-0000-000000000000" Value="Unknown" />
<ActInputValue Guid="71c0dc1b-0492-47c8-bf08-6979dc193281" Param="HandleActionType" ParentGuid="00000000-0000-0000-0000-000000000000" Value="Unknown" />
</InputValues>
</ActUIElement>
<ActUIElement Active="True" Description="Click Button 'Save'" Guid="af7e9b7e-c1a6-4077-8bf7-ec5126fe6c88" MaxNumberOfRetries="2" ParentGuid="00000000-0000-0000-0000-000000000000" Platform="NA" RetryMechanismInterval="5" StatusConverter="None" TakeScreenShot="True" WaitVE="0" WindowsToCapture="OnlyActiveWindow">
<InputValues>
<ActInputValue Guid="0037394c-e1f2-4469-97c5-f52fc114fb55" Param="ElementLocateBy" ParentGuid="00000000-0000-0000-0000-000000000000" Value="ByXPath" />
<ActInputValue Guid="b4125f0f-f4fc-4595-96a9-5d681616a764" Param="ElementLocateValue" ParentGuid="00000000-0000-0000-0000-000000000000" Value="/javax.swing.JRootPane[0]/null.layeredPane/null.contentPane/javax.swing.JSplitPane[0]/com.amdocs.uif.workspace.desktop.AppDesktopPane[0]/com.crmimpl.crm.isales.customer.XCreateCustomer/javax.swing.JRootPane[0]/null.layeredPane/root/javax.swing.JViewport[0]/root/pnlSaveCancel/[[Name:btnSave][ClassName:com.amdocs.uif.widgets.ButtonNative$JXButton]]" />
<ActInputValue Guid="8da7cab5-ac98-4b7f-bbe7-2bda0c777aa8" Param="Value" ParentGuid="00000000-0000-0000-0000-000000000000" Value="Save" />
<ActInputValue Guid="a211263f-e565-4beb-b208-6d43bc998102" Param="ElementType" ParentGuid="00000000-0000-0000-0000-000000000000" Value="Button" />
<ActInputValue Guid="f2523662-42e4-4db4-94d3-10739d9063a2" Param="ElementAction" ParentGuid="00000000-0000-0000-0000-000000000000" Value="Click" />
<ActInputValue Guid="89acc868-dacc-45b5-92b7-f3742b636a1d" Param="WaitforIdle" ParentGuid="00000000-0000-0000-0000-000000000000" Value="Medium" />
<ActInputValue Guid="83718246-bf7b-4b83-a791-bf59f9df593e" Param="TargetLocateBy" ParentGuid="00000000-0000-0000-0000-000000000000" Value="NA" />
<ActInputValue Guid="7978113e-db03-4d6f-a9f9-e980e0c94a5d" Param="TargetElementType" ParentGuid="00000000-0000-0000-0000-000000000000" Value="Unknown" />
<ActInputValue Guid="6bff1b19-a9e6-4510-8fee-1db0a38851f9" Param="HandleElementType" ParentGuid="00000000-0000-0000-0000-000000000000" Value="Unknown" />
<ActInputValue Guid="36356653-600b-42e4-b087-fc19bbf766b3" Param="HandleActionType" ParentGuid="00000000-0000-0000-0000-000000000000" Value="Unknown" />
</InputValues>
</ActUIElement>
</Acts>
</Activity>
<Activity ActionRunOption="StopActionsRunOnFailure" Active="True" ActivitiesGroupID="Create Customer" ActivityName="Create Billing profile" AutomationStatus="Automated" ErrorHandlerMappingType="AllAvailableHandlers" Guid="f85688c9-7272-4e2d-948a-f1a7ee9fcbac" ParentGuid="00000000-0000-0000-0000-000000000000" PercentAutomated="100%" TargetApplication="MyJavaApp">
<Acts>
<ActUIElement Active="True" Description="Validate Create billing profile screen is open" EnableRetryMechanism="True" Guid="2c8db2d3-afed-4378-993a-51bd40463f15" MaxNumberOfRetries="2" ParentGuid="00000000-0000-0000-0000-000000000000" Platform="Java" RetryMechanismInterval="5" StatusConverter="None" TakeScreenShot="True" WaitVE="2" WindowsToCapture="OnlyActiveWindow">
<FlowControls>
<FlowControl Active="True" BusinessFlowControlAction="GoToBusinessFlow" FlowControlAction="StopRun" Guid="7f4e2389-aaaf-4755-9d27-f1d52c076eca" Operator="ActionFailed" ParentGuid="00000000-0000-0000-0000-000000000000" />
</FlowControls>

<InputValues>
<ActInputValue Guid="7fa693d3-cf0d-41f4-a5db-dabb045d81cb" Param="ElementAction" ParentGuid="00000000-0000-0000-0000-000000000000" Value="IsVisible" />
<ActInputValue Guid="c12c62d9-58cd-427b-bb4b-243e185a1919" Param="ElementType" ParentGuid="00000000-0000-0000-0000-000000000000" Value="TextBox" />
<ActInputValue Guid="603bbde7-5908-4d8f-ae44-120bd1c72604" Param="Value" ParentGuid="00000000-0000-0000-0000-000000000000" />
<ActInputValue Guid="cffc80f2-879e-40e4-a73d-337208bc99f5" Param="ElementLocateBy" ParentGuid="00000000-0000-0000-0000-000000000000" Value="ByXPath" />
<ActInputValue Guid="19331a47-5934-4037-9182-402ae61abbf3" Param="ElementLocateValue" ParentGuid="00000000-0000-0000-0000-000000000000" Value="/javax.swing.JRootPane[0]/null.layeredPane/null.contentPane/javax.swing.JSplitPane[0]/com.amdocs.uif.workspace.desktop.AppDesktopPane[0]/com.crmimpl.crm.isales.billingprofile.XCreateBillingProfile/javax.swing.JRootPane[0]/null.layeredPane/root/javax.swing.JViewport[0]/root/pnlFA/clfy89/subform_contact_comp/root/[[Name:txt_contact_first_name][ClassName:com.amdocs.uif.widgets.TextFieldNative$1]]" />
<ActInputValue Guid="9e78f95c-89f9-4d2b-8da3-1ce7395d8327" Param="IsWidgetsElement" ParentGuid="00000000-0000-0000-0000-000000000000" Value="false" />
<ActInputValue Guid="401d5081-5cd6-402f-8e3e-b9eeadc5768b" Param="WaitforIdle" ParentGuid="00000000-0000-0000-0000-000000000000" Value="None" />
<ActInputValue Guid="ecde6c30-180d-4a55-b29f-fd368ba24acd" Param="TargetLocateBy" ParentGuid="00000000-0000-0000-0000-000000000000" Value="NA" />
<ActInputValue Guid="5540b7b0-fd38-4833-a49f-115d112017f1" Param="TargetElementType" ParentGuid="00000000-0000-0000-0000-000000000000" Value="Unknown" />
<ActInputValue Guid="f0fc926e-d8e9-4ad6-aca5-c03311782106" Param="HandleElementType" ParentGuid="00000000-0000-0000-0000-000000000000" Value="Unknown" />
<ActInputValue Guid="39ec1b07-075b-472a-b44b-8dc0ec925c30" Param="HandleActionType" ParentGuid="00000000-0000-0000-0000-000000000000" Value="Unknown" />
</InputValues>

<ReturnValues>
<ActReturnValue Active="True" Guid="178ab374-ed85-4a74-9a00-f02d078cae31" mExpected="true" Operator="Equals" Param="Actual0" ParentGuid="00000000-0000-0000-0000-000000000000" StoreTo="None" />
</ReturnValues>
</ActUIElement>
<ActUIElement Active="True" Description="GetValue : Retrieve Customer ID" Guid="4e7a170d-3b01-4315-bc8d-29a6854f4a85" MaxNumberOfRetries="2" ParentGuid="00000000-0000-0000-0000-000000000000" Platform="Java" RetryMechanismInterval="5" StatusConverter="None" TakeScreenShot="True" WaitVE="0" WindowsToCapture="OnlyActiveWindow">
<InputValues>
<ActInputValue Guid="6e8f43df-c749-496e-b4f5-d681d54cfcab" Param="ElementAction" ParentGuid="00000000-0000-0000-0000-000000000000" Value="GetValue" />
<ActInputValue Guid="3e0cb3e3-ea8c-44ad-ae2d-797589690086" Param="ElementType" ParentGuid="00000000-0000-0000-0000-000000000000" Value="TextBox" />
<ActInputValue Guid="379fead8-289d-4a87-96df-edae0d4cdbd6" Param="Value" ParentGuid="00000000-0000-0000-0000-000000000000" />
<ActInputValue Guid="c73f5710-6649-4a8a-9780-c294ba130521" Param="ElementLocateBy" ParentGuid="00000000-0000-0000-0000-000000000000" Value="ByXPath" />
<ActInputValue Guid="e8c53fbc-f170-4770-bc79-1c79d115b6a0" Param="ElementLocateValue" ParentGuid="00000000-0000-0000-0000-000000000000" Value="/javax.swing.JRootPane[0]/null.layeredPane/null.contentPane/javax.swing.JSplitPane[0]/com.amdocs.uif.workspace.desktop.AppDesktopPane[0]/com.crmimpl.crm.isales.billingprofile.XCreateBillingProfile/javax.swing.JRootPane[0]/null.layeredPane/root/javax.swing.JViewport[0]/root/pnlCustomerDetails/[[Name:txt_customer_id][ClassName:com.amdocs.uif.widgets.TextFieldNative$1]]" />
<ActInputValue Guid="8aa81cfd-4ffa-42f5-8375-e8207a6518e8" Param="IsWidgetsElement" ParentGuid="00000000-0000-0000-0000-000000000000" Value="false" />
<ActInputValue Guid="e6a0fd65-c66a-4bce-b796-05004ca53ad3" Param="WaitforIdle" ParentGuid="00000000-0000-0000-0000-000000000000" Value="None" />
<ActInputValue Guid="407eed01-e5df-4529-9fde-677ba5acbee6" Param="TargetLocateBy" ParentGuid="00000000-0000-0000-0000-000000000000" Value="NA" />
<ActInputValue Guid="f7888ebf-16b2-4abc-a37d-ca8dfee640f2" Param="TargetElementType" ParentGuid="00000000-0000-0000-0000-000000000000" Value="Unknown" />
<ActInputValue Guid="393c3f70-a086-4839-baa3-18888eb082ce" Param="HandleElementType" ParentGuid="00000000-0000-0000-0000-000000000000" Value="Unknown" />
<ActInputValue Guid="b7b7f75b-d33c-44d6-90a0-bff84bcd9872" Param="HandleActionType" ParentGuid="00000000-0000-0000-0000-000000000000" Value="Unknown" />
</InputValues>

<ReturnValues>
<ActReturnValue Active="True" Guid="23f2a7d6-cc04-455b-9b5a-1b64203be1fb" Operator="Equals" Param="Actual0" ParentGuid="00000000-0000-0000-0000-000000000000" StoreTo="GlobalVariable" StoreToValue="80615315-dec8-4b1f-8266-bdd83f5ee25d" />
</ReturnValues>
</ActUIElement>
<ActUIElement Active="True" Description="Update account name" Guid="0237b9d9-038a-4a93-8cc3-a0b0f45114b1" MaxNumberOfRetries="2" ParentGuid="00000000-0000-0000-0000-000000000000" Platform="Java" RetryMechanismInterval="5" StatusConverter="None" TakeScreenShot="True" WaitVE="0" WindowsToCapture="OnlyActiveWindow">
<InputValues>
<ActInputValue Guid="35603a7e-1bbe-4c48-9792-a64e5293de7c" Param="ElementLocateBy" ParentGuid="00000000-0000-0000-0000-000000000000" Value="ByXPath" />
<ActInputValue Guid="c3bc6b54-fb0c-4c0b-8fb7-19dca7c735b1" Param="ElementLocateValue" ParentGuid="00000000-0000-0000-0000-000000000000" Value="/javax.swing.JRootPane[0]/null.layeredPane/null.contentPane/javax.swing.JSplitPane[0]/com.amdocs.uif.workspace.desktop.AppDesktopPane[0]/com.crmimpl.crm.isales.billingprofile.XCreateBillingProfile/javax.swing.JRootPane[0]/null.layeredPane/root/javax.swing.JViewport[0]/root/pnlFA/pnlFinAccntDetails/[[Name:txtName][ClassName:com.amdocs.uif.widgets.TextFieldNative$1]]" />
<ActInputValue Guid="0f754c21-2686-4143-afc1-4f34328913b5" Param="Value" ParentGuid="00000000-0000-0000-0000-000000000000" Value="accountnameBP{CS Exp=DateTimeOffset.UtcNow.ToUnixTimeSeconds()}" />
<ActInputValue Guid="118d6411-06dc-46ad-a745-9aa07ff07620" Param="ElementType" ParentGuid="00000000-0000-0000-0000-000000000000" Value="TextBox" />
<ActInputValue Guid="7832d0a2-af55-402e-ae04-8f6b3313882d" Param="ElementAction" ParentGuid="00000000-0000-0000-0000-000000000000" Value="SetValue" />
<ActInputValue Guid="471a083f-d356-47b6-a1cc-0d5a6aa72414" Param="IsWidgetsElement" ParentGuid="00000000-0000-0000-0000-000000000000" Value="false" />
<ActInputValue Guid="0015dd9e-ecd1-46df-826b-381d5419fdea" Param="WaitforIdle" ParentGuid="00000000-0000-0000-0000-000000000000" Value="None" />
<ActInputValue Guid="790d84e1-a70f-429b-b6b8-df2d367741dd" Param="TargetLocateBy" ParentGuid="00000000-0000-0000-0000-000000000000" Value="NA" />
<ActInputValue Guid="f327f1f9-30dd-42f2-8a2f-69263c456824" Param="TargetElementType" ParentGuid="00000000-0000-0000-0000-000000000000" Value="Unknown" />
<ActInputValue Guid="3b0a30de-e000-4c33-b565-88c2aa6809d4" Param="HandleElementType" ParentGuid="00000000-0000-0000-0000-000000000000" Value="Unknown" />
<ActInputValue Guid="6cfd37ce-079f-4704-88b3-a5696db3dbe5" Param="HandleActionType" ParentGuid="00000000-0000-0000-0000-000000000000" Value="Unknown" />
</InputValues>
</ActUIElement>
<ActUIElement Active="True" Description="Disable checkbox Pay means" Guid="f516b20a-cf83-497f-85a2-81d75341237c" MaxNumberOfRetries="2" ParentGuid="00000000-0000-0000-0000-000000000000" Platform="Java" RetryMechanismInterval="5" StatusConverter="None" TakeScreenShot="True" WaitVE="0" WindowsToCapture="OnlyActiveWindow">
<InputValues>
<ActInputValue Guid="b3e6e4b6-8009-4436-b705-81b20ac4af20" Param="ElementLocateBy" ParentGuid="00000000-0000-0000-0000-000000000000" Value="ByXPath" />
<ActInputValue Guid="253469fc-4ad6-4ac2-9853-744ad68083ef" Param="ElementLocateValue" ParentGuid="00000000-0000-0000-0000-000000000000" Value="/javax.swing.JRootPane[0]/null.layeredPane/null.contentPane/javax.swing.JSplitPane[0]/com.amdocs.uif.workspace.desktop.AppDesktopPane[0]/com.crmimpl.crm.isales.billingprofile.XCreateBillingProfile/javax.swing.JRootPane[0]/null.layeredPane/root/javax.swing.JViewport[0]/root/pnlPayMeansAndBilling/clfy120/Panel_3_23/[[Name:cb_pm_cash][ClassName:javax.swing.JCheckBox]]" />
<ActInputValue Guid="323ff8f6-e5db-4d15-9c20-420561ca3804" Param="ElementType" ParentGuid="00000000-0000-0000-0000-000000000000" Value="CheckBox" />
<ActInputValue Guid="1df78ba2-e38d-473f-a90c-da7eaee6548f" Param="ElementAction" ParentGuid="00000000-0000-0000-0000-000000000000" Value="Toggle" />
<ActInputValue Guid="8d0ecb79-ccf6-4585-9538-ae57b6bfca04" Param="IsWidgetsElement" ParentGuid="00000000-0000-0000-0000-000000000000" Value="false" />
<ActInputValue Guid="17d82b4d-0f7f-4aac-840a-59cc9977485d" Param="WaitforIdle" ParentGuid="00000000-0000-0000-0000-000000000000" Value="None" />
<ActInputValue Guid="41485565-765f-4815-8edf-85170acc7bd4" Param="TargetLocateBy" ParentGuid="00000000-0000-0000-0000-000000000000" Value="NA" />
<ActInputValue Guid="bfc17edc-b975-442f-9d9f-93f13f66e9be" Param="TargetElementType" ParentGuid="00000000-0000-0000-0000-000000000000" Value="Unknown" />
<ActInputValue Guid="16b069cb-1c4b-4d6b-864a-28c996e34243" Param="HandleElementType" ParentGuid="00000000-0000-0000-0000-000000000000" Value="Unknown" />
<ActInputValue Guid="c0248c0d-4325-40e0-817f-9075d83da67b" Param="HandleActionType" ParentGuid="00000000-0000-0000-0000-000000000000" Value="Unknown" />
</InputValues>
</ActUIElement>
<ActUIElement Active="True" Description="Disable checkbox New pay mean" Guid="43e555c6-33e3-4261-86a0-bf17d2755c83" MaxNumberOfRetries="2" ParentGuid="00000000-0000-0000-0000-000000000000" Platform="Java" RetryMechanismInterval="5" StatusConverter="None" TakeScreenShot="True" WaitVE="0" WindowsToCapture="OnlyActiveWindow">
<InputValues>
<ActInputValue Guid="3aa41690-7a94-4d3c-b497-b5c1a15ed54d" Param="ElementLocateBy" ParentGuid="00000000-0000-0000-0000-000000000000" Value="ByXPath" />
<ActInputValue Guid="c586ce48-548e-4c43-b039-720009e1e245" Param="ElementLocateValue" ParentGuid="00000000-0000-0000-0000-000000000000" Value="/javax.swing.JRootPane[0]/null.layeredPane/null.contentPane/javax.swing.JSplitPane[0]/com.amdocs.uif.workspace.desktop.AppDesktopPane[0]/com.crmimpl.crm.isales.billingprofile.XCreateBillingProfile/javax.swing.JRootPane[0]/null.layeredPane/root/javax.swing.JViewport[0]/root/pnlPayMeansAndBilling/clfy120/subform_pm_create_comp/root/pnlType/[[Name:newPMcheckbox][ClassName:javax.swing.JCheckBox]]" />
<ActInputValue Guid="7b944962-958f-463f-951c-b4fb84f0b645" Param="ElementType" ParentGuid="00000000-0000-0000-0000-000000000000" Value="CheckBox" />
<ActInputValue Guid="fd72c49a-4d65-4d8e-abd0-3d4a09fbd28a" Param="ElementAction" ParentGuid="00000000-0000-0000-0000-000000000000" Value="Toggle" />
<ActInputValue Guid="3841ff22-61f0-4502-83dc-7e86f2363bce" Param="IsWidgetsElement" ParentGuid="00000000-0000-0000-0000-000000000000" Value="false" />
<ActInputValue Guid="6d7dd8ee-1660-4f6c-8672-559af34b95ef" Param="WaitforIdle" ParentGuid="00000000-0000-0000-0000-000000000000" Value="None" />
<ActInputValue Guid="093b6d66-233a-4b7b-827e-0a0ebe5bc357" Param="TargetLocateBy" ParentGuid="00000000-0000-0000-0000-000000000000" Value="NA" />
<ActInputValue Guid="2c574067-ea00-41b6-b990-dfd42c47ef18" Param="TargetElementType" ParentGuid="00000000-0000-0000-0000-000000000000" Value="Unknown" />
<ActInputValue Guid="c2b9ee10-ddbc-4a9e-bf53-e7083f07ba3b" Param="HandleElementType" ParentGuid="00000000-0000-0000-0000-000000000000" Value="Unknown" />
<ActInputValue Guid="1766f3aa-8b40-4118-ae73-b903d50b4803" Param="HandleActionType" ParentGuid="00000000-0000-0000-0000-000000000000" Value="Unknown" />
</InputValues>
</ActUIElement>
<ActUIElement Active="True" Description="Select RadioButton'Save and Close Window'" Guid="f2de3dce-6097-4f92-9677-f640710f9425" MaxNumberOfRetries="2" ParentGuid="00000000-0000-0000-0000-000000000000" Platform="Java" RetryMechanismInterval="5" StatusConverter="None" TakeScreenShot="True" WaitVE="0" WindowsToCapture="OnlyActiveWindow">
<ActionLogConfig>
<ActionLogConfig Guid="399e0f26-ac4b-4613-aff3-c25ebe951af2" ParentGuid="00000000-0000-0000-0000-000000000000" />
</ActionLogConfig>

<InputValues>
<ActInputValue Guid="f94882b2-aadf-443c-b6f5-21d3ead1051c" Param="ElementLocateBy" ParentGuid="00000000-0000-0000-0000-000000000000" Value="ByXPath" />
<ActInputValue Guid="153ebf94-c59e-4938-a3e4-4d210799b8e8" Param="ElementLocateValue" ParentGuid="00000000-0000-0000-0000-000000000000" Value="/javax.swing.JRootPane[0]/null.layeredPane/null.contentPane/javax.swing.JSplitPane[0]/com.amdocs.uif.workspace.desktop.AppDesktopPane[0]/com.crmimpl.crm.isales.billingprofile.XCreateBillingProfile/javax.swing.JRootPane[0]/null.layeredPane/root/javax.swing.JViewport[0]/root/clfy150/[[Name:radBtn_saveAndClose][ClassName:javax.swing.JRadioButton]]" />
<ActInputValue Guid="258a836e-9f0c-41b8-b785-51f6457b4498" Param="ElementType" ParentGuid="00000000-0000-0000-0000-000000000000" Value="RadioButton" />
<ActInputValue Guid="c6e70ab5-8e2f-4032-8a0b-319fa69eb3dd" Param="ElementAction" ParentGuid="00000000-0000-0000-0000-000000000000" Value="Select" />
<ActInputValue Guid="59d19eef-87cd-4d03-84e3-00ba1d8193f6" Param="TargetLocateBy" ParentGuid="00000000-0000-0000-0000-000000000000" Value="NA" />
<ActInputValue Guid="545f4743-5a6b-40f9-98d9-4a37beacecaf" Param="TargetElementType" ParentGuid="00000000-0000-0000-0000-000000000000" Value="Unknown" />
<ActInputValue Guid="6a56e5a1-2e78-4852-9ecc-7b3fffe89a8d" Param="HandleElementType" ParentGuid="00000000-0000-0000-0000-000000000000" Value="Unknown" />
<ActInputValue Guid="66432c13-edd2-4acd-9e2a-54d735cd37db" Param="HandleActionType" ParentGuid="00000000-0000-0000-0000-000000000000" Value="Unknown" />
<ActInputValue Guid="cd14725b-4dd9-4ae6-836c-c8d5b0ccd803" Param="IsWidgetsElement" ParentGuid="00000000-0000-0000-0000-000000000000" Value="false" />
<ActInputValue Guid="f358ccee-0a34-42a2-8175-72266451724a" Param="WaitforIdle" ParentGuid="00000000-0000-0000-0000-000000000000" Value="None" />
</InputValues>
</ActUIElement>
<ActUIElement Active="True" Description="Click Button 'Save'" Guid="5e07946d-c5d7-4cc1-b85b-4139446ee5a9" MaxNumberOfRetries="2" ParentGuid="00000000-0000-0000-0000-000000000000" Platform="Java" RetryMechanismInterval="5" StatusConverter="None" TakeScreenShot="True" WaitVE="0" WindowsToCapture="OnlyActiveWindow">
<InputValues>
<ActInputValue Guid="3fbb0c30-e6db-4143-85ce-fdd36754303b" Param="ElementLocateBy" ParentGuid="00000000-0000-0000-0000-000000000000" Value="ByXPath" />
<ActInputValue Guid="541a3897-af52-4f14-9eed-5b9d7128f3a5" Param="ElementLocateValue" ParentGuid="00000000-0000-0000-0000-000000000000" Value="/javax.swing.JRootPane[0]/null.layeredPane/null.contentPane/javax.swing.JSplitPane[0]/com.amdocs.uif.workspace.desktop.AppDesktopPane[0]/com.crmimpl.crm.isales.billingprofile.XCreateBillingProfile/javax.swing.JRootPane[0]/null.layeredPane/root/javax.swing.JViewport[0]/root/clfy150/[[Name:btn_save][ClassName:com.amdocs.uif.widgets.ButtonNative$JXButton]]" />
<ActInputValue Guid="d8878122-5107-41ff-9683-86bc38ffcdbc" Param="Value" ParentGuid="00000000-0000-0000-0000-000000000000" Value="Save" />
<ActInputValue Guid="c91de791-cab5-48a6-be31-b72d246e1095" Param="ElementType" ParentGuid="00000000-0000-0000-0000-000000000000" Value="Button" />
<ActInputValue Guid="9f4769a2-f261-4ba9-a9e7-bc6ad686e3b4" Param="ElementAction" ParentGuid="00000000-0000-0000-0000-000000000000" Value="Click" />
<ActInputValue Guid="83d64994-e39f-4b54-a756-4010a27a8d82" Param="WaitforIdle" ParentGuid="00000000-0000-0000-0000-000000000000" Value="Medium" />
<ActInputValue Guid="43b29860-7208-414b-9244-a130cde730c6" Param="IsWidgetsElement" ParentGuid="00000000-0000-0000-0000-000000000000" Value="false" />
<ActInputValue Guid="fc68cc13-eaf9-4e92-a501-54ab7d663a96" Param="TargetLocateBy" ParentGuid="00000000-0000-0000-0000-000000000000" Value="NA" />
<ActInputValue Guid="89b8c201-79e9-433b-93bf-544bb6f0f7a9" Param="TargetElementType" ParentGuid="00000000-0000-0000-0000-000000000000" Value="Unknown" />
<ActInputValue Guid="d099d47b-6517-410f-b8f5-4a3b788d426d" Param="HandleElementType" ParentGuid="00000000-0000-0000-0000-000000000000" Value="Unknown" />
<ActInputValue Guid="2384ec89-1d41-4f14-a4d5-42ae339ef11f" Param="HandleActionType" ParentGuid="00000000-0000-0000-0000-000000000000" Value="Unknown" />
</InputValues>
</ActUIElement>
<ActDBValidation Active="True" AppName="MyJavaApp" DBName="ABP" DBValidationType="FreeSQL" Description="DataBase Action- Validate table Customer" EnableRetryMechanism="True" Guid="e4d63d66-6fea-4bef-aadc-642856a7ca2d" MaxNumberOfRetries="5" ParentGuid="00000000-0000-0000-0000-000000000000" Platform="NA" RetryMechanismInterval="3" StatusConverter="None" TakeScreenShot="True" WaitVE="0" WindowsToCapture="OnlyActiveWindow">
<InputValues>
<ActInputValue Guid="1cfd3f23-2392-4643-8866-b653bc50c0fb" Param="SQL" ParentGuid="00000000-0000-0000-0000-000000000000" Value="select count (1) from customer where customer_id = {Var Name=Output Customer ID}" />
<ActInputValue Guid="5ecead3d-2162-4d43-ab06-9b464d407f50" Param="QueryTypeRadioButton" ParentGuid="00000000-0000-0000-0000-000000000000" Value="FreeSQL" />
<ActInputValue Guid="6ad1017d-c5f2-4b5d-a0a6-06958357960e" Param="QueryFile" ParentGuid="00000000-0000-0000-0000-000000000000" />
<ActInputValue Guid="e784fef0-3a8a-48db-8ae8-aa25d7b71ab2" Param="CommitDB" ParentGuid="00000000-0000-0000-0000-000000000000" />
</InputValues>

<ReturnValues>
<ActReturnValue Active="True" Guid="b8e650e0-7296-42d4-8797-90704fb58e8f" mExpected="1" Operator="Equals" Param="COUNT(1)" ParentGuid="00000000-0000-0000-0000-000000000000" StoreTo="None" />
</ReturnValues>
</ActDBValidation>
<ActDBValidation Active="True" AppName="MyJavaApp" DBName="ABP" DBValidationType="FreeSQL" Description="DataBase Action - validate BL1_customer" EnableRetryMechanism="True" Guid="daecf7a1-52ea-42f4-87b4-a1e10491777b" MaxNumberOfRetries="3" ParentGuid="00000000-0000-0000-0000-000000000000" Platform="NA" RetryMechanismInterval="3" StatusConverter="None" TakeScreenShot="True" WaitVE="0" WindowsToCapture="OnlyActiveWindow">
<InputValues>
<ActInputValue Guid="90cd9f50-e723-4615-b8a7-300cf19d59ac" Param="SQL" ParentGuid="00000000-0000-0000-0000-000000000000" Value="select count (1) from bl1_customer where customer_id = {Var Name=Output Customer ID}" />
<ActInputValue Guid="8c1f11ed-7a36-4248-b806-0b3358610804" Param="QueryTypeRadioButton" ParentGuid="00000000-0000-0000-0000-000000000000" Value="FreeSQL" />
<ActInputValue Guid="0f774a15-a9ea-4cc8-99cf-5dc137980f56" Param="QueryFile" ParentGuid="00000000-0000-0000-0000-000000000000" />
<ActInputValue Guid="5a4b735b-79ac-43a8-89df-acb8fad698c3" Param="CommitDB" ParentGuid="00000000-0000-0000-0000-000000000000" />
</InputValues>

<ReturnValues>
<ActReturnValue Active="True" Guid="ea1ffa6e-d825-4c1f-8aa7-4b6e027923b6" mExpected="1" Operator="Equals" Param="COUNT(1)" ParentGuid="00000000-0000-0000-0000-000000000000" StoreTo="None" />
</ReturnValues>
</ActDBValidation>
<ActDBValidation Active="True" AppName="MyJavaApp" DBName="ABP" DBValidationType="FreeSQL" Description="DataBase Action - validate AR1_ACCOUNT" EnableRetryMechanism="True" Guid="09e36064-25fb-4b67-aaa3-bbc8e6b6b4a4" MaxNumberOfRetries="4" ParentGuid="00000000-0000-0000-0000-000000000000" Platform="NA" RetryMechanismInterval="3" StatusConverter="None" TakeScreenShot="True" WaitVE="0" WindowsToCapture="OnlyActiveWindow">
<InputValues>
<ActInputValue Guid="11476ec4-3c8f-47f8-b7b5-a991418181da" Param="SQL" ParentGuid="00000000-0000-0000-0000-000000000000" Value="select count (1) from ar1_account where customer_no = {Var Name=Output Customer ID}" />
<ActInputValue Guid="49f4fb92-1572-41b5-bf53-2e46efd9b091" Param="QueryTypeRadioButton" ParentGuid="00000000-0000-0000-0000-000000000000" Value="FreeSQL" />
<ActInputValue Guid="f7ee77bf-4913-4bb6-b203-ea2990c576c5" Param="QueryFile" ParentGuid="00000000-0000-0000-0000-000000000000" />
<ActInputValue Guid="026e200c-db2d-4119-86ef-df5f7dc2719a" Param="CommitDB" ParentGuid="00000000-0000-0000-0000-000000000000" />
</InputValues>

<ReturnValues>
<ActReturnValue Active="True" Guid="b0fdc417-ab0a-424d-8bc4-3f294c8cda68" mExpected="1" Operator="Equals" Param="COUNT(1)" ParentGuid="00000000-0000-0000-0000-000000000000" StoreTo="None" />
</ReturnValues>
</ActDBValidation>
<ActDBValidation Active="True" AppName="MyJavaApp" DBName="ABP" DBValidationType="FreeSQL" Description="DataBase Action - validate BL1_BLNG_ARRANGEMENT" EnableRetryMechanism="True" Guid="ed5ef2ff-3fdb-4409-ad42-080ec4acdb9a" MaxNumberOfRetries="4" ParentGuid="00000000-0000-0000-0000-000000000000" Platform="NA" RetryMechanismInterval="3" StatusConverter="None" TakeScreenShot="True" WaitVE="0" WindowsToCapture="OnlyActiveWindow">
<InputValues>
<ActInputValue Guid="b6b0996c-7393-4e36-93ff-9c1c5557b39b" Param="SQL" ParentGuid="00000000-0000-0000-0000-000000000000" Value="select count (1) from bl1_blng_arrangement where ba_customer_no = {Var Name=Output Customer ID}" />
<ActInputValue Guid="af07971e-3eb1-4ba3-a7ab-a575c47b44bc" Param="QueryTypeRadioButton" ParentGuid="00000000-0000-0000-0000-000000000000" Value="FreeSQL" />
<ActInputValue Guid="00ca21d5-dca3-4442-bdea-2831e56c8b3c" Param="QueryFile" ParentGuid="00000000-0000-0000-0000-000000000000" />
<ActInputValue Guid="3498c6b7-5b26-4de0-980e-c992270bb6ca" Param="CommitDB" ParentGuid="00000000-0000-0000-0000-000000000000" />
</InputValues>

<ReturnValues>
<ActReturnValue Active="True" Guid="ce96e9b3-818a-4e0e-8de8-330b42e1e493" mExpected="1" Operator="Equals" Param="COUNT(1)" ParentGuid="00000000-0000-0000-0000-000000000000" StoreTo="None" />
</ReturnValues>
</ActDBValidation>
</Acts>

<Variables>
<VariableString Guid="80615315-dec8-4b1f-8266-bdd83f5ee25d" InitialStringValue="102018298" MappedOutputType="None" Name="Output Customer ID" ParentGuid="00000000-0000-0000-0000-000000000000" SetAsInputValue="False" SetAsOutputValue="False" />
</Variables>
</Activity>
</Activities>

<ActivitiesGroups>
<ActivitiesGroup Guid="32f34551-9f80-4c27-b4a6-79c94a8570fd" Name="Create Customer" ParentGuid="00000000-0000-0000-0000-000000000000">
<ActivitiesIdentifiers>
<ActivityIdentifiers ActivityAutomationStatus="Automated" ActivityGuid="b7aa0d4a-3cdf-4ebd-9830-9ed55a07e768" ActivityName="Open create customer screen and fill basic data" Guid="19863d85-2594-4d21-839f-f50fea2a1e1c" ParentGuid="00000000-0000-0000-0000-000000000000" />
<ActivityIdentifiers ActivityAutomationStatus="Automated" ActivityGuid="7833292d-2e92-4208-a927-db67af1ddf8c" ActivityName="Create Address" Guid="3d612a92-226b-4ab8-867b-e6dd1c888d32" ParentGuid="00000000-0000-0000-0000-000000000000" />
<ActivityIdentifiers ActivityAutomationStatus="Automated" ActivityGuid="d72d17b4-7fb6-4b7e-9d07-0f0e488b9a81" ActivityName="Save customer" Guid="d7e8910a-ad21-4d8d-9dfc-c910786deaf0" ParentGuid="00000000-0000-0000-0000-000000000000" />
<ActivityIdentifiers ActivityAutomationStatus="Automated" ActivityGuid="f85688c9-7272-4e2d-948a-f1a7ee9fcbac" ActivityName="Create Billing profile" Guid="3c7a143c-5267-4d53-bb9f-a42a9967a401" ParentGuid="00000000-0000-0000-0000-000000000000" />
</ActivitiesIdentifiers>
</ActivitiesGroup>
</ActivitiesGroups>

<TargetApplications>
<TargetApplication AppName="MyJavaApp" Guid="452d7575-0a05-471c-93b1-610d0a402b34" LastExecutingAgentName="MyJavaApp - Agent 1" ParentGuid="00000000-0000-0000-0000-000000000000" />
<TargetApplication AppName="MyWindowsApp" Guid="c4e0508f-9eec-44dd-b553-6f94fa35d323" LastExecutingAgentName="Windows" ParentGuid="00000000-0000-0000-0000-000000000000" />
<TargetApplication AppName="Mediation" Guid="3f18547b-4a53-4ae7-8629-0b4c941f7e0f" LastExecutingAgentName="Unix" ParentGuid="00000000-0000-0000-0000-000000000000" />
</TargetApplications>
</BusinessFlow></GingerRepositoryItem>