﻿<?xml version="1.0" encoding="utf-8"?>
<GingerRepositoryItem><Header ItemGuid="2c34bba9-cb27-430f-b531-fcf5c3e749fe" ItemType="BusinessFlow" CreatedBy="christian.poblete" Created="202101182022" GingerVersion="3.6.0.0" Version="46" LastUpdateBy="christian.poblete" LastUpdate="202101261609" />
<BusinessFlow Guid="2c34bba9-cb27-430f-b531-fcf5c3e749fe" Name="Start Interaction By service_ID" ParentGuid="00000000-0000-0000-0000-000000000000" Source="Ginger" Status="Unknown">
<Activities>
<Activity ActionRunOption="StopActionsRunOnFailure" Active="True" ActivitiesGroupID="Group" ActivityName="Start Interaction By service ID" AutomationStatus="Automated" ErrorHandlerMappingType="AllAvailableHandlers" Guid="4e8f9871-1a5e-49cb-86c3-b27ecb283a41" ParentGuid="00000000-0000-0000-0000-000000000000" PercentAutomated="75%" TargetApplication="MyJavaApp">
<Acts>
<ActSwitchWindow Active="True" Description="Switch Window Action - Amdocs Customer Interaction Manager" EnableRetryMechanism="True" Guid="84a17b88-76de-4ab6-be62-1b7f2cde0106" MaxNumberOfRetries="12" ParentGuid="00000000-0000-0000-0000-000000000000" Platform="NA" RetryMechanismInterval="5" StatusConverter="None" TakeScreenShot="True" Timeout="50" WaitVE="1" WindowsToCapture="OnlyActiveWindow">
<FlowControls>
<FlowControl Active="True" BusinessFlowControlAction="GoToBusinessFlow" Condition="&quot;{ActionStatus}&quot; = &quot;Failed&quot;" FlowControlAction="GoToNextAction" Guid="f4547ba2-5d6b-46f4-a389-c4cb7c2dc7f2" Operator="Legacy" ParentGuid="00000000-0000-0000-0000-000000000000" />
<FlowControl Active="True" BusinessFlowControlAction="GoToBusinessFlow" Condition="&quot;{ActionStatus}&quot; = &quot;Failed&quot;" FlowControlAction="RerunAction" Guid="d79071eb-f573-447e-9e25-0163dbd1e94b" Operator="Legacy" ParentGuid="00000000-0000-0000-0000-000000000000" />
</FlowControls>

<InputValues>
<ActInputValue Guid="3c8aa244-b0ce-4da7-809d-51a725fb153d" Param="LocateBy" ParentGuid="00000000-0000-0000-0000-000000000000" Value="ByTitle" />
<ActInputValue Guid="38f29d19-9158-4ed8-b748-14030f059499" Param="LocateValue" ParentGuid="00000000-0000-0000-0000-000000000000" Value="Amdocs Customer" />
<ActInputValue Guid="704c5c3d-7adb-4291-a223-0a7b53a40e5f" Param="WaitTime" ParentGuid="00000000-0000-0000-0000-000000000000" Value="0" />
</InputValues>
</ActSwitchWindow>
<ActUIElement Description="Click Button &quot;Search&quot;" Guid="f36fc266-44d5-4e26-a07e-d112ffb470bb" MaxNumberOfRetries="2" ParentGuid="00000000-0000-0000-0000-000000000000" Platform="Java" RetryMechanismInterval="5" StatusConverter="IgnoreFail" TakeScreenShot="True" Timeout="15" WaitVE="2" WindowsToCapture="OnlyActiveWindow">
<InputValues>
<ActInputValue Guid="94802a2c-8c41-42d4-afa6-eb3ab90d7da7" Param="ElementLocateBy" ParentGuid="00000000-0000-0000-0000-000000000000" Value="ByXPath" />
<ActInputValue Guid="3b4f5720-871f-4ab3-a400-08ac29b6e21d" Param="ElementLocateValue" ParentGuid="00000000-0000-0000-0000-000000000000" Value="/javax.swing.JRootPane[0]/null.layeredPane/null.contentPane/com.amdocs.uif.workspace.ToolBarPane[0]/CIM Find Caller/com.amdocs.uif.workspace.MDIWorkspace$23[0]/null.layeredPane/root/Panel_2_370/[[Name:btnFindCaller][ClassName:com.amdocs.uif.widgets.ButtonNative$JXButton]]" />
<ActInputValue Guid="532377d4-5a7d-4c3f-bba1-4bdcfd50f3b1" Param="Value" ParentGuid="00000000-0000-0000-0000-000000000000" />
<ActInputValue Guid="8b65bf9c-e2d9-4ffb-9e16-3e1c9aed61a2" Param="ElementType" ParentGuid="00000000-0000-0000-0000-000000000000" Value="Button" />
<ActInputValue Guid="84f9ebdc-682b-49f1-afc5-40c06bae36b8" Param="ElementAction" ParentGuid="00000000-0000-0000-0000-000000000000" Value="AsyncClick" />
<ActInputValue Guid="41cb72a9-36ae-44a3-8cb5-49390a2d0347" Param="WaitforIdle" ParentGuid="00000000-0000-0000-0000-000000000000" Value="Medium" />
<ActInputValue Guid="68f04ced-5ed1-48d7-81d3-78584fa75bd7" Param="IsWidgetsElement" ParentGuid="00000000-0000-0000-0000-000000000000" Value="false" />
<ActInputValue Guid="f1f9e652-6653-46f6-b00e-3c505b9ec7ed" Param="TargetLocateBy" ParentGuid="00000000-0000-0000-0000-000000000000" Value="NA" />
<ActInputValue Guid="f5eef7c6-5047-4962-9274-9d74553c6ca7" Param="TargetElementType" ParentGuid="00000000-0000-0000-0000-000000000000" Value="Unknown" />
<ActInputValue Guid="a1784a75-353c-4ede-aa7b-fdc8066ffbec" Param="HandleElementType" ParentGuid="00000000-0000-0000-0000-000000000000" Value="Unknown" />
<ActInputValue Guid="71a54e53-569d-4f78-ad69-0ed5dac2dde3" Param="HandleActionType" ParentGuid="00000000-0000-0000-0000-000000000000" Value="Unknown" />
<ActInputValue Guid="597b8ecd-bf9d-44d4-b3b7-ca115be3b3e9" Param="XCoordinate" ParentGuid="00000000-0000-0000-0000-000000000000" />
<ActInputValue Guid="652c1711-9638-4bc2-bd71-44d77679fcff" Param="ValueToSelect" ParentGuid="00000000-0000-0000-0000-000000000000" />
<ActInputValue Guid="fcb285bb-3250-44e3-a3d4-d3a438e0bef6" Param="YCoordinate" ParentGuid="00000000-0000-0000-0000-000000000000" />
<ActInputValue Guid="e569e8d0-d67f-4477-a30f-fa3184cb68a3" Param="ControlAction" ParentGuid="00000000-0000-0000-0000-000000000000" />
</InputValues>
</ActUIElement>
<ActUIElement Description="Verify search screen is displayed" EnableRetryMechanism="True" Guid="940112aa-61d9-4711-bb93-e719926ccce3" MaxNumberOfRetries="5" ParentGuid="00000000-0000-0000-0000-000000000000" Platform="Java" RetryMechanismInterval="3" StatusConverter="None" TakeScreenShot="True" Timeout="6" WaitVE="0" WindowsToCapture="OnlyActiveWindow">
<FlowControls>
<FlowControl Active="True" BusinessFlowControlAction="GoToBusinessFlow" FlowControlAction="GoToAction" Guid="5920e94a-5e7e-4247-a57b-269fa38ae52b" Operator="ActionFailed" ParentGuid="00000000-0000-0000-0000-000000000000" Value="f36fc266-44d5-4e26-a07e-d112ffb470bb#GUID_NAME#Click Button &quot;Search&quot;" />
</FlowControls>

<InputValues>
<ActInputValue Guid="d8b181b9-e2a9-40f4-b030-682f0d7c48cc" Param="ElementLocateBy" ParentGuid="00000000-0000-0000-0000-000000000000" Value="ByXPath" />
<ActInputValue Guid="8af2440f-24a8-4fc9-804b-455150e76c76" Param="ElementLocateValue" ParentGuid="00000000-0000-0000-0000-000000000000" Value="/javax.swing.JRootPane[0]/null.layeredPane/null.contentPane/javax.swing.JSplitPane[0]/com.amdocs.uif.workspace.desktop.AppDesktopPane[0]/com.crmimpl.crm.cim.findcaller.XFindCallerCimBillingSearch/javax.swing.JRootPane[0]/null.layeredPane/root/javax.swing.JViewport[0]/root/pnlBtn/[[Name:btnSearchNow][ClassName:com.amdocs.uif.widgets.ButtonNative$JXButton]]" />
<ActInputValue Guid="f0f292fd-afc9-49ac-a9da-ed4df8c5a555" Param="Value" ParentGuid="00000000-0000-0000-0000-000000000000" />
<ActInputValue Guid="559327ea-5f73-4303-8a66-572460b0053a" Param="ElementType" ParentGuid="00000000-0000-0000-0000-000000000000" Value="Button" />
<ActInputValue Guid="29633bcc-694b-4905-ba14-0187d38f25c7" Param="ElementAction" ParentGuid="00000000-0000-0000-0000-000000000000" Value="IsVisible" />
<ActInputValue Guid="f2333ee8-ebc1-42b2-87f2-6c123d60a29f" Param="WaitforIdle" ParentGuid="00000000-0000-0000-0000-000000000000" Value="Medium" />
<ActInputValue Guid="a35b0844-20a1-4920-b30c-9c672a31cf0d" Param="TargetLocateBy" ParentGuid="00000000-0000-0000-0000-000000000000" Value="NA" />
<ActInputValue Guid="451bc957-8c65-46ac-9d77-74b68d1c05f4" Param="TargetElementType" ParentGuid="00000000-0000-0000-0000-000000000000" Value="Unknown" />
<ActInputValue Guid="74716a39-40ff-46b2-92e2-1dda52a505cd" Param="HandleElementType" ParentGuid="00000000-0000-0000-0000-000000000000" Value="Unknown" />
<ActInputValue Guid="2a632509-c78c-4fb5-bd87-d6c0eb8a467c" Param="HandleActionType" ParentGuid="00000000-0000-0000-0000-000000000000" Value="Unknown" />
<ActInputValue Guid="29414ea0-66b4-46b4-b65f-e3522e99ea81" Param="IsWidgetsElement" ParentGuid="00000000-0000-0000-0000-000000000000" Value="false" />
<ActInputValue Guid="746a4a48-6dab-46aa-a1bd-5cd0d6a57d1b" Param="XCoordinate" ParentGuid="00000000-0000-0000-0000-000000000000" />
<ActInputValue Guid="cd35c66d-4588-4a48-8518-d0a82cb24b82" Param="ValueToSelect" ParentGuid="00000000-0000-0000-0000-000000000000" />
<ActInputValue Guid="3a05d0f3-4e4e-4b83-8e05-6624d155a5aa" Param="YCoordinate" ParentGuid="00000000-0000-0000-0000-000000000000" />
<ActInputValue Guid="45e4d2a8-0b6d-4bc3-80da-5085dcfc659e" Param="ControlAction" ParentGuid="00000000-0000-0000-0000-000000000000" />
</InputValues>

<ReturnValues>
<ActReturnValue Active="True" Guid="c1fa1b32-3187-4d83-9a2b-8ef8f049a964" mExpected="true" Operator="Equals" Param="Actual0" ParentGuid="00000000-0000-0000-0000-000000000000" StoreTo="None" />
</ReturnValues>
</ActUIElement>
<ActUIElement Active="True" Description="Click : btnFindCaller" EnableRetryMechanism="True" Guid="6024dc6e-ded2-433f-bdab-b03e4a8081e5" MaxNumberOfRetries="2" ParentGuid="00000000-0000-0000-0000-000000000000" Platform="Java" RetryMechanismInterval="5" StatusConverter="None" WaitVE="0" WindowsToCapture="OnlyActiveWindow">
<InputValues>
<ActInputValue Guid="f83af23a-b327-4b12-8f32-aaac83af03ba" Param="ElementAction" ParentGuid="00000000-0000-0000-0000-000000000000" Value="Click" />
<ActInputValue Guid="0441989b-b2cf-43a8-9cc3-bed3e21cb714" Param="ElementType" ParentGuid="00000000-0000-0000-0000-000000000000" Value="Button" />
<ActInputValue Guid="3a084f8d-82b2-4aa6-b6d0-db44eda3156f" Param="Value" ParentGuid="00000000-0000-0000-0000-000000000000" />
<ActInputValue Guid="65d61cc6-61a5-43ca-9673-56e5ce580dde" Param="ElementLocateBy" ParentGuid="00000000-0000-0000-0000-000000000000" Value="ByName" />
<ActInputValue Guid="c098c9f0-e949-4d9e-a5dc-9f5fc0154396" Param="ElementLocateValue" ParentGuid="00000000-0000-0000-0000-000000000000" Value="btnFindCaller" />
<ActInputValue Guid="3cc91b1a-a63c-481d-a2a0-a6e07f16b144" Param="ValueToSelect" ParentGuid="00000000-0000-0000-0000-000000000000" />
<ActInputValue Guid="c2b902ff-840d-48c7-8a66-db594b105019" Param="IsWidgetsElement" ParentGuid="00000000-0000-0000-0000-000000000000" Value="false" />
<ActInputValue Guid="1cf0ff49-34b7-46be-b558-57a177fbac98" Param="WaitforIdle" ParentGuid="00000000-0000-0000-0000-000000000000" Value="Medium" />
<ActInputValue Guid="1ab08018-7dca-4c9e-b8fb-250a0c73ce8b" Param="TargetLocateBy" ParentGuid="00000000-0000-0000-0000-000000000000" Value="NA" />
<ActInputValue Guid="5c77f88a-3485-4adc-b39c-85e61d4a4c00" Param="TargetElementType" ParentGuid="00000000-0000-0000-0000-000000000000" Value="Unknown" />
<ActInputValue Guid="9f4388dd-110b-4a4e-9dfc-76bbf34045e9" Param="HandleElementType" ParentGuid="00000000-0000-0000-0000-000000000000" Value="Unknown" />
<ActInputValue Guid="26b6b263-9361-4041-83b9-48ce9967c29f" Param="HandleActionType" ParentGuid="00000000-0000-0000-0000-000000000000" Value="Unknown" />
<ActInputValue Guid="051690f2-587d-4eb6-bba3-68d6019a8266" Param="XCoordinate" ParentGuid="00000000-0000-0000-0000-000000000000" />
<ActInputValue Guid="ee1436b1-a731-4bc5-a5e5-ac23c0fb2713" Param="YCoordinate" ParentGuid="00000000-0000-0000-0000-000000000000" />
<ActInputValue Guid="82c09d75-88f1-486e-b743-e95b2da13036" Param="ControlAction" ParentGuid="00000000-0000-0000-0000-000000000000" />
</InputValues>
</ActUIElement>
<ActUIElement Active="True" Description="AsyncClick : btnRefreshPanels " Guid="59b158eb-9ca9-4dd1-bda5-e7b8fa55a3cd" MaxNumberOfRetries="2" ParentGuid="00000000-0000-0000-0000-000000000000" Platform="Java" RetryMechanismInterval="5" StatusConverter="None" WaitVE="0" WindowsToCapture="OnlyActiveWindow">
<InputValues>
<ActInputValue Guid="846b7f91-7201-4dc6-855c-a21a7f9fbced" Param="ElementAction" ParentGuid="00000000-0000-0000-0000-000000000000" Value="AsyncClick" />
<ActInputValue Guid="96918e69-740a-47f9-b5ee-941fbddcf600" Param="ElementType" ParentGuid="00000000-0000-0000-0000-000000000000" Value="Button" />
<ActInputValue Guid="734c35f8-19fa-49e1-afd1-938e9f2ce646" Param="Value" ParentGuid="00000000-0000-0000-0000-000000000000" />
<ActInputValue Guid="69472118-ef4c-4151-a576-c7325ba9fa09" Param="ElementLocateBy" ParentGuid="00000000-0000-0000-0000-000000000000" Value="ByXPath" />
<ActInputValue Guid="54802dfe-3355-46d2-b96c-d2020ad89fe8" Param="ElementLocateValue" ParentGuid="00000000-0000-0000-0000-000000000000" Value="/javax.swing.JRootPane[0]/null.layeredPane/null.contentPane/com.amdocs.uif.workspace.ToolBarPane[0]/CIM Find Caller/com.amdocs.uif.workspace.MDIWorkspace$23[0]/null.layeredPane/root/Panel_2_370/[[Name:btnRefreshPanels][ClassName:com.amdocs.uif.widgets.ButtonNative$JXButton]]" />
<ActInputValue Guid="9ac4df34-fd1b-40a8-a794-a3dec80ab8b3" Param="IsWidgetsElement" ParentGuid="00000000-0000-0000-0000-000000000000" Value="false" />
<ActInputValue Guid="1cac2123-58a4-487b-9005-c8f9b46c1fc5" Param="WaitforIdle" ParentGuid="00000000-0000-0000-0000-000000000000" Value="None" />
<ActInputValue Guid="88d31cb1-7d9e-4f01-9a4c-e66dbc027365" Param="TargetLocateBy" ParentGuid="00000000-0000-0000-0000-000000000000" Value="NA" />
<ActInputValue Guid="65981a85-38b2-4c90-95f0-71dcfe8e90d2" Param="TargetElementType" ParentGuid="00000000-0000-0000-0000-000000000000" Value="Unknown" />
<ActInputValue Guid="2e6fbe50-d0f0-420a-9efd-6f7e36b2ec2f" Param="HandleElementType" ParentGuid="00000000-0000-0000-0000-000000000000" Value="Unknown" />
<ActInputValue Guid="b15fd85c-2d06-4ad3-af11-d2e3eb85793b" Param="HandleActionType" ParentGuid="00000000-0000-0000-0000-000000000000" Value="Unknown" />
</InputValues>
</ActUIElement>
<ActUIElement Active="True" Description="SetValue : service ID" EnableRetryMechanism="True" Guid="b45be77b-3a43-42f1-b5fb-fe377ace7a1a" MaxNumberOfRetries="2" ParentGuid="00000000-0000-0000-0000-000000000000" Platform="Java" RetryMechanismInterval="5" StatusConverter="None" TakeScreenShot="True" WaitVE="0" WindowsToCapture="OnlyActiveWindow">
<InputValues>
<ActInputValue Guid="1dc9955e-252c-4f94-a2da-9ca814b1fcaf" Param="ElementAction" ParentGuid="00000000-0000-0000-0000-000000000000" Value="SetValue" />
<ActInputValue Guid="5d42d04c-c962-4501-8d21-79a6682c1682" Param="ElementType" ParentGuid="00000000-0000-0000-0000-000000000000" Value="TextBox" />
<ActInputValue Guid="1c8cd0e0-4dba-4171-b4e1-5147c1675ae9" Param="Value" ParentGuid="00000000-0000-0000-0000-000000000000" Value="{Var Name=Output Service ID}" />
<ActInputValue Guid="f16b6509-b978-443d-b324-f6c40c6955e6" Param="ElementLocateBy" ParentGuid="00000000-0000-0000-0000-000000000000" Value="ByXPath" />
<ActInputValue Guid="f05ca2e7-7eec-4fd9-a779-52a44710bb2c" Param="ElementLocateValue" ParentGuid="00000000-0000-0000-0000-000000000000" Value="/javax.swing.JRootPane[0]/null.layeredPane/null.contentPane/javax.swing.JSplitPane[0]/com.amdocs.uif.workspace.desktop.AppDesktopPane[0]/com.crmimpl.crm.cim.findcaller.XFindCallerCimBillingSearch/javax.swing.JRootPane[0]/null.layeredPane/root/javax.swing.JViewport[0]/root/pnlSubscription/[[Name:txtPrimaryResource][ClassName:com.amdocs.uif.widgets.TextFieldNative$1]]" />
<ActInputValue Guid="2c1074f3-cc07-4d4b-8a8c-85ab16309f45" Param="IsWidgetsElement" ParentGuid="00000000-0000-0000-0000-000000000000" Value="false" />
<ActInputValue Guid="949f306d-459b-4874-bacd-023da830da09" Param="WaitforIdle" ParentGuid="00000000-0000-0000-0000-000000000000" Value="None" />
<ActInputValue Guid="fd7ebee7-3b8e-44d4-bca8-1b6d46ecb841" Param="TargetLocateBy" ParentGuid="00000000-0000-0000-0000-000000000000" Value="NA" />
<ActInputValue Guid="835dd3dc-7746-4377-9760-2b5ce5a23e6f" Param="TargetElementType" ParentGuid="00000000-0000-0000-0000-000000000000" Value="Unknown" />
<ActInputValue Guid="6f63d4c1-70b2-4313-bf2e-ce2df529f495" Param="HandleElementType" ParentGuid="00000000-0000-0000-0000-000000000000" Value="Unknown" />
<ActInputValue Guid="03ac8423-7855-4140-abae-790f68387590" Param="HandleActionType" ParentGuid="00000000-0000-0000-0000-000000000000" Value="Unknown" />
</InputValues>
</ActUIElement>
<ActUIElement Active="True" Description="Click Button 'Search Now'" Guid="0feed7c8-2b58-4bd5-8907-b3eaf1211b70" MaxNumberOfRetries="2" ParentGuid="00000000-0000-0000-0000-000000000000" Platform="NA" RetryMechanismInterval="5" StatusConverter="None" TakeScreenShot="True" WaitVE="0" WindowsToCapture="OnlyActiveWindow">
<InputValues>
<ActInputValue Guid="d8b181b9-e2a9-40f4-b030-682f0d7c48cc" Param="ElementLocateBy" ParentGuid="00000000-0000-0000-0000-000000000000" Value="ByXPath" />
<ActInputValue Guid="8af2440f-24a8-4fc9-804b-455150e76c76" Param="ElementLocateValue" ParentGuid="00000000-0000-0000-0000-000000000000" Value="/javax.swing.JRootPane[0]/null.layeredPane/null.contentPane/javax.swing.JSplitPane[0]/com.amdocs.uif.workspace.desktop.AppDesktopPane[0]/com.crmimpl.crm.cim.findcaller.XFindCallerCimBillingSearch/javax.swing.JRootPane[0]/null.layeredPane/root/javax.swing.JViewport[0]/root/pnlBtn/[[Name:btnSearchNow][ClassName:com.amdocs.uif.widgets.ButtonNative$JXButton]]" />
<ActInputValue Guid="f0f292fd-afc9-49ac-a9da-ed4df8c5a555" Param="Value" ParentGuid="00000000-0000-0000-0000-000000000000" Value="Search Now" />
<ActInputValue Guid="559327ea-5f73-4303-8a66-572460b0053a" Param="ElementType" ParentGuid="00000000-0000-0000-0000-000000000000" Value="Button" />
<ActInputValue Guid="29633bcc-694b-4905-ba14-0187d38f25c7" Param="ElementAction" ParentGuid="00000000-0000-0000-0000-000000000000" Value="Click" />
<ActInputValue Guid="f2333ee8-ebc1-42b2-87f2-6c123d60a29f" Param="WaitforIdle" ParentGuid="00000000-0000-0000-0000-000000000000" Value="Medium" />
<ActInputValue Guid="a35b0844-20a1-4920-b30c-9c672a31cf0d" Param="TargetLocateBy" ParentGuid="00000000-0000-0000-0000-000000000000" Value="NA" />
<ActInputValue Guid="451bc957-8c65-46ac-9d77-74b68d1c05f4" Param="TargetElementType" ParentGuid="00000000-0000-0000-0000-000000000000" Value="Unknown" />
<ActInputValue Guid="74716a39-40ff-46b2-92e2-1dda52a505cd" Param="HandleElementType" ParentGuid="00000000-0000-0000-0000-000000000000" Value="Unknown" />
<ActInputValue Guid="2a632509-c78c-4fb5-bd87-d6c0eb8a467c" Param="HandleActionType" ParentGuid="00000000-0000-0000-0000-000000000000" Value="Unknown" />
</InputValues>
</ActUIElement>
<ActUIElement Active="True" Description="Verify Interaction screen is loaded" EnableRetryMechanism="True" Guid="d8139597-3c9a-4694-9879-fe9bcdc39a61" MaxNumberOfRetries="5" ParentGuid="00000000-0000-0000-0000-000000000000" Platform="Java" RetryMechanismInterval="4" StatusConverter="None" TakeScreenShot="True" WaitVE="0" WindowsToCapture="OnlyActiveWindow">
<InputValues>
<ActInputValue Guid="59f164aa-c742-405b-b615-2feebf5bbb9d" Param="ElementAction" ParentGuid="00000000-0000-0000-0000-000000000000" Value="IsVisible" />
<ActInputValue Guid="5aa2a4e7-1e73-4f4b-8437-27795dfc7c70" Param="ElementType" ParentGuid="00000000-0000-0000-0000-000000000000" Value="Button" />
<ActInputValue Guid="9640027f-1b75-4b70-86da-ec57b8cb1cae" Param="Value" ParentGuid="00000000-0000-0000-0000-000000000000" />
<ActInputValue Guid="37d0490f-d38a-402a-a44a-0e16b4e2051e" Param="ElementLocateBy" ParentGuid="00000000-0000-0000-0000-000000000000" Value="ByXPath" />
<ActInputValue Guid="99d2f4da-216f-4415-ab3f-49d559730cee" Param="ElementLocateValue" ParentGuid="00000000-0000-0000-0000-000000000000" Value="/javax.swing.JRootPane[0]/null.layeredPane/null.contentPane/javax.swing.JSplitPane[0]/com.amdocs.uif.workspace.desktop.AppDesktopPane[0]/com.crmimpl.crm.cim.customerinfo.XCustomerInfoInteractionHomeExt/javax.swing.JRootPane[0]/null.layeredPane/panelRoot/javax.swing.JViewport[0]/panelRoot/panelMain/panelCurrentInteractionDetails/[[Name:btnSaveAndEnd][ClassName:com.amdocs.uif.widgets.ButtonNative$JXButton]]" />
<ActInputValue Guid="6b92c5d7-8040-4fce-bc24-ff77ad9a4748" Param="IsWidgetsElement" ParentGuid="00000000-0000-0000-0000-000000000000" Value="false" />
<ActInputValue Guid="b21e8abc-20c0-4aa7-8137-16d31e43bf9b" Param="WaitforIdle" ParentGuid="00000000-0000-0000-0000-000000000000" Value="None" />
<ActInputValue Guid="6cd9ccc2-9e2a-44fe-9cd6-40b7f4812934" Param="TargetLocateBy" ParentGuid="00000000-0000-0000-0000-000000000000" Value="NA" />
<ActInputValue Guid="ab4778b6-0ffc-4512-b4c9-9c1bc1fd33ec" Param="TargetElementType" ParentGuid="00000000-0000-0000-0000-000000000000" Value="Unknown" />
<ActInputValue Guid="deef1b39-8df2-40fb-9055-df6b82066209" Param="HandleElementType" ParentGuid="00000000-0000-0000-0000-000000000000" Value="Unknown" />
<ActInputValue Guid="c4849cdd-4bcf-49aa-a9ec-beb5ed32849e" Param="HandleActionType" ParentGuid="00000000-0000-0000-0000-000000000000" Value="Unknown" />
</InputValues>

<ReturnValues>
<ActReturnValue Active="True" Guid="32a8630c-88f8-4c7a-ae16-43231998750a" mExpected="true" Operator="Equals" Param="Actual0" ParentGuid="00000000-0000-0000-0000-000000000000" StoreTo="None" />
</ReturnValues>
</ActUIElement>
</Acts>

<Variables>
<VariableString Guid="8b9f9235-236e-417a-b836-9701faeb1cb5" InitialStringValue="1426743" MappedOutputType="None" Name="Output Service ID" ParentGuid="00000000-0000-0000-0000-000000000000" SetAsInputValue="False" SetAsOutputValue="False" />
</Variables>
</Activity>
</Activities>

<ActivitiesGroups>
<ActivitiesGroup Guid="ae658657-3a29-4abd-8697-0d3f7688913f" Name="Group" ParentGuid="00000000-0000-0000-0000-000000000000">
<ActivitiesIdentifiers>
<ActivityIdentifiers ActivityAutomationStatus="Automated" ActivityGuid="4e8f9871-1a5e-49cb-86c3-b27ecb283a41" ActivityName="Start Interaction By service ID" Guid="22c557be-5400-4608-96ed-7c84dea72ad4" ParentGuid="00000000-0000-0000-0000-000000000000" />
</ActivitiesIdentifiers>
</ActivitiesGroup>
</ActivitiesGroups>

<TargetApplications>
<TargetApplication AppName="MyJavaApp" Guid="510eec8c-9e5e-447c-8c7b-de1cca821546" ParentGuid="00000000-0000-0000-0000-000000000000" />
<TargetApplication AppName="Mediation" Guid="0beba266-00bc-4deb-9e87-b38287fe8e04" ParentGuid="00000000-0000-0000-0000-000000000000" />
<TargetApplication AppName="MyWindowsApp" Guid="fff3f2ba-c78c-48bc-b52e-254d71edd832" ParentGuid="00000000-0000-0000-0000-000000000000" />
<TargetApplication AppName="MyWebApp" Guid="3d87b9ae-d4c6-4eda-b8ea-eb94d5d32b16" ParentGuid="00000000-0000-0000-0000-000000000000" />
</TargetApplications>
</BusinessFlow></GingerRepositoryItem>