﻿<?xml version="1.0" encoding="utf-8"?>
<GingerRepositoryItem><Header ItemGuid="72d9ebd3-5b58-45f1-9d73-633ed744016e" ItemType="BusinessFlow" CreatedBy="christian.poblete" Created="202101211457" GingerVersion="3.6.0.0" Version="17" LastUpdateBy="christian.poblete" LastUpdate="202101212054" />
<BusinessFlow Guid="72d9ebd3-5b58-45f1-9d73-633ed744016e" Name="Start Interaction by Receiver_ID" ParentGuid="00000000-0000-0000-0000-000000000000" Source="Ginger" Status="Unknown">
<Activities>
<Activity ActionRunOption="StopActionsRunOnFailure" Active="True" ActivitiesGroupID="Start Interaction by Receiver_ID" ActivityName="Start Interaction by Receiver_ID" AutomationStatus="Automated" ErrorHandlerMappingType="AllAvailableHandlers" Guid="37e6d54f-4aad-42f9-a3e2-6f84d1f00e24" ParentGuid="00000000-0000-0000-0000-000000000000" PercentAutomated="75%" TargetApplication="MyJavaApp">
<Acts>
<ActUIElement Active="True" Description="Click Button &quot;Search&quot;" Guid="8f16107b-d3fb-44cc-84f9-98b1b7a6e66b" MaxNumberOfRetries="2" ParentGuid="00000000-0000-0000-0000-000000000000" Platform="Java" RetryMechanismInterval="5" StatusConverter="IgnoreFail" TakeScreenShot="True" Timeout="5" WaitVE="0" WindowsToCapture="OnlyActiveWindow">
<InputValues>
<ActInputValue Guid="94802a2c-8c41-42d4-afa6-eb3ab90d7da7" Param="ElementLocateBy" ParentGuid="00000000-0000-0000-0000-000000000000" Value="ByXPath" />
<ActInputValue Guid="3b4f5720-871f-4ab3-a400-08ac29b6e21d" Param="ElementLocateValue" ParentGuid="00000000-0000-0000-0000-000000000000" Value="/javax.swing.JRootPane[0]/null.layeredPane/null.contentPane/com.amdocs.uif.workspace.ToolBarPane[0]/CIM Find Caller/com.amdocs.uif.workspace.MDIWorkspace$23[0]/null.layeredPane/root/Panel_2_370/[[Name:btnFindCaller][ClassName:com.amdocs.uif.widgets.ButtonNative$JXButton]]" />
<ActInputValue Guid="532377d4-5a7d-4c3f-bba1-4bdcfd50f3b1" Param="Value" ParentGuid="00000000-0000-0000-0000-000000000000" />
<ActInputValue Guid="8b65bf9c-e2d9-4ffb-9e16-3e1c9aed61a2" Param="ElementType" ParentGuid="00000000-0000-0000-0000-000000000000" Value="Button" />
<ActInputValue Guid="84f9ebdc-682b-49f1-afc5-40c06bae36b8" Param="ElementAction" ParentGuid="00000000-0000-0000-0000-000000000000" Value="AsyncClick" />
<ActInputValue Guid="41cb72a9-36ae-44a3-8cb5-49390a2d0347" Param="WaitforIdle" ParentGuid="00000000-0000-0000-0000-000000000000" Value="Medium" />
<ActInputValue Guid="68f04ced-5ed1-48d7-81d3-78584fa75bd7" Param="IsWidgetsElement" ParentGuid="00000000-0000-0000-0000-000000000000" Value="false" />
<ActInputValue Guid="f1f9e652-6653-46f6-b00e-3c505b9ec7ed" Param="TargetLocateBy" ParentGuid="00000000-0000-0000-0000-000000000000" Value="NA" />
<ActInputValue Guid="f5eef7c6-5047-4962-9274-9d74553c6ca7" Param="TargetElementType" ParentGuid="00000000-0000-0000-0000-000000000000" Value="Unknown" />
<ActInputValue Guid="a1784a75-353c-4ede-aa7b-fdc8066ffbec" Param="HandleElementType" ParentGuid="00000000-0000-0000-0000-000000000000" Value="Unknown" />
<ActInputValue Guid="71a54e53-569d-4f78-ad69-0ed5dac2dde3" Param="HandleActionType" ParentGuid="00000000-0000-0000-0000-000000000000" Value="Unknown" />
<ActInputValue Guid="597b8ecd-bf9d-44d4-b3b7-ca115be3b3e9" Param="XCoordinate" ParentGuid="00000000-0000-0000-0000-000000000000" />
<ActInputValue Guid="652c1711-9638-4bc2-bd71-44d77679fcff" Param="ValueToSelect" ParentGuid="00000000-0000-0000-0000-000000000000" />
<ActInputValue Guid="fcb285bb-3250-44e3-a3d4-d3a438e0bef6" Param="YCoordinate" ParentGuid="00000000-0000-0000-0000-000000000000" />
<ActInputValue Guid="e569e8d0-d67f-4477-a30f-fa3184cb68a3" Param="ControlAction" ParentGuid="00000000-0000-0000-0000-000000000000" />
</InputValues>
</ActUIElement>
<ActUIElement Active="True" Description="SetText : txtReceiver ID" Guid="34e2f1c8-a973-44c9-a3fd-481ec7f292f0" MaxNumberOfRetries="2" ParentGuid="00000000-0000-0000-0000-000000000000" Platform="Java" RetryMechanismInterval="5" StatusConverter="None" TakeScreenShot="True" WaitVE="0" WindowsToCapture="OnlyActiveWindow">
<InputValues>
<ActInputValue Guid="eb518e0b-1d28-423d-9d2c-f175ea939503" Param="ElementAction" ParentGuid="00000000-0000-0000-0000-000000000000" Value="SetText" />
<ActInputValue Guid="8e7b20aa-c72c-48b8-84b6-9ace017809c0" Param="ElementType" ParentGuid="00000000-0000-0000-0000-000000000000" Value="TextBox" />
<ActInputValue Guid="b969e907-718d-453a-a9fc-aebfb2d4c711" Param="Value" ParentGuid="00000000-0000-0000-0000-000000000000" Value="{Var Name=OutputReceiver_ID}" />
<ActInputValue Guid="646e4244-30b5-4bc8-a53e-f8706cf40f39" Param="ElementLocateBy" ParentGuid="00000000-0000-0000-0000-000000000000" Value="ByXPath" />
<ActInputValue Guid="75acf7c6-4ac5-446e-ad27-10bba60cf16c" Param="ElementLocateValue" ParentGuid="00000000-0000-0000-0000-000000000000" Value="/javax.swing.JRootPane[0]/null.layeredPane/null.contentPane/javax.swing.JSplitPane[0]/com.amdocs.uif.workspace.desktop.AppDesktopPane[0]/com.crmimpl.crm.cim.findcaller.XFindCallerCimBillingSearch/javax.swing.JRootPane[0]/null.layeredPane/root/javax.swing.JViewport[0]/root/pnlSubscription/[[Name:txtReceiver][ClassName:com.amdocs.uif.widgets.TextFieldNative$1]]" />
<ActInputValue Guid="e10a8654-fdc4-4e72-881c-29261a01beed" Param="IsWidgetsElement" ParentGuid="00000000-0000-0000-0000-000000000000" Value="false" />
<ActInputValue Guid="c4a06a50-9255-4ce2-91c4-4da027e67c03" Param="WaitforIdle" ParentGuid="00000000-0000-0000-0000-000000000000" Value="None" />
<ActInputValue Guid="a60f1378-020b-4ca7-bff1-9939e182a6a9" Param="TargetLocateBy" ParentGuid="00000000-0000-0000-0000-000000000000" Value="NA" />
<ActInputValue Guid="e1b31ba7-efb5-4244-8b64-20d4f3a35ef9" Param="TargetElementType" ParentGuid="00000000-0000-0000-0000-000000000000" Value="Unknown" />
<ActInputValue Guid="0c991a8c-9307-498a-9b4d-1d0f0e6cc84a" Param="HandleElementType" ParentGuid="00000000-0000-0000-0000-000000000000" Value="Unknown" />
<ActInputValue Guid="4264ed29-1bf7-48bd-8089-7e66503988c9" Param="HandleActionType" ParentGuid="00000000-0000-0000-0000-000000000000" Value="Unknown" />
</InputValues>
</ActUIElement>
<ActUIElement Active="True" Description="Click Button 'Search Now'" Guid="4cf9ddec-6f5c-406a-a8ed-5ba2ed0e9245" MaxNumberOfRetries="2" ParentGuid="00000000-0000-0000-0000-000000000000" Platform="NA" RetryMechanismInterval="5" StatusConverter="None" TakeScreenShot="True" WaitVE="0" WindowsToCapture="OnlyActiveWindow">
<InputValues>
<ActInputValue Guid="d8b181b9-e2a9-40f4-b030-682f0d7c48cc" Param="ElementLocateBy" ParentGuid="00000000-0000-0000-0000-000000000000" Value="ByXPath" />
<ActInputValue Guid="8af2440f-24a8-4fc9-804b-455150e76c76" Param="ElementLocateValue" ParentGuid="00000000-0000-0000-0000-000000000000" Value="/javax.swing.JRootPane[0]/null.layeredPane/null.contentPane/javax.swing.JSplitPane[0]/com.amdocs.uif.workspace.desktop.AppDesktopPane[0]/com.crmimpl.crm.cim.findcaller.XFindCallerCimBillingSearch/javax.swing.JRootPane[0]/null.layeredPane/root/javax.swing.JViewport[0]/root/pnlBtn/[[Name:btnSearchNow][ClassName:com.amdocs.uif.widgets.ButtonNative$JXButton]]" />
<ActInputValue Guid="f0f292fd-afc9-49ac-a9da-ed4df8c5a555" Param="Value" ParentGuid="00000000-0000-0000-0000-000000000000" Value="Search Now" />
<ActInputValue Guid="559327ea-5f73-4303-8a66-572460b0053a" Param="ElementType" ParentGuid="00000000-0000-0000-0000-000000000000" Value="Button" />
<ActInputValue Guid="29633bcc-694b-4905-ba14-0187d38f25c7" Param="ElementAction" ParentGuid="00000000-0000-0000-0000-000000000000" Value="Click" />
<ActInputValue Guid="f2333ee8-ebc1-42b2-87f2-6c123d60a29f" Param="WaitforIdle" ParentGuid="00000000-0000-0000-0000-000000000000" Value="Medium" />
<ActInputValue Guid="a35b0844-20a1-4920-b30c-9c672a31cf0d" Param="TargetLocateBy" ParentGuid="00000000-0000-0000-0000-000000000000" Value="NA" />
<ActInputValue Guid="451bc957-8c65-46ac-9d77-74b68d1c05f4" Param="TargetElementType" ParentGuid="00000000-0000-0000-0000-000000000000" Value="Unknown" />
<ActInputValue Guid="74716a39-40ff-46b2-92e2-1dda52a505cd" Param="HandleElementType" ParentGuid="00000000-0000-0000-0000-000000000000" Value="Unknown" />
<ActInputValue Guid="2a632509-c78c-4fb5-bd87-d6c0eb8a467c" Param="HandleActionType" ParentGuid="00000000-0000-0000-0000-000000000000" Value="Unknown" />
</InputValues>
</ActUIElement>
<ActUIElement Description="Verify Interaction screen is loaded" EnableRetryMechanism="True" Guid="ba067653-2caf-4f08-9176-79a93d1fdd77" MaxNumberOfRetries="5" ParentGuid="00000000-0000-0000-0000-000000000000" Platform="Java" RetryMechanismInterval="4" StatusConverter="None" TakeScreenShot="True" WaitVE="0" WindowsToCapture="OnlyActiveWindow">
<FlowControls>
<FlowControl Active="True" BusinessFlowControlAction="GoToBusinessFlow" FlowControlAction="StopRun" Guid="471eb63e-7b88-41c5-97d7-a94c1b59164d" Operator="ActionFailed" ParentGuid="00000000-0000-0000-0000-000000000000" />
</FlowControls>

<InputValues>
<ActInputValue Guid="59f164aa-c742-405b-b615-2feebf5bbb9d" Param="ElementAction" ParentGuid="00000000-0000-0000-0000-000000000000" Value="IsVisible" />
<ActInputValue Guid="5aa2a4e7-1e73-4f4b-8437-27795dfc7c70" Param="ElementType" ParentGuid="00000000-0000-0000-0000-000000000000" Value="Button" />
<ActInputValue Guid="9640027f-1b75-4b70-86da-ec57b8cb1cae" Param="Value" ParentGuid="00000000-0000-0000-0000-000000000000" />
<ActInputValue Guid="37d0490f-d38a-402a-a44a-0e16b4e2051e" Param="ElementLocateBy" ParentGuid="00000000-0000-0000-0000-000000000000" Value="ByXPath" />
<ActInputValue Guid="99d2f4da-216f-4415-ab3f-49d559730cee" Param="ElementLocateValue" ParentGuid="00000000-0000-0000-0000-000000000000" Value="/javax.swing.JRootPane[0]/null.layeredPane/null.contentPane/javax.swing.JSplitPane[0]/com.amdocs.uif.workspace.desktop.AppDesktopPane[0]/com.crmimpl.crm.cim.customerinfo.XCustomerInfoInteractionHomeExt/javax.swing.JRootPane[0]/null.layeredPane/panelRoot/javax.swing.JViewport[0]/panelRoot/panelMain/panelCurrentInteractionDetails/[[Name:btnSaveAndEnd][ClassName:com.amdocs.uif.widgets.ButtonNative$JXButton]]" />
<ActInputValue Guid="6b92c5d7-8040-4fce-bc24-ff77ad9a4748" Param="IsWidgetsElement" ParentGuid="00000000-0000-0000-0000-000000000000" Value="false" />
<ActInputValue Guid="b21e8abc-20c0-4aa7-8137-16d31e43bf9b" Param="WaitforIdle" ParentGuid="00000000-0000-0000-0000-000000000000" Value="None" />
<ActInputValue Guid="6cd9ccc2-9e2a-44fe-9cd6-40b7f4812934" Param="TargetLocateBy" ParentGuid="00000000-0000-0000-0000-000000000000" Value="NA" />
<ActInputValue Guid="ab4778b6-0ffc-4512-b4c9-9c1bc1fd33ec" Param="TargetElementType" ParentGuid="00000000-0000-0000-0000-000000000000" Value="Unknown" />
<ActInputValue Guid="deef1b39-8df2-40fb-9055-df6b82066209" Param="HandleElementType" ParentGuid="00000000-0000-0000-0000-000000000000" Value="Unknown" />
<ActInputValue Guid="c4849cdd-4bcf-49aa-a9ec-beb5ed32849e" Param="HandleActionType" ParentGuid="00000000-0000-0000-0000-000000000000" Value="Unknown" />
</InputValues>

<ReturnValues>
<ActReturnValue Active="True" Guid="32a8630c-88f8-4c7a-ae16-43231998750a" mExpected="true" Operator="Equals" Param="Actual0" ParentGuid="00000000-0000-0000-0000-000000000000" StoreTo="None" />
</ReturnValues>
</ActUIElement>
</Acts>

<Variables>
<VariableString Guid="fb75b67e-0084-477e-8c4a-0e42a73b3ada" MappedOutputType="None" Name="OutputReceiver_ID" ParentGuid="00000000-0000-0000-0000-000000000000" SetAsInputValue="False" SetAsOutputValue="False" />
</Variables>
</Activity>
<Activity ActionRunOption="StopActionsRunOnFailure" Active="True" ActivitiesGroupID="Start Interaction by Receiver_ID" ActivityName="Open Subscription tab search receiver and view assigned product" AutomationStatus="Automated" ErrorHandlerMappingType="AllAvailableHandlers" Guid="7991fa8f-9421-4dc5-8ea3-d6ba82ee3eed" ParentGuid="00000000-0000-0000-0000-000000000000" PercentAutomated="100%" TargetApplication="MyJavaApp">
<Acts>
<ActUIElement Active="True" Description="Set Pane 'tabControl'" EnableRetryMechanism="True" Guid="1e994bc7-45ec-4752-a6ee-4c053e2f4345" MaxNumberOfRetries="3" ParentGuid="00000000-0000-0000-0000-000000000000" Platform="Java" RetryMechanismInterval="3" StatusConverter="None" TakeScreenShot="True" WaitVE="0" WindowsToCapture="OnlyActiveWindow">
<InputValues>
<ActInputValue Guid="8dc7be12-df9e-47cd-b072-942be2f2488b" Param="ElementLocateBy" ParentGuid="00000000-0000-0000-0000-000000000000" Value="ByXPath" />
<ActInputValue Guid="0f4ceca5-3911-4f99-ac0c-b35ad71f08ed" Param="ElementLocateValue" ParentGuid="00000000-0000-0000-0000-000000000000" Value="/javax.swing.JRootPane[0]/null.layeredPane/null.contentPane/javax.swing.JSplitPane[0]/com.amdocs.uif.workspace.desktop.AppDesktopPane[0]/com.crmimpl.crm.cim.customerinfo.XCustomerInfoInteractionHomeExt/javax.swing.JRootPane[0]/null.layeredPane/panelRoot/javax.swing.JViewport[0]/panelRoot/[[Name:tabControl][ClassName:com.amdocs.uif.widgets.JXTabbedPane]]" />
<ActInputValue Guid="51a1a82b-296a-4863-a406-c29a359c37a1" Param="ElementType" ParentGuid="00000000-0000-0000-0000-000000000000" Value="Tab" />
<ActInputValue Guid="5a097941-a649-4204-bbf7-034d9a503371" Param="ElementAction" ParentGuid="00000000-0000-0000-0000-000000000000" Value="Select" />
<ActInputValue Guid="686a3d98-9deb-4646-8d73-7aa7911d422d" Param="ValueToSelect" ParentGuid="00000000-0000-0000-0000-000000000000" Value="Subscriptions" />
<ActInputValue Guid="cc11e108-7a4c-4abb-ac7f-92cafdaac382" Param="IsWidgetsElement" ParentGuid="00000000-0000-0000-0000-000000000000" Value="false" />
<ActInputValue Guid="37379a33-7f19-4720-8ba5-0aa5bea5ead6" Param="WaitforIdle" ParentGuid="00000000-0000-0000-0000-000000000000" Value="None" />
<ActInputValue Guid="0f3d1d46-f81c-4fe4-9c77-c616045f112f" Param="TargetLocateBy" ParentGuid="00000000-0000-0000-0000-000000000000" Value="NA" />
<ActInputValue Guid="64fb980f-2591-4338-8e58-e249f87e323e" Param="TargetElementType" ParentGuid="00000000-0000-0000-0000-000000000000" Value="Unknown" />
<ActInputValue Guid="fd4c976d-1f66-42df-9fc7-d28e0d4d2e8a" Param="HandleElementType" ParentGuid="00000000-0000-0000-0000-000000000000" Value="Unknown" />
<ActInputValue Guid="f436b7db-4e50-4dea-85c9-3d515fefcc43" Param="HandleActionType" ParentGuid="00000000-0000-0000-0000-000000000000" Value="Unknown" />
</InputValues>
</ActUIElement>
<ActUIElement Active="True" Description="SetText : receiver ID" Guid="2e8550ff-365f-463a-99a1-525b45e119c1" MaxNumberOfRetries="2" ParentGuid="00000000-0000-0000-0000-000000000000" Platform="Java" RetryMechanismInterval="5" StatusConverter="None" TakeScreenShot="True" WaitVE="0" WindowsToCapture="OnlyActiveWindow">
<InputValues>
<ActInputValue Guid="ec785921-47cb-45cd-99a9-d567d329c6e8" Param="ElementAction" ParentGuid="00000000-0000-0000-0000-000000000000" Value="SetText" />
<ActInputValue Guid="82a14b3d-823f-4783-8205-da1f47d5d620" Param="ElementType" ParentGuid="00000000-0000-0000-0000-000000000000" Value="TextBox" />
<ActInputValue Guid="fe07626a-54f4-4094-99c4-0f598c05f5c6" Param="Value" ParentGuid="00000000-0000-0000-0000-000000000000" Value="{Var Name=OutputReceiver_ID}" />
<ActInputValue Guid="c78fd13a-19ea-4ac5-8d01-609feffb48c2" Param="ElementLocateBy" ParentGuid="00000000-0000-0000-0000-000000000000" Value="ByXPath" />
<ActInputValue Guid="c847d186-d085-4940-badd-96bf45cc7bd0" Param="ElementLocateValue" ParentGuid="00000000-0000-0000-0000-000000000000" Value="/javax.swing.JRootPane[0]/null.layeredPane/null.contentPane/javax.swing.JSplitPane[0]/com.amdocs.uif.workspace.desktop.AppDesktopPane[0]/com.crmimpl.crm.cim.customerinfo.XCustomerInfoInteractionHomeExt/javax.swing.JRootPane[0]/null.layeredPane/panelRoot/javax.swing.JViewport[0]/panelRoot/tabControl/tabSubscription/root/FRAMESubsListFrame/root/gridListing/javax.swing.JPanel[0]/com.amdocs.uif.widgets.SearchGridNative$6[0]/javax.swing.JViewport[1]/com.amdocs.uif.widgets.search.SearchJTableHeader[0]/com.amdocs.uif.widgets.PanelNative$JXPanel[1]/com.amdocs.uif.widgets.PanelNative$JXPanel[0]/[[Name:adhocValue_col_receiver][ClassName:com.amdocs.uif.widgets.TextFieldNative$1]]" />
<ActInputValue Guid="97f7aa28-ef1d-499f-96ba-a8cd53e11d39" Param="IsWidgetsElement" ParentGuid="00000000-0000-0000-0000-000000000000" Value="false" />
<ActInputValue Guid="847464a1-159e-4331-8514-cbe1ad0fdee4" Param="WaitforIdle" ParentGuid="00000000-0000-0000-0000-000000000000" Value="None" />
<ActInputValue Guid="8cd26f2a-7acf-42c7-9241-9bcd44ac79e8" Param="TargetLocateBy" ParentGuid="00000000-0000-0000-0000-000000000000" Value="NA" />
<ActInputValue Guid="2898a7ed-0070-425d-a6db-9c0233ae54d7" Param="TargetElementType" ParentGuid="00000000-0000-0000-0000-000000000000" Value="Unknown" />
<ActInputValue Guid="46b2985d-32d0-4cae-94ae-8424e62f0ed9" Param="HandleElementType" ParentGuid="00000000-0000-0000-0000-000000000000" Value="Unknown" />
<ActInputValue Guid="518793c1-f75a-4336-9434-1fcb64e56019" Param="HandleActionType" ParentGuid="00000000-0000-0000-0000-000000000000" Value="Unknown" />
</InputValues>
</ActUIElement>
<ActUIElement Active="True" Description="Click Button 'Search Now'" Guid="bfeb1bdd-907c-4d8d-b947-7881277a0b33" MaxNumberOfRetries="2" ParentGuid="00000000-0000-0000-0000-000000000000" Platform="Java" RetryMechanismInterval="5" StatusConverter="None" TakeScreenShot="True" WaitVE="0" WindowsToCapture="OnlyActiveWindow">
<InputValues>
<ActInputValue Guid="92bb3ac2-28d6-4124-a6ae-2e1d1a3bfcbe" Param="ElementLocateBy" ParentGuid="00000000-0000-0000-0000-000000000000" Value="ByXPath" />
<ActInputValue Guid="f5f85d77-2f73-4051-be87-828ab194bf77" Param="ElementLocateValue" ParentGuid="00000000-0000-0000-0000-000000000000" Value="/javax.swing.JRootPane[0]/null.layeredPane/null.contentPane/javax.swing.JSplitPane[0]/com.amdocs.uif.workspace.desktop.AppDesktopPane[0]/com.crmimpl.crm.cim.customerinfo.XCustomerInfoInteractionHomeExt/javax.swing.JRootPane[0]/null.layeredPane/panelRoot/javax.swing.JViewport[0]/panelRoot/tabControl/tabSubscription/root/FRAMESubsListFrame/root/gridListing/com.amdocs.uif.widgets.PanelNative$JXPanel[0]/com.amdocs.uif.widgets.PanelNative$JXPanel[0]/[[Name:btnSearchNow][ClassName:com.amdocs.uif.widgets.ButtonNative$JXButton]]" />
<ActInputValue Guid="de574569-9354-4f29-b9db-4c7c27a93ed3" Param="Value" ParentGuid="00000000-0000-0000-0000-000000000000" Value="Search Now" />
<ActInputValue Guid="288856b4-3bf8-429b-92dc-157586ad2679" Param="ElementType" ParentGuid="00000000-0000-0000-0000-000000000000" Value="Button" />
<ActInputValue Guid="235dc27d-e9a6-4f02-8a63-0ecd30984af1" Param="ElementAction" ParentGuid="00000000-0000-0000-0000-000000000000" Value="Click" />
<ActInputValue Guid="7febbeb9-fdfb-432a-a985-00c49b819853" Param="WaitforIdle" ParentGuid="00000000-0000-0000-0000-000000000000" Value="Medium" />
<ActInputValue Guid="5a6b634b-6dea-4e0b-856d-badf5c916ef6" Param="IsWidgetsElement" ParentGuid="00000000-0000-0000-0000-000000000000" Value="false" />
<ActInputValue Guid="e9ad73a4-b43f-4f90-bdf8-9294e59dc658" Param="TargetLocateBy" ParentGuid="00000000-0000-0000-0000-000000000000" Value="NA" />
<ActInputValue Guid="461bd755-b26b-43cd-91e8-e9196720d975" Param="TargetElementType" ParentGuid="00000000-0000-0000-0000-000000000000" Value="Unknown" />
<ActInputValue Guid="53906b0d-2b67-4189-a21b-75683bb1f9d8" Param="HandleElementType" ParentGuid="00000000-0000-0000-0000-000000000000" Value="Unknown" />
<ActInputValue Guid="a6e68ac7-abb1-4b09-939f-6ac0732549dd" Param="HandleActionType" ParentGuid="00000000-0000-0000-0000-000000000000" Value="Unknown" />
</InputValues>
</ActUIElement>
<ActUIElement Active="True" Description="Select subscription" Guid="ed83052f-038f-42b4-b2e8-b32cd52bede7" MaxNumberOfRetries="2" ParentGuid="00000000-0000-0000-0000-000000000000" Platform="Java" RetryMechanismInterval="5" StatusConverter="None" TakeScreenShot="True" WaitVE="0" WindowsToCapture="OnlyActiveWindow">
<InputValues>
<ActInputValue Guid="5cab82e9-d709-444e-bea4-4041d4956470" Param="ElementLocateBy" ParentGuid="00000000-0000-0000-0000-000000000000" Value="ByXPath" />
<ActInputValue Guid="cc5ab692-94bc-4c44-b398-e498c334f2bf" Param="ElementLocateValue" ParentGuid="00000000-0000-0000-0000-000000000000" Value="/javax.swing.JRootPane[0]/null.layeredPane/null.contentPane/javax.swing.JSplitPane[0]/com.amdocs.uif.workspace.desktop.AppDesktopPane[0]/com.crmimpl.crm.cim.customerinfo.XCustomerInfoInteractionHomeExt/javax.swing.JRootPane[0]/null.layeredPane/panelRoot/javax.swing.JViewport[0]/panelRoot/tabControl/tabSubscription/root/FRAMESubsListFrame/root/gridListing/javax.swing.JPanel[0]/com.amdocs.uif.widgets.SearchGridNative$6[0]/javax.swing.JViewport[0]/[[Name:gridListing][ClassName:com.amdocs.uif.widgets.search.SearchJTable]]" />
<ActInputValue Guid="f59dd91d-117b-4169-9e87-680200c5503b" Param="Value" ParentGuid="00000000-0000-0000-0000-000000000000" Value="null" />
<ActInputValue Guid="43623955-4896-4c74-9671-682c6a45897c" Param="ElementType" ParentGuid="00000000-0000-0000-0000-000000000000" Value="Table" />
<ActInputValue Guid="6ff53217-f669-4641-8a8c-7882c335cd60" Param="ElementAction" ParentGuid="00000000-0000-0000-0000-000000000000" Value="TableCellAction" />
<ActInputValue Guid="a2ff9262-b3b5-4bef-973b-bc451494c7fe" Param="WhereColumnValue" ParentGuid="00000000-0000-0000-0000-000000000000" Value="0" />
<ActInputValue Guid="78744667-e5bc-4f51-acad-8ce8568fa9de" Param="LocateRowType" ParentGuid="00000000-0000-0000-0000-000000000000" Value="Row Number" />
<ActInputValue Guid="00a67c70-2704-4897-9912-c4fdffc56abe" Param="ColSelectorValue" ParentGuid="00000000-0000-0000-0000-000000000000" Value="ColNum" />
<ActInputValue Guid="838cb525-b723-45f7-8ad1-d9736e1f555d" Param="LocateColTitle" ParentGuid="00000000-0000-0000-0000-000000000000" Value="0" />
<ActInputValue Guid="14f104be-88a7-4aa0-a8e7-58d5d34a217b" Param="ControlAction" ParentGuid="00000000-0000-0000-0000-000000000000" Value="DoubleClick" />
<ActInputValue Guid="05e76df6-4fad-4314-b09f-334fbbb35612" Param="IsWidgetsElement" ParentGuid="00000000-0000-0000-0000-000000000000" Value="false" />
<ActInputValue Guid="d67a151f-e527-457c-abfb-fee6691a2969" Param="WaitforIdle" ParentGuid="00000000-0000-0000-0000-000000000000" />
<ActInputValue Guid="0ee9044c-63f7-4d61-98ea-df419dc6f5bf" Param="WhereColSelector" ParentGuid="00000000-0000-0000-0000-000000000000" />
<ActInputValue Guid="712bd2f7-4ddc-4073-85c1-d9f4a12ac991" Param="WhereColumnTitle" ParentGuid="00000000-0000-0000-0000-000000000000" />
<ActInputValue Guid="040c2cf0-a8c7-482a-9312-15a59b36cdbb" Param="WhereProperty" ParentGuid="00000000-0000-0000-0000-000000000000" />
<ActInputValue Guid="c71b2b4b-695e-49e2-ba70-8e691abbf5c7" Param="WhereOperator" ParentGuid="00000000-0000-0000-0000-000000000000" />
<ActInputValue Guid="19af77e2-bdca-4d00-b798-dcf7baa7ca1b" Param="LocateRowValue" ParentGuid="00000000-0000-0000-0000-000000000000" Value="0" />
<ActInputValue Guid="2e32a277-eae8-4938-84ac-bc2364c59265" Param="TargetLocateBy" ParentGuid="00000000-0000-0000-0000-000000000000" Value="NA" />
<ActInputValue Guid="4c67a7b6-6326-4e6b-a6f9-e4302a6803bb" Param="TargetElementType" ParentGuid="00000000-0000-0000-0000-000000000000" Value="Unknown" />
<ActInputValue Guid="3cdaa7b8-42f4-43bb-8a35-92888db0526c" Param="HandleElementType" ParentGuid="00000000-0000-0000-0000-000000000000" Value="Unknown" />
<ActInputValue Guid="7153bf48-ceb3-4748-9956-b4633b0885f4" Param="HandleActionType" ParentGuid="00000000-0000-0000-0000-000000000000" Value="Unknown" />
</InputValues>
</ActUIElement>
<ActUIElement Active="True" Description="Click : btn_ View assgined product" EnableRetryMechanism="True" Guid="44cbcecd-d737-45e4-9e53-f45be653b395" MaxNumberOfRetries="3" ParentGuid="00000000-0000-0000-0000-000000000000" Platform="Java" RetryMechanismInterval="2" StatusConverter="None" TakeScreenShot="True" WaitVE="0" WindowsToCapture="OnlyActiveWindow">
<FlowControls>
<FlowControl Active="True" BusinessFlowControlAction="GoToBusinessFlow" FlowControlAction="StopRun" Guid="e5554e53-299c-4619-a392-267da6814964" Operator="ActionFailed" ParentGuid="00000000-0000-0000-0000-000000000000" />
</FlowControls>

<InputValues>
<ActInputValue Guid="848940b5-463d-401e-bcfb-bbe6b820dc45" Param="ElementAction" ParentGuid="00000000-0000-0000-0000-000000000000" Value="Click" />
<ActInputValue Guid="ff47eaee-c25d-47e1-84a0-6307e9054195" Param="ElementType" ParentGuid="00000000-0000-0000-0000-000000000000" Value="Button" />
<ActInputValue Guid="8cb84bc2-9da4-4680-9691-2433c56610e0" Param="Value" ParentGuid="00000000-0000-0000-0000-000000000000" />
<ActInputValue Guid="1bbd3073-c000-49d4-899c-dfee1640db4a" Param="ElementLocateBy" ParentGuid="00000000-0000-0000-0000-000000000000" Value="ByXPath" />
<ActInputValue Guid="b44681d7-f0b4-4a54-a108-01fc75cc04a0" Param="ElementLocateValue" ParentGuid="00000000-0000-0000-0000-000000000000" Value="/javax.swing.JRootPane[0]/null.layeredPane/null.contentPane/javax.swing.JSplitPane[0]/com.amdocs.uif.workspace.desktop.AppDesktopPane[0]/com.crmimpl.crm.cim.customerinfo.XCustomerInfoInteractionHomeExt/javax.swing.JRootPane[0]/null.layeredPane/panelRoot/javax.swing.JViewport[0]/panelRoot/tabControl/tabSubscription/root/FRAMESubsListFrame/root/[[Name:btn_VwAssigned][ClassName:com.amdocs.uif.widgets.ButtonNative$JXButton]]" />
<ActInputValue Guid="ebf409db-8485-40bc-8145-6190164156b2" Param="ValueToSelect" ParentGuid="00000000-0000-0000-0000-000000000000" />
<ActInputValue Guid="c65ff2b1-42e0-4807-95ec-d3d9e89559ee" Param="IsWidgetsElement" ParentGuid="00000000-0000-0000-0000-000000000000" Value="false" />
<ActInputValue Guid="3370cd18-6fd7-4932-b848-abc97146ebcc" Param="WaitforIdle" ParentGuid="00000000-0000-0000-0000-000000000000" Value="Medium" />
<ActInputValue Guid="f6918644-a4d2-4741-bfcc-a6e5f0587682" Param="TargetLocateBy" ParentGuid="00000000-0000-0000-0000-000000000000" Value="NA" />
<ActInputValue Guid="7d37d799-9a77-4986-98c3-f0f1b2e88d08" Param="TargetElementType" ParentGuid="00000000-0000-0000-0000-000000000000" Value="Unknown" />
<ActInputValue Guid="a2e9b426-09e9-49d7-9926-190194895a09" Param="HandleElementType" ParentGuid="00000000-0000-0000-0000-000000000000" Value="Unknown" />
<ActInputValue Guid="555d5c2f-2904-49de-bab5-8cf20a37d526" Param="HandleActionType" ParentGuid="00000000-0000-0000-0000-000000000000" Value="Unknown" />
</InputValues>
</ActUIElement>
</Acts>

<Variables>
<VariableString Guid="fb75b67e-0084-477e-8c4a-0e42a73b3ada" InitialStringValue="R0142551771" MappedOutputType="None" Name="OutputReceiver_ID" ParentGuid="00000000-0000-0000-0000-000000000000" SetAsInputValue="False" SetAsOutputValue="False" />
</Variables>
</Activity>
</Activities>

<ActivitiesGroups>
<ActivitiesGroup Guid="c11c1c1b-b178-4588-99c2-8630f47fc464" Name="Start Interaction by Receiver_ID" ParentGuid="00000000-0000-0000-0000-000000000000">
<ActivitiesIdentifiers>
<ActivityIdentifiers ActivityAutomationStatus="Development" ActivityGuid="37e6d54f-4aad-42f9-a3e2-6f84d1f00e24" ActivityName="Start Interaction by Receiver_ID" Guid="d03263bf-765d-412f-a38e-da98c2a64301" ParentGuid="00000000-0000-0000-0000-000000000000" />
<ActivityIdentifiers ActivityAutomationStatus="Automated" ActivityGuid="7991fa8f-9421-4dc5-8ea3-d6ba82ee3eed" ActivityName="Open Subscription tab search receiver and view assigned product" Guid="907c845a-932b-4502-9290-1d895ebe8fcf" ParentGuid="00000000-0000-0000-0000-000000000000" />
</ActivitiesIdentifiers>
</ActivitiesGroup>
<ActivitiesGroup Guid="d068299a-1f83-4d5e-a480-6e511bf9f4a2" Name="Open assigned products searching by receiver ID - Subscriptions Tab" ParentGuid="00000000-0000-0000-0000-000000000000" />
</ActivitiesGroups>

<TargetApplications>
<TargetApplication AppName="MyJavaApp" Guid="5eab76a0-7d94-4174-8e3b-1c7d8f92241b" ParentGuid="00000000-0000-0000-0000-000000000000" />
<TargetApplication AppName="Mediation" Guid="f151f4d9-c1e5-422e-9bfc-ac0d0ccaa5b1" ParentGuid="00000000-0000-0000-0000-000000000000" />
<TargetApplication AppName="MyWindowsApp" Guid="a87afd39-2930-49c5-ac0b-32fe1c18af4b" ParentGuid="00000000-0000-0000-0000-000000000000" />
<TargetApplication AppName="MyWebApp" Guid="cc90a0b3-55ff-41c4-a321-4470ca743565" ParentGuid="00000000-0000-0000-0000-000000000000" />
</TargetApplications>
</BusinessFlow></GingerRepositoryItem>