﻿<?xml version="1.0" encoding="utf-8"?>
<GingerRepositoryItem><Header ItemGuid="57de97ad-c479-4d04-bb6f-3e8acdae5aad" ItemType="BusinessFlow" CreatedBy="christian.poblete" Created="202101131546" GingerVersion="3.6.0.0" Version="47" LastUpdateBy="christian.poblete" LastUpdate="202101261941" />
<BusinessFlow Guid="57de97ad-c479-4d04-bb6f-3e8acdae5aad" Name="CHQ - ABP DB - Search customer by product type" ParentGuid="00000000-0000-0000-0000-000000000000" Source="Ginger" Status="Unknown">
<Activities>
<Activity ActionRunOption="StopActionsRunOnFailure" Active="True" ActivitiesGroupID="CHQ - ABP DB - Search customer by product type" ActivityName="CHQ - ABP DB - Search customer by product type" AutomationStatus="Automated" ErrorHandlerMappingType="AllAvailableHandlers" Guid="f51599b6-b125-44fa-ad07-c5617bd43fc3" ParentGuid="00000000-0000-0000-0000-000000000000" PercentAutomated="82%" TargetApplication="MyJavaApp">
<Acts>
<ActSetVariableValue Active="True" Description="reset counter" Guid="876ae530-c30f-42b0-ab40-823e0cab8e11" MaxNumberOfRetries="2" ParentGuid="00000000-0000-0000-0000-000000000000" Platform="NA" RetryMechanismInterval="5" SetVariableValueOption="SetValue" StatusConverter="None" TakeScreenShot="True" VariableName="Counter" WaitVE="0" WindowsToCapture="OnlyActiveWindow">
<InputValues>
<ActInputValue Guid="a70e05df-5a09-4f91-9ad0-fb9b11201cbc" Param="Value" ParentGuid="00000000-0000-0000-0000-000000000000" Value="2" />
</InputValues>
</ActSetVariableValue>
<ActSetVariableValue Active="True" Description="increase counter" Guid="b503efc0-b876-41b5-b234-9286fe355754" MaxNumberOfRetries="2" ParentGuid="00000000-0000-0000-0000-000000000000" Platform="NA" RetryMechanismInterval="5" SetVariableValueOption="SetValue" StatusConverter="None" TakeScreenShot="True" VariableName="Counter" WaitVE="0" WindowsToCapture="OnlyActiveWindow">
<InputValues>
<ActInputValue Guid="045b5394-ba23-4635-be86-3c26051b58c5" Param="Value" ParentGuid="00000000-0000-0000-0000-000000000000" Value="{VBS Eval= {Var Name=Counter}+1}" />
</InputValues>
</ActSetVariableValue>
<ActDBValidation Active="True" AppName="MyJavaApp" DBName="ABP" DBValidationType="FreeSQL" Description="DataBase Action - get customer and service ID" EnableRetryMechanism="True" Guid="a3583826-d27e-4972-b520-6ab70613d185" MaxNumberOfRetries="4" ParentGuid="00000000-0000-0000-0000-000000000000" Platform="NA" RetryMechanismInterval="3" StatusConverter="None" TakeScreenShot="True" WaitVE="0" WindowsToCapture="OnlyActiveWindow">
<FlowControls>
<FlowControl Active="True" BusinessFlowControlAction="GoToBusinessFlow" FlowControlAction="StopRun" Guid="c7f92f27-6359-4052-94fb-52524b911906" Operator="ActionFailed" ParentGuid="00000000-0000-0000-0000-000000000000" />
</FlowControls>

<InputValues>
<ActInputValue Guid="86885086-9698-41c4-af8b-a42c0bea8e82" Param="SQL" ParentGuid="00000000-0000-0000-0000-000000000000" Value="select a.customer_id,  b.prim_resource_val from customer a, subscriber b where a.customer_id = b.customer_id and a.customer_type = 'D' and a.cust_sub_type = 'DIR' and b.sub_status = 'A' and b.prim_res_param_cd = 'Service ID' and b.l9_subscriber_type = 'Bulk'   order by a.customer_id desc  offset {Var Name=Counter} rows fetch first 1 rows only" />
<ActInputValue Guid="429c849e-3ed2-4668-98ff-0be6982e64f3" Param="QueryTypeRadioButton" ParentGuid="00000000-0000-0000-0000-000000000000" Value="FreeSQL" />
<ActInputValue Guid="e8ead948-8453-4b28-bb62-f2eb28a81a49" Param="QueryFile" ParentGuid="00000000-0000-0000-0000-000000000000" />
<ActInputValue Guid="97421c85-892e-48d5-8ca5-d6bda33b1dc7" Param="CommitDB" ParentGuid="00000000-0000-0000-0000-000000000000" />
</InputValues>

<ReturnValues>
<ActReturnValue Active="True" Guid="f7f2616a-db4a-4efe-84c2-f2da789c3a91" Operator="Equals" Param="CUSTOMER_ID" ParentGuid="00000000-0000-0000-0000-000000000000" StoreTo="GlobalVariable" StoreToValue="80615315-dec8-4b1f-8266-bdd83f5ee25d" />
<ActReturnValue Active="True" Guid="5c1b0d79-d867-4274-9516-a95ce10f0804" Operator="Equals" Param="PRIM_RESOURCE_VAL" ParentGuid="00000000-0000-0000-0000-000000000000" StoreTo="GlobalVariable" StoreToValue="8b9f9235-236e-417a-b836-9701faeb1cb5" />
</ReturnValues>
</ActDBValidation>
<ActDBValidation Active="True" AppName="MyJavaApp" DBName="OMS" DBValidationType="FreeSQL" Description="DataBase Action - verify if service ID has open orders" Guid="3562cece-51b3-487a-81ce-acaf758553a4" MaxNumberOfRetries="2" ParentGuid="00000000-0000-0000-0000-000000000000" Platform="NA" RetryMechanismInterval="5" StatusConverter="None" TakeScreenShot="True" WaitVE="0" WindowsToCapture="OnlyActiveWindow">
<FlowControls>
<FlowControl Active="True" BusinessFlowControlAction="GoToBusinessFlow" FlowControlAction="GoToAction" Guid="0fec3ab5-cc65-4513-b558-8b01f6ec2356" Operator="ActionFailed" ParentGuid="00000000-0000-0000-0000-000000000000" Value="b503efc0-b876-41b5-b234-9286fe355754#GUID_NAME#increase counter" />
</FlowControls>

<InputValues>
<ActInputValue Guid="7e77761d-80b3-47e5-b17a-7023443813a7" Param="SQL" ParentGuid="00000000-0000-0000-0000-000000000000" Value="select count (1) from tbap_item where service_id={Var Name=Output Service ID} and status='AC' and state='OR'" />
<ActInputValue Guid="8056898d-bd0f-4e85-8569-6d95469f5bab" Param="QueryTypeRadioButton" ParentGuid="00000000-0000-0000-0000-000000000000" Value="FreeSQL" />
<ActInputValue Guid="7b379fbb-92e9-4a15-a3fa-0873c37e1158" Param="QueryFile" ParentGuid="00000000-0000-0000-0000-000000000000" />
<ActInputValue Guid="df25a881-0eef-4dd6-970c-c87784c53456" Param="CommitDB" ParentGuid="00000000-0000-0000-0000-000000000000" />
</InputValues>

<ReturnValues>
<ActReturnValue Active="True" Guid="1a617d17-d889-471c-b030-5ca9df962f43" mExpected="0" Operator="Equals" Param="COUNT(1)" ParentGuid="00000000-0000-0000-0000-000000000000" StoreTo="None" />
</ReturnValues>
</ActDBValidation>
<ActDBValidation Active="True" AppName="MyJavaApp" DBName="OMS" DBValidationType="FreeSQL" Description="Get last order date" Guid="bdce7a44-4436-4a6e-80b5-a85bf34885bb" MaxNumberOfRetries="2" ParentGuid="00000000-0000-0000-0000-000000000000" Platform="NA" RetryMechanismInterval="5" StatusConverter="None" WaitVE="0" WindowsToCapture="OnlyActiveWindow">
<FlowControls>
<FlowControl Active="True" BusinessFlowControlAction="GoToBusinessFlow" FlowControlAction="GoToAction" Guid="c00d3425-68d9-4766-9cff-a138fa5359c2" Operator="ActionFailed" ParentGuid="00000000-0000-0000-0000-000000000000" Value="b503efc0-b876-41b5-b234-9286fe355754#GUID_NAME#increase counter" />
</FlowControls>

<InputValues>
<ActInputValue Guid="48d0cadf-d582-4384-8e8e-b0f9fe53b3b4" Param="SQL" ParentGuid="00000000-0000-0000-0000-000000000000" Value="select to_char(start_date, 'MM/DD/YYYY') from tbap_item where  service_id = {Var Name=Output Service ID}   order by start_date desc" />
<ActInputValue Guid="1ad41c6e-8ab3-4d9f-8b27-3a364813cdd6" Param="QueryTypeRadioButton" ParentGuid="00000000-0000-0000-0000-000000000000" Value="FreeSQL" />
<ActInputValue Guid="36ed29aa-506d-4fb2-a7f4-80f6de057f53" Param="QueryFile" ParentGuid="00000000-0000-0000-0000-000000000000" />
<ActInputValue Guid="7c5d30e9-b8c8-4661-8a7b-a1acb881a1cd" Param="CommitDB" ParentGuid="00000000-0000-0000-0000-000000000000" />
</InputValues>

<ReturnValues>
<ActReturnValue Active="True" Guid="121e9834-1e36-4a48-90d5-4fb6194ff672" Operator="Equals" Param="TO_CHAR(START_DATE,'MM/DD/YYYY')" ParentGuid="00000000-0000-0000-0000-000000000000" Path="1" StoreTo="Variable" StoreToValue="LastOrderDate" />
</ReturnValues>
</ActDBValidation>
<ActSetVariableValue Description="Set Parameter Action actual date" Guid="d7ff1f75-54c7-48e2-8fa7-d06e0aa2437e" MaxNumberOfRetries="2" ParentGuid="00000000-0000-0000-0000-000000000000" Platform="NA" RetryMechanismInterval="5" SetVariableValueOption="SetValue" StatusConverter="None" VariableName="ActualDate" WaitVE="0" WindowsToCapture="OnlyActiveWindow">
<InputValues>
<ActInputValue Guid="823e1684-6322-4331-b8e0-f162cedefdde" Param="Value" ParentGuid="00000000-0000-0000-0000-000000000000" Value="{CS Exp=DateTime.Now.AddDays(-1).ToString(@&quot;MM/dd/yyyy&quot;)}" />
</InputValues>
</ActSetVariableValue>
<ActDBValidation Active="True" AppName="MyJavaApp" DBName="ABP" DBValidationType="FreeSQL" Description="DataBase Action - set actual logical date" Guid="0294fea0-dc27-4ee1-94fe-ccec8f108140" MaxNumberOfRetries="2" ParentGuid="00000000-0000-0000-0000-000000000000" Platform="NA" RetryMechanismInterval="5" StatusConverter="None" WaitVE="0" WindowsToCapture="OnlyActiveWindow">
<InputValues>
<ActInputValue Guid="1b3d5ff6-4e8e-41a5-b28b-5aab94afb673" Param="SQL" ParentGuid="00000000-0000-0000-0000-000000000000" Value="select to_char(logical_date, 'MM/DD/YYYY') from logical_date where expiration_date is null" />
<ActInputValue Guid="41128e24-72d4-4384-ba5f-5e5434e68883" Param="QueryTypeRadioButton" ParentGuid="00000000-0000-0000-0000-000000000000" Value="FreeSQL" />
<ActInputValue Guid="e4b04b6d-8c27-4c58-b505-09498a516a75" Param="QueryFile" ParentGuid="00000000-0000-0000-0000-000000000000" />
<ActInputValue Guid="4e03ebcb-8854-4140-8f81-0d938537a53c" Param="CommitDB" ParentGuid="00000000-0000-0000-0000-000000000000" />
</InputValues>

<ReturnValues>
<ActReturnValue Active="True" Guid="1cdbad7c-db0d-4041-a473-848c7cef749d" Operator="Equals" Param="TO_CHAR(LOGICAL_DATE,'MM/DD/YYYY')" ParentGuid="00000000-0000-0000-0000-000000000000" Path="1" StoreTo="Variable" StoreToValue="ActualDate" />
</ReturnValues>
</ActDBValidation>
<ActScript Active="True" Description="Script Action " Guid="f9e4493e-afdf-4695-9534-647da6ada690" MaxNumberOfRetries="2" ParentGuid="00000000-0000-0000-0000-000000000000" Platform="NA" RetryMechanismInterval="5" ScriptCommand="Script" ScriptInterpreterType="VBS" ScriptName="CompareDatesDays.vbs" ScriptPath="C:\DishAutomation\Dish\Documents\Scripts\" StatusConverter="None" WaitVE="0" WindowsToCapture="OnlyActiveWindow">
<InputValues>
<ActInputValue Guid="fd877f5c-7b1c-44e1-911a-a1cf934883d0" Param="actualDatep" ParentGuid="00000000-0000-0000-0000-000000000000" Value="{Var Name=ActualDate}" />
<ActInputValue Guid="f0631ef7-4f2c-4de8-a930-85377bae777d" Param="lastOrderDatep" ParentGuid="00000000-0000-0000-0000-000000000000" Value="{Var Name=LastOrderDate}" />
</InputValues>

<ReturnValues>
<ActReturnValue Active="True" Guid="17082836-5722-4e47-bc64-0d61942eefcc" Operator="Equals" Param="???" ParentGuid="00000000-0000-0000-0000-000000000000" StoreTo="Variable" StoreToValue="DaysDiff" />
</ReturnValues>
</ActScript>
<ActSetVariableValue Active="True" Description="Set Parameter Action " Guid="b5663b43-c246-4e32-ac64-f7a2eaa4f69b" MaxNumberOfRetries="2" ParentGuid="00000000-0000-0000-0000-000000000000" Platform="NA" RetryMechanismInterval="5" SetVariableValueOption="SetValue" StatusConverter="None" VariableName="DaysDiff" WaitVE="0" WindowsToCapture="OnlyActiveWindow">
<InputValues>
<ActInputValue Guid="b75f9462-988b-4ea4-a2c1-e5045c59d321" Param="Value" ParentGuid="00000000-0000-0000-0000-000000000000" Value="{RegEx Fun= matchValue Pat=\d+ P1= {Var Name=DaysDiff} }" />
</InputValues>
</ActSetVariableValue>
<ActDummy Active="True" Description="Dummy Action" Guid="5013f0c6-dcc2-421f-bf40-8511551a31af" MaxNumberOfRetries="2" ParentGuid="00000000-0000-0000-0000-000000000000" Platform="NA" RetryMechanismInterval="5" StatusConverter="None" WaitVE="0" WindowsToCapture="OnlyActiveWindow">
<FlowControls>
<FlowControl Active="True" BusinessFlowControlAction="GoToBusinessFlow" Condition="{VBS Eval={Var Name=DaysDiff}=0}" FlowControlAction="GoToAction" Guid="f7394b46-c4a8-4bf4-8a0c-aa683fa3f502" Operator="Legacy" ParentGuid="00000000-0000-0000-0000-000000000000" Value="b503efc0-b876-41b5-b234-9286fe355754#GUID_NAME#increase counter" />
</FlowControls>

<InputValues>
<ActInputValue Guid="72f6f97e-aad0-47ef-9368-f1e8e24f2d2b" Param="Value" ParentGuid="00000000-0000-0000-0000-000000000000" />
</InputValues>
</ActDummy>
<ActDummy Description="Dummy Action_Copy" Guid="12bbcbb0-ae5e-405a-8741-f889541e68c6" MaxNumberOfRetries="2" ParentGuid="00000000-0000-0000-0000-000000000000" Platform="NA" RetryMechanismInterval="5" StatusConverter="None" WaitVE="0" WindowsToCapture="OnlyActiveWindow">
<FlowControls>
<FlowControl Active="True" BusinessFlowControlAction="GoToBusinessFlow" Condition="{Var Name=LastOrderDate}&lt;={Var Name=ActualDate}" FlowControlAction="GoToAction" Guid="f7394b46-c4a8-4bf4-8a0c-aa683fa3f502" Operator="Legacy" ParentGuid="00000000-0000-0000-0000-000000000000" Value="b503efc0-b876-41b5-b234-9286fe355754#GUID_NAME#increase counter" />
</FlowControls>

<InputValues>
<ActInputValue Guid="72f6f97e-aad0-47ef-9368-f1e8e24f2d2b" Param="Value" ParentGuid="00000000-0000-0000-0000-000000000000" />
</InputValues>
</ActDummy>
</Acts>

<Variables>
<VariableString Guid="8ccd963f-1c43-4351-bccd-626253d76035" InitialStringValue="2" MappedOutputType="None" Name="Counter" ParentGuid="00000000-0000-0000-0000-000000000000" SetAsInputValue="False" SetAsOutputValue="False" />
<VariableString Guid="8b9f9235-236e-417a-b836-9701faeb1cb5" InitialStringValue="2430438" MappedOutputType="None" Name="Output Service ID" ParentGuid="00000000-0000-0000-0000-000000000000" SetAsInputValue="False" SetAsOutputValue="False" />
<VariableDateTime DateTimeFormat="MM/dd/yyyy" Guid="e93f1a7c-abfe-4c12-9291-6cec3bd7830d" InitialDateTime="02/03/2021" MappedOutputType="None" MaxDateTime="1/18/2030 11:32:50 AM" MinDateTime="3/1/2010 11:32:50 AM" Name="LastOrderDate" ParentGuid="00000000-0000-0000-0000-000000000000" SetAsInputValue="False" SetAsOutputValue="False" />
<VariableDateTime DateTimeFormat="MM/dd/yyyy" Guid="76a85a94-7be9-48fe-8ce5-6431be83abaa" InitialDateTime="02/03/2021" MappedOutputType="None" MaxDateTime="1/18/2030 12:04:51 PM" MinDateTime="1/18/2010 12:04:51 PM" Name="ActualDate" ParentGuid="00000000-0000-0000-0000-000000000000" SetAsInputValue="False" SetAsOutputValue="False" />
<VariableString Guid="311ec9e6-523e-44aa-800c-a42eda7a1978" InitialStringValue="&#xA;&#xA;0&#xA;&#xA;" MappedOutputType="None" Name="DaysDiff" ParentGuid="00000000-0000-0000-0000-000000000000" SetAsInputValue="False" />
</Variables>
</Activity>
</Activities>

<ActivitiesGroups>
<ActivitiesGroup Guid="a5498220-1f33-41e0-b491-a18bb70d1f20" Name="CHQ - ABP DB - Search customer by product type" ParentGuid="00000000-0000-0000-0000-000000000000">
<ActivitiesIdentifiers>
<ActivityIdentifiers ActivityAutomationStatus="Automated" ActivityGuid="f51599b6-b125-44fa-ad07-c5617bd43fc3" ActivityName="CHQ - ABP DB - Search customer by product type" Guid="5d164708-316a-48c9-922f-895acf2f6945" ParentGuid="00000000-0000-0000-0000-000000000000" />
</ActivitiesIdentifiers>
</ActivitiesGroup>
</ActivitiesGroups>

<TargetApplications>
<TargetApplication AppName="MyJavaApp" Guid="2b2ac7ff-3d08-4a8c-a5a6-8cce87b5b66c" ParentGuid="00000000-0000-0000-0000-000000000000" />
<TargetApplication AppName="Mediation" Guid="e2df5229-450c-4e96-8678-87c9c8f4e8e6" ParentGuid="00000000-0000-0000-0000-000000000000" />
<TargetApplication AppName="MyWindowsApp" Guid="9e5d288b-8b57-4685-a1ae-0f3444d62aa2" ParentGuid="00000000-0000-0000-0000-000000000000" />
<TargetApplication AppName="MyWebApp" Guid="62492260-3a7e-4a26-8f38-9204d225cf42" ParentGuid="00000000-0000-0000-0000-000000000000" />
</TargetApplications>
</BusinessFlow></GingerRepositoryItem>