﻿<?xml version="1.0" encoding="utf-8"?>
<GingerRepositoryItem><Header ItemGuid="24dbe731-4c65-43f7-9b65-3847bc70060e" ItemType="BusinessFlow" CreatedBy="christian.poblete" Created="202101201550" GingerVersion="3.6.0.0" Version="3" LastUpdateBy="christian.poblete" LastUpdate="202101201602" />
<BusinessFlow Guid="24dbe731-4c65-43f7-9b65-3847bc70060e" Name="Input tenant details - Negotiate select address and contact activity screen" ParentGuid="00000000-0000-0000-0000-000000000000" Source="Ginger" Status="Unknown">
<Activities>
<Activity ActionRunOption="StopActionsRunOnFailure" Active="True" ActivitiesGroupID="Input tenant details - Negotiate select address and contact activity screen" ActivityName="Input tenant details - Negotiate select address and contact activity screen" AutomationStatus="Development" ErrorHandlerMappingType="AllAvailableHandlers" Guid="2ff9295b-0cd1-4e58-9be8-541e97d8cd69" ParentGuid="00000000-0000-0000-0000-000000000000" PercentAutomated="100%" TargetApplication="MyJavaApp">
<Acts>
<ActUIElement Active="True" Description="Validate input tenant details screen is displayed" EnableRetryMechanism="True" Guid="0bd37c8b-8c17-4e07-8b2f-0c4d1ca1d384" MaxNumberOfRetries="3" ParentGuid="00000000-0000-0000-0000-000000000000" Platform="Java" RetryMechanismInterval="3" StatusConverter="None" TakeScreenShot="True" WaitVE="0" WindowsToCapture="OnlyActiveWindow">
<FlowControls>
<FlowControl Active="True" BusinessFlowControlAction="GoToBusinessFlow" FlowControlAction="StopRun" Guid="aeb6ce7b-1027-4cb8-9d9f-c6e7e144b8a7" Operator="ActionFailed" ParentGuid="00000000-0000-0000-0000-000000000000" />
</FlowControls>

<InputValues>
<ActInputValue Guid="2eb56720-e6cc-464b-ae48-11f0036b151a" Param="ElementAction" ParentGuid="00000000-0000-0000-0000-000000000000" Value="IsVisible" />
<ActInputValue Guid="49f55f9b-2c36-4575-ae4f-227c4e58e9f8" Param="ElementType" ParentGuid="00000000-0000-0000-0000-000000000000" Value="TextBox" />
<ActInputValue Guid="d1d8323b-08a0-4ae7-8a7f-f3800f2b8608" Param="Value" ParentGuid="00000000-0000-0000-0000-000000000000" />
<ActInputValue Guid="b4611b1f-beb4-4e72-853e-a4158c36aff8" Param="ElementLocateBy" ParentGuid="00000000-0000-0000-0000-000000000000" Value="ByXPath" />
<ActInputValue Guid="246c646c-1dab-452d-a667-17c62d678c73" Param="ElementLocateValue" ParentGuid="00000000-0000-0000-0000-000000000000" Value="/javax.swing.JRootPane[0]/null.layeredPane/null.contentPane/javax.swing.JSplitPane[0]/com.amdocs.uif.workspace.desktop.AppDesktopPane[0]/com.amdocs.oms.phd.order.OrderingFrameworkPHD/javax.swing.JRootPane[0]/null.layeredPane/root/javax.swing.JViewport[0]/root/pnlActivityArea/root/pnlExisting/[[Name:TxtExAddressLine2][ClassName:com.amdocs.uif.widgets.TextFieldNative$1]]" />
<ActInputValue Guid="465f709a-bd02-4ba1-a4d1-84e83f18d2a7" Param="IsWidgetsElement" ParentGuid="00000000-0000-0000-0000-000000000000" Value="false" />
<ActInputValue Guid="54731dee-e74f-421c-8808-dc55b4a4bc97" Param="WaitforIdle" ParentGuid="00000000-0000-0000-0000-000000000000" Value="None" />
</InputValues>

<ReturnValues>
<ActReturnValue Active="True" Guid="32a2cb09-37d3-4e48-9ff8-6fe74805b78a" mExpected="true" Operator="Equals" Param="Actual0" ParentGuid="00000000-0000-0000-0000-000000000000" StoreTo="None" />
</ReturnValues>
</ActUIElement>
<ActUIElement Active="True" Description="SetText : TxtExAddressLine2" Guid="aec1ac56-054b-4103-a4b0-fde2009a3c77" MaxNumberOfRetries="2" ParentGuid="00000000-0000-0000-0000-000000000000" Platform="Java" RetryMechanismInterval="5" StatusConverter="None" TakeScreenShot="True" WaitVE="0" WindowsToCapture="OnlyActiveWindow">
<InputValues>
<ActInputValue Guid="5968fbb0-b089-4b3c-81c8-ae092883cb8c" Param="ElementAction" ParentGuid="00000000-0000-0000-0000-000000000000" Value="SetText" />
<ActInputValue Guid="31dd343f-dcc3-4841-b0e0-7f328bbfcfed" Param="ElementType" ParentGuid="00000000-0000-0000-0000-000000000000" Value="TextBox" />
<ActInputValue Guid="46ac6f24-66bb-4e64-917d-4c6aec0835e2" Param="Value" ParentGuid="00000000-0000-0000-0000-000000000000" Value="Sanity 1 - {CS Exp=DateTime.Today}" />
<ActInputValue Guid="c27e7a54-b7a7-4db0-bf27-9549188c1d82" Param="ElementLocateBy" ParentGuid="00000000-0000-0000-0000-000000000000" Value="ByXPath" />
<ActInputValue Guid="89429a3b-5ec3-40bb-8a7d-b932587e4a0f" Param="ElementLocateValue" ParentGuid="00000000-0000-0000-0000-000000000000" Value="/javax.swing.JRootPane[0]/null.layeredPane/null.contentPane/javax.swing.JSplitPane[0]/com.amdocs.uif.workspace.desktop.AppDesktopPane[0]/com.amdocs.oms.phd.order.OrderingFrameworkPHD/javax.swing.JRootPane[0]/null.layeredPane/root/javax.swing.JViewport[0]/root/pnlActivityArea/root/pnlExisting/[[Name:TxtExAddressLine2][ClassName:com.amdocs.uif.widgets.TextFieldNative$1]]" />
<ActInputValue Guid="7c308ff3-57e2-4f90-8978-55cb96024363" Param="IsWidgetsElement" ParentGuid="00000000-0000-0000-0000-000000000000" Value="false" />
<ActInputValue Guid="f51a6f55-8a59-4f1b-a7b3-dc601f218c0f" Param="WaitforIdle" ParentGuid="00000000-0000-0000-0000-000000000000" Value="None" />
</InputValues>
</ActUIElement>
<ActUIElement Active="True" Description="SetValue : First name" Guid="2f7c0202-7dd6-4385-bf35-ed302542d7bb" MaxNumberOfRetries="2" ParentGuid="00000000-0000-0000-0000-000000000000" Platform="Java" RetryMechanismInterval="5" StatusConverter="None" TakeScreenShot="True" WaitVE="0" WindowsToCapture="OnlyActiveWindow">
<InputValues>
<ActInputValue Guid="c5312ac8-1c1e-479c-aeb6-0f81d33130bc" Param="ElementAction" ParentGuid="00000000-0000-0000-0000-000000000000" Value="SetValue" />
<ActInputValue Guid="c0951d4f-bcd4-4b4a-bd99-984de95db067" Param="ElementType" ParentGuid="00000000-0000-0000-0000-000000000000" Value="TextBox" />
<ActInputValue Guid="dedd8ca1-8f6e-4002-bc16-87358be4399a" Param="Value" ParentGuid="00000000-0000-0000-0000-000000000000" Value="Sanity" />
<ActInputValue Guid="f3fefe74-1f36-4b56-9544-83303ee2d661" Param="ElementLocateBy" ParentGuid="00000000-0000-0000-0000-000000000000" Value="ByXPath" />
<ActInputValue Guid="5ceb849a-44cc-47d8-b020-51af2db9900d" Param="ElementLocateValue" ParentGuid="00000000-0000-0000-0000-000000000000" Value="/javax.swing.JRootPane[0]/null.layeredPane/null.contentPane/javax.swing.JSplitPane[0]/com.amdocs.uif.workspace.desktop.AppDesktopPane[0]/com.amdocs.oms.phd.order.OrderingFrameworkPHD/javax.swing.JRootPane[0]/null.layeredPane/root/javax.swing.JViewport[0]/root/pnlActivityArea/root/pnlContact/[[Name:Textfield_73][ClassName:com.amdocs.uif.widgets.TextFieldNative$1]]" />
<ActInputValue Guid="49bc35c0-7892-4e46-ac94-904e61f01f3a" Param="IsWidgetsElement" ParentGuid="00000000-0000-0000-0000-000000000000" Value="false" />
<ActInputValue Guid="0fb06798-ff07-420b-8961-ecde7b6b6e6a" Param="WaitforIdle" ParentGuid="00000000-0000-0000-0000-000000000000" Value="None" />
</InputValues>
</ActUIElement>
<ActUIElement Active="True" Description="SetValue : last name" Guid="b673101a-c9d0-4461-855f-dc989802db3b" MaxNumberOfRetries="2" ParentGuid="00000000-0000-0000-0000-000000000000" Platform="Java" RetryMechanismInterval="5" StatusConverter="None" TakeScreenShot="True" WaitVE="0" WindowsToCapture="OnlyActiveWindow">
<InputValues>
<ActInputValue Guid="454dc0f7-1f19-4a4b-a606-2dcbe1759e61" Param="ElementAction" ParentGuid="00000000-0000-0000-0000-000000000000" Value="SetValue" />
<ActInputValue Guid="d734b33f-3284-4414-8cd8-0d794c8562c4" Param="ElementType" ParentGuid="00000000-0000-0000-0000-000000000000" Value="TextBox" />
<ActInputValue Guid="925ff46a-45fc-44a6-b6f1-7091fac7427c" Param="Value" ParentGuid="00000000-0000-0000-0000-000000000000" Value="Test" />
<ActInputValue Guid="f2acc811-3f9e-4ba1-a28b-6362a8a9cd45" Param="ElementLocateBy" ParentGuid="00000000-0000-0000-0000-000000000000" Value="ByXPath" />
<ActInputValue Guid="c636600b-01d7-41f9-b8ce-4180144533b9" Param="ElementLocateValue" ParentGuid="00000000-0000-0000-0000-000000000000" Value="/javax.swing.JRootPane[0]/null.layeredPane/null.contentPane/javax.swing.JSplitPane[0]/com.amdocs.uif.workspace.desktop.AppDesktopPane[0]/com.amdocs.oms.phd.order.OrderingFrameworkPHD/javax.swing.JRootPane[0]/null.layeredPane/root/javax.swing.JViewport[0]/root/pnlActivityArea/root/pnlContact/[[Name:Textfield_74][ClassName:com.amdocs.uif.widgets.TextFieldNative$1]]" />
<ActInputValue Guid="78304438-eb67-4083-9259-fde7ab4acabb" Param="IsWidgetsElement" ParentGuid="00000000-0000-0000-0000-000000000000" Value="false" />
<ActInputValue Guid="bc014d55-5b83-46e9-ad15-72c7ad03673a" Param="WaitforIdle" ParentGuid="00000000-0000-0000-0000-000000000000" Value="None" />
</InputValues>
</ActUIElement>
<ActUIElement Active="True" Description="SetValue : Phone number" Guid="6a172dcd-b207-4809-a43d-4a17372fd48f" MaxNumberOfRetries="2" ParentGuid="00000000-0000-0000-0000-000000000000" Platform="Java" RetryMechanismInterval="5" StatusConverter="None" TakeScreenShot="True" WaitVE="0" WindowsToCapture="OnlyActiveWindow">
<InputValues>
<ActInputValue Guid="7ff77bc3-63b3-4316-b0b8-4bbef82dc6d0" Param="ElementAction" ParentGuid="00000000-0000-0000-0000-000000000000" Value="SetValue" />
<ActInputValue Guid="978c6975-fdc9-49a8-8228-68e265a83bdf" Param="ElementType" ParentGuid="00000000-0000-0000-0000-000000000000" Value="TextBox" />
<ActInputValue Guid="34d1ea58-8119-4c1b-87b0-616bae311cef" Param="Value" ParentGuid="00000000-0000-0000-0000-000000000000" Value="1112223333" />
<ActInputValue Guid="73b64842-0812-406b-b0e8-a8c1209ebdb8" Param="ElementLocateBy" ParentGuid="00000000-0000-0000-0000-000000000000" Value="ByXPath" />
<ActInputValue Guid="afdc5d41-906b-4191-b05f-19b60ad951f1" Param="ElementLocateValue" ParentGuid="00000000-0000-0000-0000-000000000000" Value="/javax.swing.JRootPane[0]/null.layeredPane/null.contentPane/javax.swing.JSplitPane[0]/com.amdocs.uif.workspace.desktop.AppDesktopPane[0]/com.amdocs.oms.phd.order.OrderingFrameworkPHD/javax.swing.JRootPane[0]/null.layeredPane/root/javax.swing.JViewport[0]/root/pnlActivityArea/root/pnlContact/[[Name:Textfield_75][ClassName:com.amdocs.uif.widgets.TextFieldNative$1]]" />
<ActInputValue Guid="2759575f-7da1-40eb-a20c-5deac3211f76" Param="IsWidgetsElement" ParentGuid="00000000-0000-0000-0000-000000000000" Value="false" />
<ActInputValue Guid="7faa4595-9d76-4bd5-99a9-3d530e1e44cf" Param="WaitforIdle" ParentGuid="00000000-0000-0000-0000-000000000000" Value="None" />
</InputValues>
</ActUIElement>
<ActUIElement Active="True" Description="Click : btnNextStep" Guid="f1abf436-6930-4233-b6e2-2adfc115cb65" MaxNumberOfRetries="2" ParentGuid="00000000-0000-0000-0000-000000000000" Platform="NA" RetryMechanismInterval="5" StatusConverter="None" TakeScreenShot="True" WaitVE="0" WindowsToCapture="OnlyActiveWindow">
<InputValues>
<ActInputValue Guid="18ce9d10-2a61-481c-a60d-7c20ff2f4f16" Param="ElementAction" ParentGuid="00000000-0000-0000-0000-000000000000" Value="Click" />
<ActInputValue Guid="bd59fb54-7eee-47c4-89d6-827edb6aad5b" Param="ElementType" ParentGuid="00000000-0000-0000-0000-000000000000" Value="Button" />
<ActInputValue Guid="0c48ea30-0a9a-4e26-9665-fafc83c5b420" Param="Value" ParentGuid="00000000-0000-0000-0000-000000000000" />
<ActInputValue Guid="a35289e4-c854-4851-91d3-333ad1b4d5c0" Param="ElementLocateBy" ParentGuid="00000000-0000-0000-0000-000000000000" Value="ByXPath" />
<ActInputValue Guid="0c7d9025-8c87-44c3-9864-31ee648a8b84" Param="ElementLocateValue" ParentGuid="00000000-0000-0000-0000-000000000000" Value="/javax.swing.JRootPane[0]/null.layeredPane/null.contentPane/javax.swing.JSplitPane[0]/com.amdocs.uif.workspace.desktop.AppDesktopPane[0]/com.amdocs.oms.phd.order.OrderingFrameworkPHD/javax.swing.JRootPane[0]/null.layeredPane/root/javax.swing.JViewport[0]/root/pnlNavigationButtons/[[Name:btnNextStep][ClassName:com.amdocs.uif.widgets.ButtonNative$JXButton]]" />
<ActInputValue Guid="79d2441e-029e-4f58-9e8e-d90dbeeb4226" Param="ValueToSelect" ParentGuid="00000000-0000-0000-0000-000000000000" />
</InputValues>
</ActUIElement>
</Acts>
</Activity>
</Activities>

<ActivitiesGroups>
<ActivitiesGroup Guid="24956ee1-8c2e-48c7-8e9a-dcc07f8577a3" Name="Input tenant details - Negotiate select address and contact activity screen" ParentGuid="00000000-0000-0000-0000-000000000000">
<ActivitiesIdentifiers>
<ActivityIdentifiers ActivityAutomationStatus="Development" ActivityGuid="2ff9295b-0cd1-4e58-9be8-541e97d8cd69" ActivityName="Input tenant details - Negotiate select address and contact activity screen" Guid="e9832e95-730c-4ce7-95f4-32433284c531" ParentGuid="00000000-0000-0000-0000-000000000000" />
</ActivitiesIdentifiers>
</ActivitiesGroup>
</ActivitiesGroups>

<TargetApplications>
<TargetApplication AppName="MyJavaApp" Guid="c48d62c4-d2aa-4de7-9466-ca3847914e62" ParentGuid="00000000-0000-0000-0000-000000000000" />
<TargetApplication AppName="Mediation" Guid="21b6b548-c718-4492-bc47-765c649543ce" ParentGuid="00000000-0000-0000-0000-000000000000" />
<TargetApplication AppName="MyWindowsApp" Guid="6c4b3c7c-3a81-4994-b688-187f9c82b705" ParentGuid="00000000-0000-0000-0000-000000000000" />
<TargetApplication AppName="MyWebApp" Guid="8e93a424-43d8-49ed-92eb-4f437c388d9c" ParentGuid="00000000-0000-0000-0000-000000000000" />
</TargetApplications>
</BusinessFlow></GingerRepositoryItem>