﻿<?xml version="1.0" encoding="utf-8"?>
<GingerRepositoryItem><Header ItemGuid="c12f7ec2-1e0a-4da0-a1d7-041df5a5cc6e" ItemType="ActBrowserElement" CreatedBy="christian.poblete" Created="202101082048" GingerVersion="3.6.0.0" Version="1" LastUpdateBy="christian.poblete" LastUpdate="202101082048" />
<ActBrowserElement Active="True" Description="Initialize Browser Automatically - JExplorerBrowser" EnableRetryMechanism="True" Guid="c12f7ec2-1e0a-4da0-a1d7-041df5a5cc6e" ImplicitWait="60" MaxNumberOfRetries="11" ParentGuid="00000000-0000-0000-0000-000000000000" Platform="Java" RetryMechanismInterval="3" StatusConverter="None" WaitVE="0" WindowsToCapture="OnlyActiveWindow">
<InputValues>
<ActInputValue Guid="98a6b3d3-e459-402f-a7ce-0e4b1d93d7ff" Param="LocateBy" ParentGuid="00000000-0000-0000-0000-000000000000" Value="ByXPath" />
<ActInputValue Guid="b8e9c6b2-f038-4ff0-a223-c6b9aed22f28" Param="LocateValue" ParentGuid="00000000-0000-0000-0000-000000000000" Value="//com.amdocs.uif.widgets.browser.JxBrowserBrowserComponent[0]" />
<ActInputValue Guid="642af90f-bd01-4a1b-9499-619c11615e5f" Param="Value" ParentGuid="00000000-0000-0000-0000-000000000000" />
<ActInputValue Guid="6e761e8c-959b-43f4-a4a0-a77496a37e14" Param="ControlAction" ParentGuid="00000000-0000-0000-0000-000000000000" Value="InitializeBrowser" />
<ActInputValue Guid="5776fbad-3a9b-42da-afdd-86d9aaf8c5e3" Param="PomGUID" ParentGuid="00000000-0000-0000-0000-000000000000" />
<ActInputValue Guid="d33b73f7-c606-46d2-a31b-a94902cf8157" Param="GotoURLType" ParentGuid="00000000-0000-0000-0000-000000000000" Value="Current" />
<ActInputValue Guid="3e0ee7fb-15f1-4359-9c6d-048144cc6ac1" Param="URLSrc" ParentGuid="00000000-0000-0000-0000-000000000000" Value="Static" />
</InputValues>
</ActBrowserElement></GingerRepositoryItem>