﻿<?xml version="1.0" encoding="utf-8"?>
<GingerRepositoryItem><Header ItemGuid="f8bdf68e-27cd-413b-b383-d0576637a3c6" ItemType="RunSetConfig" CreatedBy="christian.poblete" Created="202101090649" GingerVersion="3.6.0.0" Version="1" LastUpdateBy="christian.poblete" LastUpdate="202101090649" />
<RunSetConfig Guid="f8bdf68e-27cd-413b-b383-d0576637a3c6" Name="Default Calendar" ParentGuid="00000000-0000-0000-0000-000000000000">
<GingerRunners>
<GingerRunner Guid="d289dc08-04be-4286-82b4-2906fc1efb2c" Name="Runner 1" ParentGuid="00000000-0000-0000-0000-000000000000" RunOption="ContinueToRunall">
<ApplicationAgents>
<ApplicationAgent AgentID="a0b55f2d-f499-4e36-8cd3-33fe41109aa0" AgentName="MyJavaApp - Agent 1" AppID="acb0db6c-991d-4c19-9f8b-3af32ef6cc3f" AppName="MyJavaApp" Guid="65b5b62c-5b3c-4bef-bd47-02d5c0d53d52" ParentGuid="00000000-0000-0000-0000-000000000000" />
<ApplicationAgent AgentID="601643f3-9c6d-42c4-a730-4bf2c548d223" AgentName="Windows Virtual" AppID="f0cb9d7a-c59a-485f-ad30-1d1ca1b75f71" AppName="MyWindowsApp" Guid="fb17754c-350e-4c91-a55c-c14ed3d56af2" ParentGuid="00000000-0000-0000-0000-000000000000" />
<ApplicationAgent AgentID="9e4d1b59-5c92-4b82-8dd3-5770cf37d4ff" AgentName="Unix Virtual" AppID="d2611ab1-0a6a-4519-913a-b31a5d18baa3" AppName="Mediation" Guid="42bd2c31-a2af-4eab-9535-70fd2c985810" ParentGuid="00000000-0000-0000-0000-000000000000" />
</ApplicationAgents>

<BusinessFlowsRunList>
<BusinessFlowRun BusinessFlowGuid="eb87a959-dab6-44ca-a5e0-3aa7b79c59a2" BusinessFlowInstanceGuid="abdee6ff-5632-437d-a2c4-dbb47599cf59" BusinessFlowIsActive="True" BusinessFlowName="Provide Bulk" Guid="c4ed5290-4677-408d-9400-e1caadc232c6" ParentGuid="00000000-0000-0000-0000-000000000000" />
</BusinessFlowsRunList>
</GingerRunner>
</GingerRunners>
</RunSetConfig></GingerRepositoryItem>