﻿<?xml version="1.0" encoding="utf-8"?>
<GingerRepositoryItem><Header ItemGuid="aa23d1fd-8a66-496a-8c22-83b66ae45bed" ItemType="RunSetConfig" CreatedBy="christian.poblete" Created="202102222005" GingerVersion="3.6.0.0" Version="56" LastUpdateBy="christian.poblete" LastUpdate="202102242110" />
<RunSetConfig Guid="aa23d1fd-8a66-496a-8c22-83b66ae45bed" Name="Sanity" ParentGuid="00000000-0000-0000-0000-000000000000">
<GingerRunners>
<GingerRunner Guid="b2503169-6539-4c2d-951f-5885e49d3e61" Name="Runner 1" ParentGuid="00000000-0000-0000-0000-000000000000" RunOption="ContinueToRunall">
<ApplicationAgents>
<ApplicationAgent AgentID="a0b55f2d-f499-4e36-8cd3-33fe41109aa0" AgentName="MyJavaApp - Agent 1" AppID="acb0db6c-991d-4c19-9f8b-3af32ef6cc3f" AppName="MyJavaApp" Guid="fd604764-7b8b-4f3e-a8e2-1cabbd3b2206" ParentGuid="00000000-0000-0000-0000-000000000000" />
<ApplicationAgent AgentID="46b79c4e-edcb-4646-921a-08e8fcdd5e79" AgentName="Unix" AppID="d2611ab1-0a6a-4519-913a-b31a5d18baa3" AppName="Mediation" Guid="208f65b8-a4cd-4300-9278-3e786e5e787f" ParentGuid="00000000-0000-0000-0000-000000000000" />
<ApplicationAgent AgentID="f101ee98-2b3d-4739-b72a-c2f1cfcc54fb" AgentName="Windows" AppID="f0cb9d7a-c59a-485f-ad30-1d1ca1b75f71" AppName="MyWindowsApp" Guid="f71e0aa0-7d15-43e6-aed1-4b8cd4e3ef77" ParentGuid="00000000-0000-0000-0000-000000000000" />
<ApplicationAgent AgentID="e8a9560e-92eb-430c-a2df-49bd2b79aa7e" AgentName="Web" AppID="603cb77f-e66c-4c95-a39a-596bac7907bf" AppName="MyWebApp" Guid="93b32b75-d265-401e-9fd3-1d7bc357cfed" ParentGuid="00000000-0000-0000-0000-000000000000" />
</ApplicationAgents>

<BusinessFlowsRunList>
<BusinessFlowRun BusinessFlowGuid="2c890ff1-bd3b-46b2-a0af-cb6e54a144f5" BusinessFlowInstanceGuid="1dd20105-2b4b-4a38-b2d3-86f49182e190" BusinessFlowIsActive="True" BusinessFlowName="Create new customer and billing profile - Individual" Guid="2ac08ad9-8a21-4546-b755-c82ce1f0cf30" ParentGuid="00000000-0000-0000-0000-000000000000" />
<BusinessFlowRun BusinessFlowGuid="fd1ba382-6a30-44e3-a726-718f50955ad6" BusinessFlowInstanceGuid="858c5cd7-9c8f-42a7-8d37-dc9a34697cee" BusinessFlowIsActive="True" BusinessFlowName="COP - Individual Provide Order (Individual Tenant offer type)" Guid="b5cca256-c829-4f27-9c3f-f2ba4b4c0c19" ParentGuid="00000000-0000-0000-0000-000000000000" />
<BusinessFlowRun BusinessFlowGuid="0e3e73bd-7c0a-4d95-9d90-c6e31e78cdf0" BusinessFlowInstanceGuid="4d117829-c672-4977-9749-e6f5f4a2f5bb" BusinessFlowIsActive="True" BusinessFlowName="CHQ - Cease - Sanity indivual cease order" Guid="e34c9489-cf59-4ea3-b4bc-80c619aebb17" ParentGuid="00000000-0000-0000-0000-000000000000" />
<BusinessFlowRun BusinessFlowGuid="d54e74a0-ff6c-47f2-ab65-a392e89ea0de" BusinessFlowInstanceGuid="f96cead5-6a94-42ce-82a2-5762490d9caa" BusinessFlowIsActive="True" BusinessFlowName="CHQ - Suspend order Individual" Guid="64934ef6-83f5-44b8-b058-71a61af69a1b" ParentGuid="00000000-0000-0000-0000-000000000000" />
<BusinessFlowRun BusinessFlowGuid="12afefd6-764e-4eee-a57d-17abb76a1c13" BusinessFlowInstanceGuid="8e39fe40-b3ed-4e1c-b10e-b125a77fb497" BusinessFlowIsActive="True" BusinessFlowName="CHQ - Resume order Individual" Guid="c1764032-ca33-4b7e-a359-204e354eda30" ParentGuid="00000000-0000-0000-0000-000000000000" />
<BusinessFlowRun BusinessFlowGuid="f2d8ce88-b630-44d9-a4c3-1be067c921b7" BusinessFlowInstanceGuid="b07b951f-874c-4bdc-93fc-0ed295f5f1aa" BusinessFlowIsActive="True" BusinessFlowName="CHQ - Sanity Change order(replace add on and/or equipment) Individual" Guid="f1151dc6-72e8-4d9f-a058-bb3fdac61235" ParentGuid="00000000-0000-0000-0000-000000000000" />
<BusinessFlowRun BusinessFlowGuid="0a417168-8f9e-4c6d-9b3e-2ca13c8e4447" BusinessFlowInstanceGuid="ab1c7812-e1c2-46da-af08-d936d7802e76" BusinessFlowIsActive="True" BusinessFlowName="CHQ - Individual Reestablish order" Guid="62ad1883-6f46-4dde-8f48-231faeef013f" ParentGuid="00000000-0000-0000-0000-000000000000" />
<BusinessFlowRun BusinessFlowGuid="88177370-dd0c-4364-a17c-5e42b2db7291" BusinessFlowInstanceGuid="1f5bd188-d2ad-4c0a-81b6-36fcba07e6f8" BusinessFlowIsActive="True" BusinessFlowName="Create new customer and billing profile - Incremental" Guid="52f9e2fd-6587-4482-a19a-a2751d381e85" ParentGuid="00000000-0000-0000-0000-000000000000" />
<BusinessFlowRun BusinessFlowGuid="dacbe0b6-c0af-471f-be84-3c1e6a9da373" BusinessFlowInstanceGuid="fdae3d7d-9961-4e6a-b920-178961d022b1" BusinessFlowIsActive="True" BusinessFlowName="COP - Incremental Provide Order" Guid="a99eebe3-532b-480c-8089-6211cc454d5f" ParentGuid="00000000-0000-0000-0000-000000000000" />
<BusinessFlowRun BusinessFlowGuid="30d6f019-d607-4bfd-9922-fa7ebf94c134" BusinessFlowInstanceGuid="1ee06c0e-9779-4d4e-83b2-961242926863" BusinessFlowIsActive="True" BusinessFlowName="CHQ - Cease - Sanity incremental cease order" Guid="a8f867e7-9f0e-434b-b574-d4d89449b0a6" ParentGuid="00000000-0000-0000-0000-000000000000" />
<BusinessFlowRun BusinessFlowGuid="34dae85e-f1bb-4755-b27d-a87f8773bae5" BusinessFlowInstanceGuid="b69c57cb-4649-42b3-940b-ed3ae87f82f2" BusinessFlowIsActive="True" BusinessFlowName="CHQ - Suspend order Incremental" Guid="ec7abd58-8145-4cc8-b46f-b99ed900af92" ParentGuid="00000000-0000-0000-0000-000000000000" />
<BusinessFlowRun BusinessFlowGuid="454761b6-a2b9-4a13-a407-2aa9582cd5a5" BusinessFlowInstanceGuid="0e547edd-4f09-4204-8d0e-da117457a3b5" BusinessFlowIsActive="True" BusinessFlowName="CHQ - Resume order Incremental" Guid="8e2b6361-6af4-43df-a564-032db1b7f33b" ParentGuid="00000000-0000-0000-0000-000000000000" />
<BusinessFlowRun BusinessFlowGuid="409c7411-e07d-40d8-bd75-09898530d7f0" BusinessFlowInstanceGuid="0bd9134c-c367-404b-b9af-f59000d82b04" BusinessFlowIsActive="True" BusinessFlowName="CHQ - Sanity Change order(replace add on and/or equipment) - Incremental" Guid="ded2f844-0aa3-4696-95a5-ef322b31c908" ParentGuid="00000000-0000-0000-0000-000000000000" />
<BusinessFlowRun BusinessFlowGuid="12d947f0-5f5a-4065-9d11-9d3f48693e79" BusinessFlowInstanceGuid="41cd6b13-4e7b-4e4c-bd7b-40ac12c04069" BusinessFlowIsActive="True" BusinessFlowName="CHQ - Incremental Reestablish order" Guid="6f39be69-1a24-408c-a0b0-39796eb957cc" ParentGuid="00000000-0000-0000-0000-000000000000" />
<BusinessFlowRun BusinessFlowGuid="bbb1461a-0f05-4342-9861-f7f1b1c1557e" BusinessFlowInstanceGuid="ab9e5e47-075e-4781-aa2d-d0e6f5d1bb8f" BusinessFlowIsActive="True" BusinessFlowName="Create new customer and billing profile - Bulk" Guid="c529c70c-33f2-4551-a9eb-83b2dcaf5b7d" ParentGuid="00000000-0000-0000-0000-000000000000" />
<BusinessFlowRun BusinessFlowGuid="44571b7e-0b4c-4642-9ced-1f6354a1683b" BusinessFlowInstanceGuid="3e48ad50-04d8-4983-bdd5-e106a03d502a" BusinessFlowIsActive="True" BusinessFlowName="COP - Bulk Provide Order_" Guid="a1c04c66-8d2e-42b5-9c9b-00f46ec6c68b" ParentGuid="00000000-0000-0000-0000-000000000000" />
<BusinessFlowRun BusinessFlowGuid="fd6f54ce-0dbc-4806-bc81-add8fde6bb2e" BusinessFlowInstanceGuid="128e183b-6148-4deb-a6cd-c2bdce232df2" BusinessFlowIsActive="True" BusinessFlowName="CHQ - Cease - Sanity Bulk cease order" Guid="39bd1db7-a6d6-45e6-aeea-48e81f6efb78" ParentGuid="00000000-0000-0000-0000-000000000000" />
<BusinessFlowRun BusinessFlowGuid="72590b78-92ba-4eae-9b81-4334ad3abf89" BusinessFlowInstanceGuid="1009a9b5-7b76-47f8-b185-10293b232971" BusinessFlowIsActive="True" BusinessFlowName="CHQ - Bulk Suspend order (Including MCO)" Guid="aeb81dbf-644c-4b39-8569-f6dc4ea97eff" ParentGuid="00000000-0000-0000-0000-000000000000" />
<BusinessFlowRun BusinessFlowGuid="753e1505-92f2-48bd-bf84-66da2903ce79" BusinessFlowInstanceGuid="11158c9f-b4f7-4371-99ab-b60b25694a35" BusinessFlowIsActive="True" BusinessFlowName="CHQ - Bulk Resume order (Including MCO)" Guid="533f2f56-4eff-4ccc-909e-db16c310a230" ParentGuid="00000000-0000-0000-0000-000000000000" />
<BusinessFlowRun BusinessFlowGuid="d40ed8a6-48d1-4b12-9f13-ef76b9dcfe8d" BusinessFlowInstanceGuid="1b308c58-08ac-43ab-91f6-a442b2d198f5" BusinessFlowIsActive="True" BusinessFlowName="CHQ - Bulk Change order(replace add on and/or equipment)" Guid="8eda4b0f-28e0-4f4f-8980-223b98f2bb4c" ParentGuid="00000000-0000-0000-0000-000000000000" />
<BusinessFlowRun BusinessFlowGuid="0fe0541a-5da6-4487-8311-59147c5580af" BusinessFlowInstanceGuid="61b15819-91e8-4d03-96d0-45f76fc6f320" BusinessFlowIsActive="True" BusinessFlowName="CHQ - Bulk Reestablish order (Including MCO)" Guid="242f53e1-3751-42c8-adc3-cc0f6733686c" ParentGuid="00000000-0000-0000-0000-000000000000" />
<BusinessFlowRun BusinessFlowGuid="480b2fd1-aaba-497c-b1b8-a36728ff5eae" BusinessFlowInstanceGuid="ff6b8e7b-38a6-4e34-ab56-235874ff5482" BusinessFlowIsActive="True" BusinessFlowName="CHQ - Change Ownership order (Including MCO)" Guid="22a3ca54-1598-4e95-8ce8-483fc71ce23f" ParentGuid="00000000-0000-0000-0000-000000000000" />
<BusinessFlowRun BusinessFlowGuid="34b8fe6d-0cfa-49a2-b961-3918731c9197" BusinessFlowInstanceGuid="99f79bd0-8b2a-4901-927f-ae01a6f79cdd" BusinessFlowIsActive="True" BusinessFlowName="Sanity - View PDF Bill" Guid="5297060c-9cc3-4bed-921d-c789c0c6f02f" ParentGuid="00000000-0000-0000-0000-000000000000" />
</BusinessFlowsRunList>
</GingerRunner>
</GingerRunners>
</RunSetConfig></GingerRepositoryItem>