﻿<?xml version="1.0" encoding="utf-8"?>
<GingerRepositoryItem><Header ItemGuid="f8bdf68e-27cd-413b-b383-d0576637a3c6" ItemType="RunSetConfig" CreatedBy="christian.poblete" Created="202102012113" GingerVersion="3.6.0.0" Version="1" LastUpdateBy="christian.poblete" LastUpdate="202102012113" />
<RunSetConfig Guid="f8bdf68e-27cd-413b-b383-d0576637a3c6" Name="Default Calendar" ParentGuid="00000000-0000-0000-0000-000000000000">
<GingerRunners>
<GingerRunner Guid="d289dc08-04be-4286-82b4-2906fc1efb2c" Name="Runner 1" ParentGuid="00000000-0000-0000-0000-000000000000" RunOption="ContinueToRunall">
<ApplicationAgents>
<ApplicationAgent AgentID="a0b55f2d-f499-4e36-8cd3-33fe41109aa0" AgentName="MyJavaApp - Agent 1" AppID="acb0db6c-991d-4c19-9f8b-3af32ef6cc3f" AppName="MyJavaApp" Guid="65b5b62c-5b3c-4bef-bd47-02d5c0d53d52" ParentGuid="00000000-0000-0000-0000-000000000000" />
<ApplicationAgent AgentID="e8a9560e-92eb-430c-a2df-49bd2b79aa7e" AgentName="Web" AppID="603cb77f-e66c-4c95-a39a-596bac7907bf" AppName="MyWebApp" Guid="bf845f5b-e2fb-4c29-88f2-2d80584f0764" ParentGuid="00000000-0000-0000-0000-000000000000" />
<ApplicationAgent AgentID="f101ee98-2b3d-4739-b72a-c2f1cfcc54fb" AgentName="Windows" AppID="f0cb9d7a-c59a-485f-ad30-1d1ca1b75f71" AppName="MyWindowsApp" Guid="4e895b85-d3de-42d7-839f-552ec8838dea" ParentGuid="00000000-0000-0000-0000-000000000000" />
<ApplicationAgent AgentID="46b79c4e-edcb-4646-921a-08e8fcdd5e79" AgentName="Unix" AppID="d2611ab1-0a6a-4519-913a-b31a5d18baa3" AppName="Mediation" Guid="6ae1f3c5-a2ec-4a48-91fe-86f6fb45870f" ParentGuid="00000000-0000-0000-0000-000000000000" />
</ApplicationAgents>

<BusinessFlowsRunList>
<BusinessFlowRun BusinessFlowGuid="eb87a959-dab6-44ca-a5e0-3aa7b79c59a2" BusinessFlowInstanceGuid="abdee6ff-5632-437d-a2c4-dbb47599cf59" BusinessFlowName="Simplified Sanity" Guid="29ed034d-196b-40ec-aacd-d135bfb775f8" ParentGuid="00000000-0000-0000-0000-000000000000" />
<BusinessFlowRun BusinessFlowGuid="d40ed8a6-48d1-4b12-9f13-ef76b9dcfe8d" BusinessFlowInstanceGuid="a8d2b30b-d05f-45fe-8cba-25190b54fafd" BusinessFlowIsActive="True" BusinessFlowName="CHQ - Sanity Change order(replace add on and/or equipment)" Guid="bd449bfa-a971-4f17-becf-87688bcd74fa" ParentGuid="00000000-0000-0000-0000-000000000000" />
<BusinessFlowRun BusinessFlowGuid="fd1ba382-6a30-44e3-a726-718f50955ad6" BusinessFlowInstanceGuid="08221555-490b-4175-8011-909e28b9d9fe" BusinessFlowName="COP - Individual Provide Order (Individual Tenant offer type)" Guid="ebd71f82-f9ed-46ef-b1d2-278c23d9f6eb" ParentGuid="00000000-0000-0000-0000-000000000000" />
<BusinessFlowRun BusinessFlowGuid="0e3e73bd-7c0a-4d95-9d90-c6e31e78cdf0" BusinessFlowInstanceGuid="f77a22b8-6e47-4997-9a9f-24020defbb1c" BusinessFlowName="CHQ - Cease - Sanity indivual cease order" Guid="55a408fb-4b26-402d-b1f0-7caa597a6d99" ParentGuid="00000000-0000-0000-0000-000000000000" />
<BusinessFlowRun BusinessFlowGuid="34b8fe6d-0cfa-49a2-b961-3918731c9197" BusinessFlowInstanceGuid="dc92aa06-be5a-4a7b-9d10-d00666eaf662" BusinessFlowName="Sanity - View PDF Bill" Guid="0c8fa57b-67e4-4f09-9bfb-e6b55ed81d2f" ParentGuid="00000000-0000-0000-0000-000000000000" />
</BusinessFlowsRunList>
</GingerRunner>
</GingerRunners>
</RunSetConfig></GingerRepositoryItem>